workspace,branch,head_sha,working_tree_status,staged_status,file_action,relative_path,previous_path,created_by_recovery,currently_modified,committed,commit_sha,workstream,purpose,validation,classification,intended_for_canonical_product,needs_review,notes
/Users/blackforge/workspace/bwe/repos/repo_clean,friday-release-candidate,c626bcfe1737620d864d2b0a9b85bf028293f195,untracked,?,untracked,.tmp/adminFinanceSummary-testable.mjs,,no,no,no,,tmp,local proof or scratch artifact,,LOCAL_PROOF,no,yes,
/Users/blackforge/workspace/bwe/repos/repo_clean,friday-release-candidate,c626bcfe1737620d864d2b0a9b85bf028293f195,untracked,?,untracked,.tmp/directoryOwnership-env-stub.mjs,,no,no,no,,tmp,local proof or scratch artifact,,LOCAL_PROOF,no,yes,
/Users/blackforge/workspace/bwe/repos/repo_clean,friday-release-candidate,c626bcfe1737620d864d2b0a9b85bf028293f195,untracked,?,untracked,.tmp/directoryOwnership-testable.mjs,,no,no,no,,tmp,local proof or scratch artifact,,LOCAL_PROOF,no,yes,
/Users/blackforge/workspace/bwe/repos/repo_clean,friday-release-candidate,c626bcfe1737620d864d2b0a9b85bf028293f195,untracked,?,untracked,.tmp/directoryProfileContract-testable.mjs,,no,no,no,,tmp,local proof or scratch artifact,,LOCAL_PROOF,no,yes,
/Users/blackforge/workspace/bwe/repos/repo_clean,friday-release-candidate,c626bcfe1737620d864d2b0a9b85bf028293f195,untracked,?,untracked,.tmp/directoryPublicVisibility-testable.mjs,,no,no,no,,tmp,local proof or scratch artifact,,LOCAL_PROOF,no,yes,
/Users/blackforge/workspace/bwe/repos/repo_clean,friday-release-candidate,c626bcfe1737620d864d2b0a9b85bf028293f195,untracked,?,untracked,.tmp/founding-membership-testable.mjs,,no,no,no,,tmp,local proof or scratch artifact,,LOCAL_PROOF,no,yes,
/Users/blackforge/workspace/bwe/repos/repo_clean,friday-release-candidate,c626bcfe1737620d864d2b0a9b85bf028293f195,untracked,?,untracked,.tmp/imageResolver-testable.mjs,,no,no,no,,tmp,local proof or scratch artifact,,LOCAL_PROOF,no,yes,
/Users/blackforge/workspace/bwe/repos/repo_clean,friday-release-candidate,c626bcfe1737620d864d2b0a9b85bf028293f195,untracked,?,untracked,.tmp/sponsorListings-testable.mjs,,no,no,no,,tmp,local proof or scratch artifact,,LOCAL_PROOF,no,yes,
/Users/blackforge/workspace/bwe/repos/repo_clean,friday-release-candidate,c626bcfe1737620d864d2b0a9b85bf028293f195,M,,modified,docs/audit-evidence/2026-05-07-093558-controlled-launch-verification/05-desktop-page1.html,,no,yes,no,,audit,preserved audit artifact,,AUDIT_EVIDENCE,no,yes,
/Users/blackforge/workspace/bwe/repos/repo_clean,friday-release-candidate,c626bcfe1737620d864d2b0a9b85bf028293f195,M,,modified,docs/audit-evidence/2026-05-07-093558-controlled-launch-verification/05-desktop-page2.html,,no,yes,no,,audit,preserved audit artifact,,AUDIT_EVIDENCE,no,yes,
/Users/blackforge/workspace/bwe/repos/repo_clean,friday-release-candidate,c626bcfe1737620d864d2b0a9b85bf028293f195,M,,modified,docs/audit-evidence/2026-05-07-093558-controlled-launch-verification/05-mobile-page1.html,,no,yes,no,,audit,preserved audit artifact,,AUDIT_EVIDENCE,no,yes,
/Users/blackforge/workspace/bwe/repos/repo_clean,friday-release-candidate,c626bcfe1737620d864d2b0a9b85bf028293f195,M,,modified,docs/audit-evidence/2026-05-07-093558-controlled-launch-verification/05-mobile-page2.html,,no,yes,no,,audit,preserved audit artifact,,AUDIT_EVIDENCE,no,yes,
/Users/blackforge/workspace/bwe/repos/repo_clean,friday-release-candidate,c626bcfe1737620d864d2b0a9b85bf028293f195,M,,modified,docs/audit-evidence/2026-05-07-093558-controlled-launch-verification/07-desktop-winner-page1.html,,no,yes,no,,audit,preserved audit artifact,,AUDIT_EVIDENCE,no,yes,
/Users/blackforge/workspace/bwe/repos/repo_clean,friday-release-candidate,c626bcfe1737620d864d2b0a9b85bf028293f195,M,,modified,docs/audit-evidence/2026-05-07-093558-controlled-launch-verification/07-desktop-winner-page2.html,,no,yes,no,,audit,preserved audit artifact,,AUDIT_EVIDENCE,no,yes,
/Users/blackforge/workspace/bwe/repos/repo_clean,friday-release-candidate,c626bcfe1737620d864d2b0a9b85bf028293f195,M,,modified,docs/audit-evidence/2026-05-07-093558-controlled-launch-verification/07-mobile-winner-page1.html,,no,yes,no,,audit,preserved audit artifact,,AUDIT_EVIDENCE,no,yes,
/Users/blackforge/workspace/bwe/repos/repo_clean,friday-release-candidate,c626bcfe1737620d864d2b0a9b85bf028293f195,M,,modified,docs/audit-evidence/2026-05-07-093558-controlled-launch-verification/07-mobile-winner-page2.html,,no,yes,no,,audit,preserved audit artifact,,AUDIT_EVIDENCE,no,yes,
/Users/blackforge/workspace/bwe/repos/repo_clean,friday-release-candidate,c626bcfe1737620d864d2b0a9b85bf028293f195,M,,modified,docs/audit-evidence/2026-06-17-directory-category-backfill/approved-display-categories-candidates.json,,no,yes,no,,audit,preserved audit artifact,,AUDIT_EVIDENCE,no,yes,
/Users/blackforge/workspace/bwe/repos/repo_clean,friday-release-candidate,c626bcfe1737620d864d2b0a9b85bf028293f195,M,,modified,docs/BLACK_OPEN_DEFECTS_AND_CLOSURE_QUEUE.md,,no,yes,no,,documentation,"status, ledger, or recovery documentation",,DOCUMENTATION,yes,yes,"Reconciled against canonical code, current HEAD, and closure commits on 2026-08-04."
/Users/blackforge/workspace/bwe/repos/repo_clean,friday-release-candidate,c626bcfe1737620d864d2b0a9b85bf028293f195,M,,modified,docs/BWE_MASTER_TASK_LIST.md,,no,yes,no,,documentation,"status, ledger, or recovery documentation",,DOCUMENTATION,yes,yes,CURRENT SESSION HANDOFF must track live canonical state and active closure queue item.
/Users/blackforge/workspace/bwe/repos/repo_clean,friday-release-candidate,c626bcfe1737620d864d2b0a9b85bf028293f195,untracked,?,untracked,docs/recovery/BWE_COMPLETE_FILE_MANIFEST_CURRENT.csv,,yes,no,no,,documentation,current dirty-tree manifest ledger,dirty-tree file inventory + commit anchors,DOCUMENTATION,yes,yes,"Rebuilt from git status --porcelain=v1 -uall plus canonical commits c626bcfe1737620d864d2b0a9b85bf028293f195, 9f94a83516760f5bd00e9393fd5aaa8a72f5052c, and 21565e4bc45997ba77f40c09412432cc575bce4e."
/Users/blackforge/workspace/bwe/repos/repo_clean,friday-release-candidate,c626bcfe1737620d864d2b0a9b85bf028293f195,M,,modified,src/pages/admin/business-approvals.tsx,,no,yes,no,,application,application page source,"focused admin proof pass on 2026-08-04: dashboard pending businesses 1633 matched queue API total 1633; business approvals page now shows 1-25 of 1633 with paging controls; npm run typecheck pass; node scripts/runtime-check.mjs pass",ACTIVE_APPLICATION_SOURCE,yes,yes,Accepted focused canonical pagination/count repair for admin queue visibility.
/Users/blackforge/workspace/bwe/repos/repo_clean,friday-release-candidate,c626bcfe1737620d864d2b0a9b85bf028293f195,M,,modified,founding_claims_platform_audit.mjs,,no,yes,no,,unclassified,preserved existing working-tree entry,,PRE_EXISTING_DIRTY,no,yes,
/Users/blackforge/workspace/bwe/repos/repo_clean,friday-release-candidate,c626bcfe1737620d864d2b0a9b85bf028293f195,M,,modified,handoff_packages/handoff_final_integrated_53214e4_262e024_v3/src/lib/black-card-membership.ts,,no,yes,no,,handoff,handoff package copy,,HANDOFF_COPY,no,yes,
/Users/blackforge/workspace/bwe/repos/repo_clean,friday-release-candidate,c626bcfe1737620d864d2b0a9b85bf028293f195,M,,modified,handoff_packages/handoff_final_integrated_53214e4_262e024_v3/src/pages/api/admin/black-card/digital-requests.ts,,no,yes,no,,handoff,handoff package copy,,HANDOFF_COPY,no,yes,
/Users/blackforge/workspace/bwe/repos/repo_clean,friday-release-candidate,c626bcfe1737620d864d2b0a9b85bf028293f195,M,,modified,handoff_packages/handoff_final_integrated_53214e4_262e024_v3/src/pages/api/admin/challenge.ts,,no,yes,no,,handoff,handoff package copy,,HANDOFF_COPY,no,yes,
/Users/blackforge/workspace/bwe/repos/repo_clean,friday-release-candidate,c626bcfe1737620d864d2b0a9b85bf028293f195,M,,modified,handoff_packages/handoff_final_integrated_53214e4_262e024_v3/src/pages/api/admin/support/[id].ts,,no,yes,no,,handoff,handoff package copy,,HANDOFF_COPY,no,yes,
/Users/blackforge/workspace/bwe/repos/repo_clean,friday-release-candidate,c626bcfe1737620d864d2b0a9b85bf028293f195,M,,modified,handoff_packages/handoff_final_integrated_53214e4_262e024_v3/src/pages/api/challenge/join.ts,,no,yes,no,,handoff,handoff package copy,,HANDOFF_COPY,no,yes,
/Users/blackforge/workspace/bwe/repos/repo_clean,friday-release-candidate,c626bcfe1737620d864d2b0a9b85bf028293f195,M,,modified,handoff_packages/handoff_final_integrated_53214e4_262e024_v3/src/pages/api/founding-membership/status.ts,,no,yes,no,,handoff,handoff package copy,,HANDOFF_COPY,no,yes,
/Users/blackforge/workspace/bwe/repos/repo_clean,friday-release-candidate,c626bcfe1737620d864d2b0a9b85bf028293f195,M,,modified,handoff_packages/handoff_final_integrated_53214e4_262e024_v4/src/lib/black-card-membership.ts,,no,yes,no,,handoff,handoff package copy,,HANDOFF_COPY,no,yes,
/Users/blackforge/workspace/bwe/repos/repo_clean,friday-release-candidate,c626bcfe1737620d864d2b0a9b85bf028293f195,M,,modified,handoff_packages/handoff_final_integrated_53214e4_262e024_v4/src/pages/api/admin/black-card/digital-requests.ts,,no,yes,no,,handoff,handoff package copy,,HANDOFF_COPY,no,yes,
/Users/blackforge/workspace/bwe/repos/repo_clean,friday-release-candidate,c626bcfe1737620d864d2b0a9b85bf028293f195,M,,modified,handoff_packages/handoff_final_integrated_53214e4_262e024_v4/src/pages/api/admin/challenge.ts,,no,yes,no,,handoff,handoff package copy,,HANDOFF_COPY,no,yes,
/Users/blackforge/workspace/bwe/repos/repo_clean,friday-release-candidate,c626bcfe1737620d864d2b0a9b85bf028293f195,M,,modified,handoff_packages/handoff_final_integrated_53214e4_262e024_v4/src/pages/api/admin/support/[id].ts,,no,yes,no,,handoff,handoff package copy,,HANDOFF_COPY,no,yes,
/Users/blackforge/workspace/bwe/repos/repo_clean,friday-release-candidate,c626bcfe1737620d864d2b0a9b85bf028293f195,M,,modified,handoff_packages/handoff_final_integrated_53214e4_262e024_v4/src/pages/api/challenge/join.ts,,no,yes,no,,handoff,handoff package copy,,HANDOFF_COPY,no,yes,
/Users/blackforge/workspace/bwe/repos/repo_clean,friday-release-candidate,c626bcfe1737620d864d2b0a9b85bf028293f195,M,,modified,handoff_packages/handoff_final_integrated_53214e4_262e024_v4/src/pages/api/founding-membership/status.ts,,no,yes,no,,handoff,handoff package copy,,HANDOFF_COPY,no,yes,
/Users/blackforge/workspace/bwe/repos/repo_clean,friday-release-candidate,c626bcfe1737620d864d2b0a9b85bf028293f195,M,,modified,handoff_packages/handoff_final_integrated_53214e4_c284f8e_v2/src/components/black-card/PremiumDigitalCard.tsx,,no,yes,no,,handoff,handoff package copy,,HANDOFF_COPY,no,yes,
/Users/blackforge/workspace/bwe/repos/repo_clean,friday-release-candidate,c626bcfe1737620d864d2b0a9b85bf028293f195,M,,modified,handoff_packages/handoff_final_integrated_53214e4_c284f8e_v2/src/components/challenge/ChallengeShareCard.tsx,,no,yes,no,,handoff,handoff package copy,,HANDOFF_COPY,no,yes,
/Users/blackforge/workspace/bwe/repos/repo_clean,friday-release-candidate,c626bcfe1737620d864d2b0a9b85bf028293f195,M,,modified,handoff_packages/handoff_final_integrated_53214e4_c284f8e_v2/src/components/dashboards/UserDashboard.tsx,,no,yes,no,,handoff,handoff package copy,,HANDOFF_COPY,no,yes,
/Users/blackforge/workspace/bwe/repos/repo_clean,friday-release-candidate,c626bcfe1737620d864d2b0a9b85bf028293f195,M,,modified,handoff_packages/handoff_final_integrated_53214e4_c284f8e_v2/src/lib/black-card-membership.ts,,no,yes,no,,handoff,handoff package copy,,HANDOFF_COPY,no,yes,
/Users/blackforge/workspace/bwe/repos/repo_clean,friday-release-candidate,c626bcfe1737620d864d2b0a9b85bf028293f195,M,,modified,handoff_packages/handoff_final_integrated_53214e4_c284f8e_v2/src/lib/black-card-state.ts,,no,yes,no,,handoff,handoff package copy,,HANDOFF_COPY,no,yes,
/Users/blackforge/workspace/bwe/repos/repo_clean,friday-release-candidate,c626bcfe1737620d864d2b0a9b85bf028293f195,M,,modified,handoff_packages/handoff_final_integrated_53214e4_c284f8e_v2/src/lib/businessSubmission.ts,,no,yes,no,,handoff,handoff package copy,,HANDOFF_COPY,no,yes,
/Users/blackforge/workspace/bwe/repos/repo_clean,friday-release-candidate,c626bcfe1737620d864d2b0a9b85bf028293f195,M,,modified,handoff_packages/handoff_final_integrated_53214e4_c284f8e_v2/src/lib/db/courses.ts,,no,yes,no,,handoff,handoff package copy,,HANDOFF_COPY,no,yes,
/Users/blackforge/workspace/bwe/repos/repo_clean,friday-release-candidate,c626bcfe1737620d864d2b0a9b85bf028293f195,M,,modified,handoff_packages/handoff_final_integrated_53214e4_c284f8e_v2/src/lib/directory/publicVisibility.ts,,no,yes,no,,handoff,handoff package copy,,HANDOFF_COPY,no,yes,
/Users/blackforge/workspace/bwe/repos/repo_clean,friday-release-candidate,c626bcfe1737620d864d2b0a9b85bf028293f195,M,,modified,handoff_packages/handoff_final_integrated_53214e4_c284f8e_v2/src/lib/founding-membership.ts,,no,yes,no,,handoff,handoff package copy,,HANDOFF_COPY,no,yes,
/Users/blackforge/workspace/bwe/repos/repo_clean,friday-release-candidate,c626bcfe1737620d864d2b0a9b85bf028293f195,M,,modified,handoff_packages/handoff_final_integrated_53214e4_c284f8e_v2/src/pages/admin/black-card.tsx,,no,yes,no,,handoff,handoff package copy,,HANDOFF_COPY,no,yes,
/Users/blackforge/workspace/bwe/repos/repo_clean,friday-release-candidate,c626bcfe1737620d864d2b0a9b85bf028293f195,M,,modified,handoff_packages/handoff_final_integrated_53214e4_c284f8e_v2/src/pages/admin/challenge.tsx,,no,yes,no,,handoff,handoff package copy,,HANDOFF_COPY,no,yes,
/Users/blackforge/workspace/bwe/repos/repo_clean,friday-release-candidate,c626bcfe1737620d864d2b0a9b85bf028293f195,M,,modified,handoff_packages/handoff_final_integrated_53214e4_c284f8e_v2/src/pages/admin/directory-approvals.tsx,,no,yes,no,,handoff,handoff package copy,,HANDOFF_COPY,no,yes,
/Users/blackforge/workspace/bwe/repos/repo_clean,friday-release-candidate,c626bcfe1737620d864d2b0a9b85bf028293f195,M,,modified,handoff_packages/handoff_final_integrated_53214e4_c284f8e_v2/src/pages/admin/founding-memberships.tsx,,no,yes,no,,handoff,handoff package copy,,HANDOFF_COPY,no,yes,
/Users/blackforge/workspace/bwe/repos/repo_clean,friday-release-candidate,c626bcfe1737620d864d2b0a9b85bf028293f195,M,,modified,handoff_packages/handoff_final_integrated_53214e4_c284f8e_v2/src/pages/admin/subscriptions.tsx,,no,yes,no,,handoff,handoff package copy,,HANDOFF_COPY,no,yes,
/Users/blackforge/workspace/bwe/repos/repo_clean,friday-release-candidate,c626bcfe1737620d864d2b0a9b85bf028293f195,M,,modified,handoff_packages/handoff_final_integrated_53214e4_c284f8e_v2/src/pages/admin/support/tickets.tsx,,no,yes,no,,handoff,handoff package copy,,HANDOFF_COPY,no,yes,
/Users/blackforge/workspace/bwe/repos/repo_clean,friday-release-candidate,c626bcfe1737620d864d2b0a9b85bf028293f195,M,,modified,handoff_packages/handoff_final_integrated_53214e4_c284f8e_v2/src/pages/admin/support/tickets/[id].tsx,,no,yes,no,,handoff,handoff package copy,,HANDOFF_COPY,no,yes,
/Users/blackforge/workspace/bwe/repos/repo_clean,friday-release-candidate,c626bcfe1737620d864d2b0a9b85bf028293f195,M,,modified,handoff_packages/handoff_final_integrated_53214e4_c284f8e_v2/src/pages/api/admin/black-card/cards.ts,,no,yes,no,,handoff,handoff package copy,,HANDOFF_COPY,no,yes,
/Users/blackforge/workspace/bwe/repos/repo_clean,friday-release-candidate,c626bcfe1737620d864d2b0a9b85bf028293f195,M,,modified,handoff_packages/handoff_final_integrated_53214e4_c284f8e_v2/src/pages/api/admin/black-card/digital-requests.ts,,no,yes,no,,handoff,handoff package copy,,HANDOFF_COPY,no,yes,
/Users/blackforge/workspace/bwe/repos/repo_clean,friday-release-candidate,c626bcfe1737620d864d2b0a9b85bf028293f195,M,,modified,handoff_packages/handoff_final_integrated_53214e4_c284f8e_v2/src/pages/api/admin/challenge.ts,,no,yes,no,,handoff,handoff package copy,,HANDOFF_COPY,no,yes,
/Users/blackforge/workspace/bwe/repos/repo_clean,friday-release-candidate,c626bcfe1737620d864d2b0a9b85bf028293f195,M,,modified,handoff_packages/handoff_final_integrated_53214e4_c284f8e_v2/src/pages/api/admin/financial-class/repair.ts,,no,yes,no,,handoff,handoff package copy,,HANDOFF_COPY,no,yes,
/Users/blackforge/workspace/bwe/repos/repo_clean,friday-release-candidate,c626bcfe1737620d864d2b0a9b85bf028293f195,M,,modified,handoff_packages/handoff_final_integrated_53214e4_c284f8e_v2/src/pages/api/admin/founding-memberships.ts,,no,yes,no,,handoff,handoff package copy,,HANDOFF_COPY,no,yes,
/Users/blackforge/workspace/bwe/repos/repo_clean,friday-release-candidate,c626bcfe1737620d864d2b0a9b85bf028293f195,M,,modified,handoff_packages/handoff_final_integrated_53214e4_c284f8e_v2/src/pages/api/admin/get-directory-listings.ts,,no,yes,no,,handoff,handoff package copy,,HANDOFF_COPY,no,yes,
/Users/blackforge/workspace/bwe/repos/repo_clean,friday-release-candidate,c626bcfe1737620d864d2b0a9b85bf028293f195,M,,modified,handoff_packages/handoff_final_integrated_53214e4_c284f8e_v2/src/pages/api/admin/support.ts,,no,yes,no,,handoff,handoff package copy,,HANDOFF_COPY,no,yes,
/Users/blackforge/workspace/bwe/repos/repo_clean,friday-release-candidate,c626bcfe1737620d864d2b0a9b85bf028293f195,M,,modified,handoff_packages/handoff_final_integrated_53214e4_c284f8e_v2/src/pages/api/admin/support/[id].ts,,no,yes,no,,handoff,handoff package copy,,HANDOFF_COPY,no,yes,
/Users/blackforge/workspace/bwe/repos/repo_clean,friday-release-candidate,c626bcfe1737620d864d2b0a9b85bf028293f195,M,,modified,handoff_packages/handoff_final_integrated_53214e4_c284f8e_v2/src/pages/api/black-card/digital-request.ts,,no,yes,no,,handoff,handoff package copy,,HANDOFF_COPY,no,yes,
/Users/blackforge/workspace/bwe/repos/repo_clean,friday-release-candidate,c626bcfe1737620d864d2b0a9b85bf028293f195,M,,modified,handoff_packages/handoff_final_integrated_53214e4_c284f8e_v2/src/pages/api/black-card/member-summary.ts,,no,yes,no,,handoff,handoff package copy,,HANDOFF_COPY,no,yes,
/Users/blackforge/workspace/bwe/repos/repo_clean,friday-release-candidate,c626bcfe1737620d864d2b0a9b85bf028293f195,M,,modified,handoff_packages/handoff_final_integrated_53214e4_c284f8e_v2/src/pages/api/challenge/creators.ts,,no,yes,no,,handoff,handoff package copy,,HANDOFF_COPY,no,yes,
/Users/blackforge/workspace/bwe/repos/repo_clean,friday-release-candidate,c626bcfe1737620d864d2b0a9b85bf028293f195,M,,modified,handoff_packages/handoff_final_integrated_53214e4_c284f8e_v2/src/pages/api/challenge/join.ts,,no,yes,no,,handoff,handoff package copy,,HANDOFF_COPY,no,yes,
/Users/blackforge/workspace/bwe/repos/repo_clean,friday-release-candidate,c626bcfe1737620d864d2b0a9b85bf028293f195,M,,modified,handoff_packages/handoff_final_integrated_53214e4_c284f8e_v2/src/pages/api/challenge/stats.ts,,no,yes,no,,handoff,handoff package copy,,HANDOFF_COPY,no,yes,
/Users/blackforge/workspace/bwe/repos/repo_clean,friday-release-candidate,c626bcfe1737620d864d2b0a9b85bf028293f195,M,,modified,handoff_packages/handoff_final_integrated_53214e4_c284f8e_v2/src/pages/api/founding-membership/status.ts,,no,yes,no,,handoff,handoff package copy,,HANDOFF_COPY,no,yes,
/Users/blackforge/workspace/bwe/repos/repo_clean,friday-release-candidate,c626bcfe1737620d864d2b0a9b85bf028293f195,M,,modified,handoff_packages/handoff_final_integrated_53214e4_c284f8e_v2/src/pages/api/getBusiness.js,,no,yes,no,,handoff,handoff package copy,,HANDOFF_COPY,no,yes,
/Users/blackforge/workspace/bwe/repos/repo_clean,friday-release-candidate,c626bcfe1737620d864d2b0a9b85bf028293f195,M,,modified,handoff_packages/handoff_final_integrated_53214e4_c284f8e_v2/src/pages/api/news/black.ts,,no,yes,no,,handoff,handoff package copy,,HANDOFF_COPY,no,yes,
/Users/blackforge/workspace/bwe/repos/repo_clean,friday-release-candidate,c626bcfe1737620d864d2b0a9b85bf028293f195,M,,modified,handoff_packages/handoff_final_integrated_53214e4_c284f8e_v2/src/pages/api/stripe/checkout.ts,,no,yes,no,,handoff,handoff package copy,,HANDOFF_COPY,no,yes,
/Users/blackforge/workspace/bwe/repos/repo_clean,friday-release-candidate,c626bcfe1737620d864d2b0a9b85bf028293f195,M,,modified,handoff_packages/handoff_final_integrated_53214e4_c284f8e_v2/src/pages/api/stripe/webhook-handler.ts,,no,yes,no,,handoff,handoff package copy,,HANDOFF_COPY,no,yes,
/Users/blackforge/workspace/bwe/repos/repo_clean,friday-release-candidate,c626bcfe1737620d864d2b0a9b85bf028293f195,M,,modified,handoff_packages/handoff_final_integrated_53214e4_c284f8e_v2/src/pages/black-card/index.tsx,,no,yes,no,,handoff,handoff package copy,,HANDOFF_COPY,no,yes,
/Users/blackforge/workspace/bwe/repos/repo_clean,friday-release-candidate,c626bcfe1737620d864d2b0a9b85bf028293f195,M,,modified,handoff_packages/handoff_final_integrated_53214e4_c284f8e_v2/src/pages/black-card/join.tsx,,no,yes,no,,handoff,handoff package copy,,HANDOFF_COPY,no,yes,
/Users/blackforge/workspace/bwe/repos/repo_clean,friday-release-candidate,c626bcfe1737620d864d2b0a9b85bf028293f195,M,,modified,handoff_packages/handoff_final_integrated_53214e4_c284f8e_v2/src/pages/black-entertainment-news.tsx,,no,yes,no,,handoff,handoff package copy,,HANDOFF_COPY,no,yes,
/Users/blackforge/workspace/bwe/repos/repo_clean,friday-release-candidate,c626bcfe1737620d864d2b0a9b85bf028293f195,M,,modified,handoff_packages/handoff_final_integrated_53214e4_c284f8e_v2/src/pages/business-directory.tsx,,no,yes,no,,handoff,handoff package copy,,HANDOFF_COPY,no,yes,
/Users/blackforge/workspace/bwe/repos/repo_clean,friday-release-candidate,c626bcfe1737620d864d2b0a9b85bf028293f195,M,,modified,handoff_packages/handoff_final_integrated_53214e4_c284f8e_v2/src/pages/business-directory/[alias].tsx,,no,yes,no,,handoff,handoff package copy,,HANDOFF_COPY,no,yes,
/Users/blackforge/workspace/bwe/repos/repo_clean,friday-release-candidate,c626bcfe1737620d864d2b0a9b85bf028293f195,M,,modified,handoff_packages/handoff_final_integrated_53214e4_c284f8e_v2/src/pages/business-directory/add-business.tsx,,no,yes,no,,handoff,handoff package copy,,HANDOFF_COPY,no,yes,
/Users/blackforge/workspace/bwe/repos/repo_clean,friday-release-candidate,c626bcfe1737620d864d2b0a9b85bf028293f195,M,,modified,handoff_packages/handoff_final_integrated_53214e4_c284f8e_v2/src/pages/business/[slug].tsx,,no,yes,no,,handoff,handoff package copy,,HANDOFF_COPY,no,yes,
/Users/blackforge/workspace/bwe/repos/repo_clean,friday-release-candidate,c626bcfe1737620d864d2b0a9b85bf028293f195,M,,modified,handoff_packages/handoff_final_integrated_53214e4_c284f8e_v2/src/pages/challenge.tsx,,no,yes,no,,handoff,handoff package copy,,HANDOFF_COPY,no,yes,
/Users/blackforge/workspace/bwe/repos/repo_clean,friday-release-candidate,c626bcfe1737620d864d2b0a9b85bf028293f195,M,,modified,handoff_packages/handoff_final_integrated_53214e4_c284f8e_v2/src/pages/challenge/creators.tsx,,no,yes,no,,handoff,handoff package copy,,HANDOFF_COPY,no,yes,
/Users/blackforge/workspace/bwe/repos/repo_clean,friday-release-candidate,c626bcfe1737620d864d2b0a9b85bf028293f195,M,,modified,handoff_packages/handoff_final_integrated_53214e4_c284f8e_v2/src/pages/dashboard/black-card.tsx,,no,yes,no,,handoff,handoff package copy,,HANDOFF_COPY,no,yes,
/Users/blackforge/workspace/bwe/repos/repo_clean,friday-release-candidate,c626bcfe1737620d864d2b0a9b85bf028293f195,M,,modified,handoff_packages/handoff_final_integrated_53214e4_c284f8e_v2/src/pages/founding-membership.tsx,,no,yes,no,,handoff,handoff package copy,,HANDOFF_COPY,no,yes,
/Users/blackforge/workspace/bwe/repos/repo_clean,friday-release-candidate,c626bcfe1737620d864d2b0a9b85bf028293f195,M,,modified,handoff_packages/handoff_final_integrated_53214e4_c284f8e_v2/src/pages/founding-membership/status.tsx,,no,yes,no,,handoff,handoff package copy,,HANDOFF_COPY,no,yes,
/Users/blackforge/workspace/bwe/repos/repo_clean,friday-release-candidate,c626bcfe1737620d864d2b0a9b85bf028293f195,M,,modified,handoff_packages/handoff_final_integrated_53214e4_c284f8e_v2/src/pages/index.tsx,,no,yes,no,,handoff,handoff package copy,,HANDOFF_COPY,no,yes,
/Users/blackforge/workspace/bwe/repos/repo_clean,friday-release-candidate,c626bcfe1737620d864d2b0a9b85bf028293f195,M,,modified,handoff_packages/handoff_final_integrated_53214e4_c284f8e_v2/src/pages/payment-cancel.tsx,,no,yes,no,,handoff,handoff package copy,,HANDOFF_COPY,no,yes,
/Users/blackforge/workspace/bwe/repos/repo_clean,friday-release-candidate,c626bcfe1737620d864d2b0a9b85bf028293f195,M,,modified,handoff_packages/handoff_final_integrated_53214e4_c284f8e_v2/src/pages/payment-success.tsx,,no,yes,no,,handoff,handoff package copy,,HANDOFF_COPY,no,yes,
/Users/blackforge/workspace/bwe/repos/repo_clean,friday-release-candidate,c626bcfe1737620d864d2b0a9b85bf028293f195,M,,modified,handoff_packages/handoff_final_integrated_53214e4_c284f8e_v2/src/pages/pricing.tsx,,no,yes,no,,handoff,handoff package copy,,HANDOFF_COPY,no,yes,
/Users/blackforge/workspace/bwe/repos/repo_clean,friday-release-candidate,c626bcfe1737620d864d2b0a9b85bf028293f195,M,,modified,handoff_packages/handoff_final_integrated_53214e4_c284f8e_v2/src/pages/real-estate-investment.tsx,,no,yes,no,,handoff,handoff package copy,,HANDOFF_COPY,no,yes,
/Users/blackforge/workspace/bwe/repos/repo_clean,friday-release-candidate,c626bcfe1737620d864d2b0a9b85bf028293f195,M,,modified,handoff_packages/handoff_final_integrated_53214e4_c284f8e_v2/src/pages/real-estate-toolkit.tsx,,no,yes,no,,handoff,handoff package copy,,HANDOFF_COPY,no,yes,
/Users/blackforge/workspace/bwe/repos/repo_clean,friday-release-candidate,c626bcfe1737620d864d2b0a9b85bf028293f195,M,,modified,handoff_packages/handoff_final_integrated_53214e4_c284f8e_v2/src/pages/real-estate.tsx,,no,yes,no,,handoff,handoff package copy,,HANDOFF_COPY,no,yes,
/Users/blackforge/workspace/bwe/repos/repo_clean,friday-release-candidate,c626bcfe1737620d864d2b0a9b85bf028293f195,M,,modified,handoff_packages/handoff_final_integrated_53214e4_c284f8e_v2/src/pages/signup.tsx,,no,yes,no,,handoff,handoff package copy,,HANDOFF_COPY,no,yes,
/Users/blackforge/workspace/bwe/repos/repo_clean,friday-release-candidate,c626bcfe1737620d864d2b0a9b85bf028293f195,M,,modified,handoff_packages/handoff_final_integrated_53214e4_c284f8e_v2/src/pages/support.tsx,,no,yes,no,,handoff,handoff package copy,,HANDOFF_COPY,no,yes,
/Users/blackforge/workspace/bwe/repos/repo_clean,friday-release-candidate,c626bcfe1737620d864d2b0a9b85bf028293f195,M,,modified,handoff_packages/handoff_final_integrated_53214e4_c284f8e_v5/src/lib/black-card-membership.ts,,no,yes,no,,handoff,handoff package copy,,HANDOFF_COPY,no,yes,
/Users/blackforge/workspace/bwe/repos/repo_clean,friday-release-candidate,c626bcfe1737620d864d2b0a9b85bf028293f195,M,,modified,handoff_packages/handoff_final_integrated_53214e4_c284f8e_v5/src/pages/api/admin/black-card/digital-requests.ts,,no,yes,no,,handoff,handoff package copy,,HANDOFF_COPY,no,yes,
/Users/blackforge/workspace/bwe/repos/repo_clean,friday-release-candidate,c626bcfe1737620d864d2b0a9b85bf028293f195,M,,modified,handoff_packages/handoff_final_integrated_53214e4_c284f8e_v5/src/pages/api/admin/challenge.ts,,no,yes,no,,handoff,handoff package copy,,HANDOFF_COPY,no,yes,
/Users/blackforge/workspace/bwe/repos/repo_clean,friday-release-candidate,c626bcfe1737620d864d2b0a9b85bf028293f195,M,,modified,handoff_packages/handoff_final_integrated_53214e4_c284f8e_v5/src/pages/api/admin/support/[id].ts,,no,yes,no,,handoff,handoff package copy,,HANDOFF_COPY,no,yes,
/Users/blackforge/workspace/bwe/repos/repo_clean,friday-release-candidate,c626bcfe1737620d864d2b0a9b85bf028293f195,M,,modified,handoff_packages/handoff_final_integrated_53214e4_c284f8e_v5/src/pages/api/challenge/join.ts,,no,yes,no,,handoff,handoff package copy,,HANDOFF_COPY,no,yes,
/Users/blackforge/workspace/bwe/repos/repo_clean,friday-release-candidate,c626bcfe1737620d864d2b0a9b85bf028293f195,M,,modified,handoff_packages/handoff_final_integrated_53214e4_c284f8e_v5/src/pages/api/founding-membership/status.ts,,no,yes,no,,handoff,handoff package copy,,HANDOFF_COPY,no,yes,
/Users/blackforge/workspace/bwe/repos/repo_clean,friday-release-candidate,c626bcfe1737620d864d2b0a9b85bf028293f195,M,,modified,handoff_packages/handoff_final_integrated_53214e4_c284f8e/src/components/black-card/PremiumDigitalCard.tsx,,no,yes,no,,handoff,handoff package copy,,HANDOFF_COPY,no,yes,
/Users/blackforge/workspace/bwe/repos/repo_clean,friday-release-candidate,c626bcfe1737620d864d2b0a9b85bf028293f195,M,,modified,handoff_packages/handoff_final_integrated_53214e4_c284f8e/src/components/challenge/ChallengeShareCard.tsx,,no,yes,no,,handoff,handoff package copy,,HANDOFF_COPY,no,yes,
/Users/blackforge/workspace/bwe/repos/repo_clean,friday-release-candidate,c626bcfe1737620d864d2b0a9b85bf028293f195,M,,modified,handoff_packages/handoff_final_integrated_53214e4_c284f8e/src/components/dashboards/UserDashboard.tsx,,no,yes,no,,handoff,handoff package copy,,HANDOFF_COPY,no,yes,
/Users/blackforge/workspace/bwe/repos/repo_clean,friday-release-candidate,c626bcfe1737620d864d2b0a9b85bf028293f195,M,,modified,handoff_packages/handoff_final_integrated_53214e4_c284f8e/src/lib/black-card-membership.ts,,no,yes,no,,handoff,handoff package copy,,HANDOFF_COPY,no,yes,
/Users/blackforge/workspace/bwe/repos/repo_clean,friday-release-candidate,c626bcfe1737620d864d2b0a9b85bf028293f195,M,,modified,handoff_packages/handoff_final_integrated_53214e4_c284f8e/src/lib/black-card-state.ts,,no,yes,no,,handoff,handoff package copy,,HANDOFF_COPY,no,yes,
/Users/blackforge/workspace/bwe/repos/repo_clean,friday-release-candidate,c626bcfe1737620d864d2b0a9b85bf028293f195,M,,modified,handoff_packages/handoff_final_integrated_53214e4_c284f8e/src/lib/businessSubmission.ts,,no,yes,no,,handoff,handoff package copy,,HANDOFF_COPY,no,yes,
/Users/blackforge/workspace/bwe/repos/repo_clean,friday-release-candidate,c626bcfe1737620d864d2b0a9b85bf028293f195,M,,modified,handoff_packages/handoff_final_integrated_53214e4_c284f8e/src/lib/db/courses.ts,,no,yes,no,,handoff,handoff package copy,,HANDOFF_COPY,no,yes,
/Users/blackforge/workspace/bwe/repos/repo_clean,friday-release-candidate,c626bcfe1737620d864d2b0a9b85bf028293f195,M,,modified,handoff_packages/handoff_final_integrated_53214e4_c284f8e/src/lib/directory/publicVisibility.ts,,no,yes,no,,handoff,handoff package copy,,HANDOFF_COPY,no,yes,
/Users/blackforge/workspace/bwe/repos/repo_clean,friday-release-candidate,c626bcfe1737620d864d2b0a9b85bf028293f195,M,,modified,handoff_packages/handoff_final_integrated_53214e4_c284f8e/src/lib/founding-membership.ts,,no,yes,no,,handoff,handoff package copy,,HANDOFF_COPY,no,yes,
/Users/blackforge/workspace/bwe/repos/repo_clean,friday-release-candidate,c626bcfe1737620d864d2b0a9b85bf028293f195,M,,modified,handoff_packages/handoff_final_integrated_53214e4_c284f8e/src/pages/admin/black-card.tsx,,no,yes,no,,handoff,handoff package copy,,HANDOFF_COPY,no,yes,
/Users/blackforge/workspace/bwe/repos/repo_clean,friday-release-candidate,c626bcfe1737620d864d2b0a9b85bf028293f195,M,,modified,handoff_packages/handoff_final_integrated_53214e4_c284f8e/src/pages/admin/challenge.tsx,,no,yes,no,,handoff,handoff package copy,,HANDOFF_COPY,no,yes,
/Users/blackforge/workspace/bwe/repos/repo_clean,friday-release-candidate,c626bcfe1737620d864d2b0a9b85bf028293f195,M,,modified,handoff_packages/handoff_final_integrated_53214e4_c284f8e/src/pages/admin/directory-approvals.tsx,,no,yes,no,,handoff,handoff package copy,,HANDOFF_COPY,no,yes,
/Users/blackforge/workspace/bwe/repos/repo_clean,friday-release-candidate,c626bcfe1737620d864d2b0a9b85bf028293f195,M,,modified,handoff_packages/handoff_final_integrated_53214e4_c284f8e/src/pages/admin/founding-memberships.tsx,,no,yes,no,,handoff,handoff package copy,,HANDOFF_COPY,no,yes,
/Users/blackforge/workspace/bwe/repos/repo_clean,friday-release-candidate,c626bcfe1737620d864d2b0a9b85bf028293f195,M,,modified,handoff_packages/handoff_final_integrated_53214e4_c284f8e/src/pages/admin/subscriptions.tsx,,no,yes,no,,handoff,handoff package copy,,HANDOFF_COPY,no,yes,
/Users/blackforge/workspace/bwe/repos/repo_clean,friday-release-candidate,c626bcfe1737620d864d2b0a9b85bf028293f195,M,,modified,handoff_packages/handoff_final_integrated_53214e4_c284f8e/src/pages/admin/support/tickets.tsx,,no,yes,no,,handoff,handoff package copy,,HANDOFF_COPY,no,yes,
/Users/blackforge/workspace/bwe/repos/repo_clean,friday-release-candidate,c626bcfe1737620d864d2b0a9b85bf028293f195,M,,modified,handoff_packages/handoff_final_integrated_53214e4_c284f8e/src/pages/admin/support/tickets/[id].tsx,,no,yes,no,,handoff,handoff package copy,,HANDOFF_COPY,no,yes,
/Users/blackforge/workspace/bwe/repos/repo_clean,friday-release-candidate,c626bcfe1737620d864d2b0a9b85bf028293f195,M,,modified,handoff_packages/handoff_final_integrated_53214e4_c284f8e/src/pages/api/admin/black-card/cards.ts,,no,yes,no,,handoff,handoff package copy,,HANDOFF_COPY,no,yes,
/Users/blackforge/workspace/bwe/repos/repo_clean,friday-release-candidate,c626bcfe1737620d864d2b0a9b85bf028293f195,M,,modified,handoff_packages/handoff_final_integrated_53214e4_c284f8e/src/pages/api/admin/black-card/digital-requests.ts,,no,yes,no,,handoff,handoff package copy,,HANDOFF_COPY,no,yes,
/Users/blackforge/workspace/bwe/repos/repo_clean,friday-release-candidate,c626bcfe1737620d864d2b0a9b85bf028293f195,M,,modified,handoff_packages/handoff_final_integrated_53214e4_c284f8e/src/pages/api/admin/challenge.ts,,no,yes,no,,handoff,handoff package copy,,HANDOFF_COPY,no,yes,
/Users/blackforge/workspace/bwe/repos/repo_clean,friday-release-candidate,c626bcfe1737620d864d2b0a9b85bf028293f195,M,,modified,handoff_packages/handoff_final_integrated_53214e4_c284f8e/src/pages/api/admin/financial-class/repair.ts,,no,yes,no,,handoff,handoff package copy,,HANDOFF_COPY,no,yes,
/Users/blackforge/workspace/bwe/repos/repo_clean,friday-release-candidate,c626bcfe1737620d864d2b0a9b85bf028293f195,M,,modified,handoff_packages/handoff_final_integrated_53214e4_c284f8e/src/pages/api/admin/founding-memberships.ts,,no,yes,no,,handoff,handoff package copy,,HANDOFF_COPY,no,yes,
/Users/blackforge/workspace/bwe/repos/repo_clean,friday-release-candidate,c626bcfe1737620d864d2b0a9b85bf028293f195,M,,modified,handoff_packages/handoff_final_integrated_53214e4_c284f8e/src/pages/api/admin/get-directory-listings.ts,,no,yes,no,,handoff,handoff package copy,,HANDOFF_COPY,no,yes,
/Users/blackforge/workspace/bwe/repos/repo_clean,friday-release-candidate,c626bcfe1737620d864d2b0a9b85bf028293f195,M,,modified,handoff_packages/handoff_final_integrated_53214e4_c284f8e/src/pages/api/admin/support.ts,,no,yes,no,,handoff,handoff package copy,,HANDOFF_COPY,no,yes,
/Users/blackforge/workspace/bwe/repos/repo_clean,friday-release-candidate,c626bcfe1737620d864d2b0a9b85bf028293f195,M,,modified,handoff_packages/handoff_final_integrated_53214e4_c284f8e/src/pages/api/admin/support/[id].ts,,no,yes,no,,handoff,handoff package copy,,HANDOFF_COPY,no,yes,
/Users/blackforge/workspace/bwe/repos/repo_clean,friday-release-candidate,c626bcfe1737620d864d2b0a9b85bf028293f195,M,,modified,handoff_packages/handoff_final_integrated_53214e4_c284f8e/src/pages/api/black-card/digital-request.ts,,no,yes,no,,handoff,handoff package copy,,HANDOFF_COPY,no,yes,
/Users/blackforge/workspace/bwe/repos/repo_clean,friday-release-candidate,c626bcfe1737620d864d2b0a9b85bf028293f195,M,,modified,handoff_packages/handoff_final_integrated_53214e4_c284f8e/src/pages/api/black-card/member-summary.ts,,no,yes,no,,handoff,handoff package copy,,HANDOFF_COPY,no,yes,
/Users/blackforge/workspace/bwe/repos/repo_clean,friday-release-candidate,c626bcfe1737620d864d2b0a9b85bf028293f195,M,,modified,handoff_packages/handoff_final_integrated_53214e4_c284f8e/src/pages/api/challenge/creators.ts,,no,yes,no,,handoff,handoff package copy,,HANDOFF_COPY,no,yes,
/Users/blackforge/workspace/bwe/repos/repo_clean,friday-release-candidate,c626bcfe1737620d864d2b0a9b85bf028293f195,M,,modified,handoff_packages/handoff_final_integrated_53214e4_c284f8e/src/pages/api/challenge/join.ts,,no,yes,no,,handoff,handoff package copy,,HANDOFF_COPY,no,yes,
/Users/blackforge/workspace/bwe/repos/repo_clean,friday-release-candidate,c626bcfe1737620d864d2b0a9b85bf028293f195,M,,modified,handoff_packages/handoff_final_integrated_53214e4_c284f8e/src/pages/api/challenge/stats.ts,,no,yes,no,,handoff,handoff package copy,,HANDOFF_COPY,no,yes,
/Users/blackforge/workspace/bwe/repos/repo_clean,friday-release-candidate,c626bcfe1737620d864d2b0a9b85bf028293f195,M,,modified,handoff_packages/handoff_final_integrated_53214e4_c284f8e/src/pages/api/founding-membership/status.ts,,no,yes,no,,handoff,handoff package copy,,HANDOFF_COPY,no,yes,
/Users/blackforge/workspace/bwe/repos/repo_clean,friday-release-candidate,c626bcfe1737620d864d2b0a9b85bf028293f195,M,,modified,handoff_packages/handoff_final_integrated_53214e4_c284f8e/src/pages/api/getBusiness.js,,no,yes,no,,handoff,handoff package copy,,HANDOFF_COPY,no,yes,
/Users/blackforge/workspace/bwe/repos/repo_clean,friday-release-candidate,c626bcfe1737620d864d2b0a9b85bf028293f195,M,,modified,handoff_packages/handoff_final_integrated_53214e4_c284f8e/src/pages/api/news/black.ts,,no,yes,no,,handoff,handoff package copy,,HANDOFF_COPY,no,yes,
/Users/blackforge/workspace/bwe/repos/repo_clean,friday-release-candidate,c626bcfe1737620d864d2b0a9b85bf028293f195,M,,modified,handoff_packages/handoff_final_integrated_53214e4_c284f8e/src/pages/api/stripe/checkout.ts,,no,yes,no,,handoff,handoff package copy,,HANDOFF_COPY,no,yes,
/Users/blackforge/workspace/bwe/repos/repo_clean,friday-release-candidate,c626bcfe1737620d864d2b0a9b85bf028293f195,M,,modified,handoff_packages/handoff_final_integrated_53214e4_c284f8e/src/pages/api/stripe/webhook-handler.ts,,no,yes,no,,handoff,handoff package copy,,HANDOFF_COPY,no,yes,
/Users/blackforge/workspace/bwe/repos/repo_clean,friday-release-candidate,c626bcfe1737620d864d2b0a9b85bf028293f195,M,,modified,handoff_packages/handoff_final_integrated_53214e4_c284f8e/src/pages/black-card/index.tsx,,no,yes,no,,handoff,handoff package copy,,HANDOFF_COPY,no,yes,
/Users/blackforge/workspace/bwe/repos/repo_clean,friday-release-candidate,c626bcfe1737620d864d2b0a9b85bf028293f195,M,,modified,handoff_packages/handoff_final_integrated_53214e4_c284f8e/src/pages/black-card/join.tsx,,no,yes,no,,handoff,handoff package copy,,HANDOFF_COPY,no,yes,
/Users/blackforge/workspace/bwe/repos/repo_clean,friday-release-candidate,c626bcfe1737620d864d2b0a9b85bf028293f195,M,,modified,handoff_packages/handoff_final_integrated_53214e4_c284f8e/src/pages/black-entertainment-news.tsx,,no,yes,no,,handoff,handoff package copy,,HANDOFF_COPY,no,yes,
/Users/blackforge/workspace/bwe/repos/repo_clean,friday-release-candidate,c626bcfe1737620d864d2b0a9b85bf028293f195,M,,modified,handoff_packages/handoff_final_integrated_53214e4_c284f8e/src/pages/business-directory.tsx,,no,yes,no,,handoff,handoff package copy,,HANDOFF_COPY,no,yes,
/Users/blackforge/workspace/bwe/repos/repo_clean,friday-release-candidate,c626bcfe1737620d864d2b0a9b85bf028293f195,M,,modified,handoff_packages/handoff_final_integrated_53214e4_c284f8e/src/pages/business-directory/[alias].tsx,,no,yes,no,,handoff,handoff package copy,,HANDOFF_COPY,no,yes,
/Users/blackforge/workspace/bwe/repos/repo_clean,friday-release-candidate,c626bcfe1737620d864d2b0a9b85bf028293f195,M,,modified,handoff_packages/handoff_final_integrated_53214e4_c284f8e/src/pages/business-directory/add-business.tsx,,no,yes,no,,handoff,handoff package copy,,HANDOFF_COPY,no,yes,
/Users/blackforge/workspace/bwe/repos/repo_clean,friday-release-candidate,c626bcfe1737620d864d2b0a9b85bf028293f195,M,,modified,handoff_packages/handoff_final_integrated_53214e4_c284f8e/src/pages/business/[slug].tsx,,no,yes,no,,handoff,handoff package copy,,HANDOFF_COPY,no,yes,
/Users/blackforge/workspace/bwe/repos/repo_clean,friday-release-candidate,c626bcfe1737620d864d2b0a9b85bf028293f195,M,,modified,handoff_packages/handoff_final_integrated_53214e4_c284f8e/src/pages/challenge.tsx,,no,yes,no,,handoff,handoff package copy,,HANDOFF_COPY,no,yes,
/Users/blackforge/workspace/bwe/repos/repo_clean,friday-release-candidate,c626bcfe1737620d864d2b0a9b85bf028293f195,M,,modified,handoff_packages/handoff_final_integrated_53214e4_c284f8e/src/pages/challenge/creators.tsx,,no,yes,no,,handoff,handoff package copy,,HANDOFF_COPY,no,yes,
/Users/blackforge/workspace/bwe/repos/repo_clean,friday-release-candidate,c626bcfe1737620d864d2b0a9b85bf028293f195,M,,modified,handoff_packages/handoff_final_integrated_53214e4_c284f8e/src/pages/dashboard/black-card.tsx,,no,yes,no,,handoff,handoff package copy,,HANDOFF_COPY,no,yes,
/Users/blackforge/workspace/bwe/repos/repo_clean,friday-release-candidate,c626bcfe1737620d864d2b0a9b85bf028293f195,M,,modified,handoff_packages/handoff_final_integrated_53214e4_c284f8e/src/pages/founding-membership.tsx,,no,yes,no,,handoff,handoff package copy,,HANDOFF_COPY,no,yes,
/Users/blackforge/workspace/bwe/repos/repo_clean,friday-release-candidate,c626bcfe1737620d864d2b0a9b85bf028293f195,M,,modified,handoff_packages/handoff_final_integrated_53214e4_c284f8e/src/pages/founding-membership/status.tsx,,no,yes,no,,handoff,handoff package copy,,HANDOFF_COPY,no,yes,
/Users/blackforge/workspace/bwe/repos/repo_clean,friday-release-candidate,c626bcfe1737620d864d2b0a9b85bf028293f195,M,,modified,handoff_packages/handoff_final_integrated_53214e4_c284f8e/src/pages/index.tsx,,no,yes,no,,handoff,handoff package copy,,HANDOFF_COPY,no,yes,
/Users/blackforge/workspace/bwe/repos/repo_clean,friday-release-candidate,c626bcfe1737620d864d2b0a9b85bf028293f195,M,,modified,handoff_packages/handoff_final_integrated_53214e4_c284f8e/src/pages/payment-cancel.tsx,,no,yes,no,,handoff,handoff package copy,,HANDOFF_COPY,no,yes,
/Users/blackforge/workspace/bwe/repos/repo_clean,friday-release-candidate,c626bcfe1737620d864d2b0a9b85bf028293f195,M,,modified,handoff_packages/handoff_final_integrated_53214e4_c284f8e/src/pages/payment-success.tsx,,no,yes,no,,handoff,handoff package copy,,HANDOFF_COPY,no,yes,
/Users/blackforge/workspace/bwe/repos/repo_clean,friday-release-candidate,c626bcfe1737620d864d2b0a9b85bf028293f195,M,,modified,handoff_packages/handoff_final_integrated_53214e4_c284f8e/src/pages/pricing.tsx,,no,yes,no,,handoff,handoff package copy,,HANDOFF_COPY,no,yes,
/Users/blackforge/workspace/bwe/repos/repo_clean,friday-release-candidate,c626bcfe1737620d864d2b0a9b85bf028293f195,M,,modified,handoff_packages/handoff_final_integrated_53214e4_c284f8e/src/pages/real-estate-investment.tsx,,no,yes,no,,handoff,handoff package copy,,HANDOFF_COPY,no,yes,
/Users/blackforge/workspace/bwe/repos/repo_clean,friday-release-candidate,c626bcfe1737620d864d2b0a9b85bf028293f195,M,,modified,handoff_packages/handoff_final_integrated_53214e4_c284f8e/src/pages/real-estate-toolkit.tsx,,no,yes,no,,handoff,handoff package copy,,HANDOFF_COPY,no,yes,
/Users/blackforge/workspace/bwe/repos/repo_clean,friday-release-candidate,c626bcfe1737620d864d2b0a9b85bf028293f195,M,,modified,handoff_packages/handoff_final_integrated_53214e4_c284f8e/src/pages/real-estate.tsx,,no,yes,no,,handoff,handoff package copy,,HANDOFF_COPY,no,yes,
/Users/blackforge/workspace/bwe/repos/repo_clean,friday-release-candidate,c626bcfe1737620d864d2b0a9b85bf028293f195,M,,modified,handoff_packages/handoff_final_integrated_53214e4_c284f8e/src/pages/signup.tsx,,no,yes,no,,handoff,handoff package copy,,HANDOFF_COPY,no,yes,
/Users/blackforge/workspace/bwe/repos/repo_clean,friday-release-candidate,c626bcfe1737620d864d2b0a9b85bf028293f195,M,,modified,handoff_packages/handoff_final_integrated_53214e4_c284f8e/src/pages/support.tsx,,no,yes,no,,handoff,handoff package copy,,HANDOFF_COPY,no,yes,
/Users/blackforge/workspace/bwe/repos/repo_clean,friday-release-candidate,c626bcfe1737620d864d2b0a9b85bf028293f195,M,,modified,handoff_packages/handoff_recovered_53214e4_8c2c8b1/src/components/black-card/PremiumDigitalCard.tsx,,no,yes,no,,handoff,handoff package copy,,HANDOFF_COPY,no,yes,
/Users/blackforge/workspace/bwe/repos/repo_clean,friday-release-candidate,c626bcfe1737620d864d2b0a9b85bf028293f195,M,,modified,handoff_packages/handoff_recovered_53214e4_8c2c8b1/src/components/challenge/ChallengeShareCard.tsx,,no,yes,no,,handoff,handoff package copy,,HANDOFF_COPY,no,yes,
/Users/blackforge/workspace/bwe/repos/repo_clean,friday-release-candidate,c626bcfe1737620d864d2b0a9b85bf028293f195,M,,modified,handoff_packages/handoff_recovered_53214e4_8c2c8b1/src/components/dashboards/UserDashboard.tsx,,no,yes,no,,handoff,handoff package copy,,HANDOFF_COPY,no,yes,
/Users/blackforge/workspace/bwe/repos/repo_clean,friday-release-candidate,c626bcfe1737620d864d2b0a9b85bf028293f195,M,,modified,handoff_packages/handoff_recovered_53214e4_8c2c8b1/src/lib/adminSnapshot.ts,,no,yes,no,,handoff,handoff package copy,,HANDOFF_COPY,no,yes,
/Users/blackforge/workspace/bwe/repos/repo_clean,friday-release-candidate,c626bcfe1737620d864d2b0a9b85bf028293f195,M,,modified,handoff_packages/handoff_recovered_53214e4_8c2c8b1/src/lib/black-card-membership.ts,,no,yes,no,,handoff,handoff package copy,,HANDOFF_COPY,no,yes,
/Users/blackforge/workspace/bwe/repos/repo_clean,friday-release-candidate,c626bcfe1737620d864d2b0a9b85bf028293f195,M,,modified,handoff_packages/handoff_recovered_53214e4_8c2c8b1/src/lib/black-card-state.ts,,no,yes,no,,handoff,handoff package copy,,HANDOFF_COPY,no,yes,
/Users/blackforge/workspace/bwe/repos/repo_clean,friday-release-candidate,c626bcfe1737620d864d2b0a9b85bf028293f195,M,,modified,handoff_packages/handoff_recovered_53214e4_8c2c8b1/src/lib/businessSubmission.ts,,no,yes,no,,handoff,handoff package copy,,HANDOFF_COPY,no,yes,
/Users/blackforge/workspace/bwe/repos/repo_clean,friday-release-candidate,c626bcfe1737620d864d2b0a9b85bf028293f195,M,,modified,handoff_packages/handoff_recovered_53214e4_8c2c8b1/src/lib/db/courses.ts,,no,yes,no,,handoff,handoff package copy,,HANDOFF_COPY,no,yes,
/Users/blackforge/workspace/bwe/repos/repo_clean,friday-release-candidate,c626bcfe1737620d864d2b0a9b85bf028293f195,M,,modified,handoff_packages/handoff_recovered_53214e4_8c2c8b1/src/lib/db/orders.ts,,no,yes,no,,handoff,handoff package copy,,HANDOFF_COPY,no,yes,
/Users/blackforge/workspace/bwe/repos/repo_clean,friday-release-candidate,c626bcfe1737620d864d2b0a9b85bf028293f195,M,,modified,handoff_packages/handoff_recovered_53214e4_8c2c8b1/src/lib/directory/publicVisibility.ts,,no,yes,no,,handoff,handoff package copy,,HANDOFF_COPY,no,yes,
/Users/blackforge/workspace/bwe/repos/repo_clean,friday-release-candidate,c626bcfe1737620d864d2b0a9b85bf028293f195,M,,modified,handoff_packages/handoff_recovered_53214e4_8c2c8b1/src/lib/founding-membership.ts,,no,yes,no,,handoff,handoff package copy,,HANDOFF_COPY,no,yes,
/Users/blackforge/workspace/bwe/repos/repo_clean,friday-release-candidate,c626bcfe1737620d864d2b0a9b85bf028293f195,M,,modified,handoff_packages/handoff_recovered_53214e4_8c2c8b1/src/lib/marketplace/__tests__/package1-tests.ts,,no,yes,no,,handoff,handoff package copy,,HANDOFF_COPY,no,yes,
/Users/blackforge/workspace/bwe/repos/repo_clean,friday-release-candidate,c626bcfe1737620d864d2b0a9b85bf028293f195,M,,modified,handoff_packages/handoff_recovered_53214e4_8c2c8b1/src/lib/marketplace/orderLifecycle.ts,,no,yes,no,,handoff,handoff package copy,,HANDOFF_COPY,no,yes,
/Users/blackforge/workspace/bwe/repos/repo_clean,friday-release-candidate,c626bcfe1737620d864d2b0a9b85bf028293f195,M,,modified,handoff_packages/handoff_recovered_53214e4_8c2c8b1/src/lib/marketplace/paymentLinkage.ts,,no,yes,no,,handoff,handoff package copy,,HANDOFF_COPY,no,yes,
/Users/blackforge/workspace/bwe/repos/repo_clean,friday-release-candidate,c626bcfe1737620d864d2b0a9b85bf028293f195,M,,modified,handoff_packages/handoff_recovered_53214e4_8c2c8b1/src/pages/admin/black-card.tsx,,no,yes,no,,handoff,handoff package copy,,HANDOFF_COPY,no,yes,
/Users/blackforge/workspace/bwe/repos/repo_clean,friday-release-candidate,c626bcfe1737620d864d2b0a9b85bf028293f195,M,,modified,handoff_packages/handoff_recovered_53214e4_8c2c8b1/src/pages/admin/challenge.tsx,,no,yes,no,,handoff,handoff package copy,,HANDOFF_COPY,no,yes,
/Users/blackforge/workspace/bwe/repos/repo_clean,friday-release-candidate,c626bcfe1737620d864d2b0a9b85bf028293f195,M,,modified,handoff_packages/handoff_recovered_53214e4_8c2c8b1/src/pages/admin/directory-approvals.tsx,,no,yes,no,,handoff,handoff package copy,,HANDOFF_COPY,no,yes,
/Users/blackforge/workspace/bwe/repos/repo_clean,friday-release-candidate,c626bcfe1737620d864d2b0a9b85bf028293f195,M,,modified,handoff_packages/handoff_recovered_53214e4_8c2c8b1/src/pages/admin/founding-memberships.tsx,,no,yes,no,,handoff,handoff package copy,,HANDOFF_COPY,no,yes,
/Users/blackforge/workspace/bwe/repos/repo_clean,friday-release-candidate,c626bcfe1737620d864d2b0a9b85bf028293f195,M,,modified,handoff_packages/handoff_recovered_53214e4_8c2c8b1/src/pages/admin/support/tickets.tsx,,no,yes,no,,handoff,handoff package copy,,HANDOFF_COPY,no,yes,
/Users/blackforge/workspace/bwe/repos/repo_clean,friday-release-candidate,c626bcfe1737620d864d2b0a9b85bf028293f195,M,,modified,handoff_packages/handoff_recovered_53214e4_8c2c8b1/src/pages/admin/support/tickets/[id].tsx,,no,yes,no,,handoff,handoff package copy,,HANDOFF_COPY,no,yes,
/Users/blackforge/workspace/bwe/repos/repo_clean,friday-release-candidate,c626bcfe1737620d864d2b0a9b85bf028293f195,M,,modified,handoff_packages/handoff_recovered_53214e4_8c2c8b1/src/pages/api/admin/black-card/cards.ts,,no,yes,no,,handoff,handoff package copy,,HANDOFF_COPY,no,yes,
/Users/blackforge/workspace/bwe/repos/repo_clean,friday-release-candidate,c626bcfe1737620d864d2b0a9b85bf028293f195,M,,modified,handoff_packages/handoff_recovered_53214e4_8c2c8b1/src/pages/api/admin/black-card/digital-requests.ts,,no,yes,no,,handoff,handoff package copy,,HANDOFF_COPY,no,yes,
/Users/blackforge/workspace/bwe/repos/repo_clean,friday-release-candidate,c626bcfe1737620d864d2b0a9b85bf028293f195,M,,modified,handoff_packages/handoff_recovered_53214e4_8c2c8b1/src/pages/api/admin/challenge.ts,,no,yes,no,,handoff,handoff package copy,,HANDOFF_COPY,no,yes,
/Users/blackforge/workspace/bwe/repos/repo_clean,friday-release-candidate,c626bcfe1737620d864d2b0a9b85bf028293f195,M,,modified,handoff_packages/handoff_recovered_53214e4_8c2c8b1/src/pages/api/admin/financial-class/repair.ts,,no,yes,no,,handoff,handoff package copy,,HANDOFF_COPY,no,yes,
/Users/blackforge/workspace/bwe/repos/repo_clean,friday-release-candidate,c626bcfe1737620d864d2b0a9b85bf028293f195,M,,modified,handoff_packages/handoff_recovered_53214e4_8c2c8b1/src/pages/api/admin/founding-memberships.ts,,no,yes,no,,handoff,handoff package copy,,HANDOFF_COPY,no,yes,
/Users/blackforge/workspace/bwe/repos/repo_clean,friday-release-candidate,c626bcfe1737620d864d2b0a9b85bf028293f195,M,,modified,handoff_packages/handoff_recovered_53214e4_8c2c8b1/src/pages/api/admin/get-directory-listings.ts,,no,yes,no,,handoff,handoff package copy,,HANDOFF_COPY,no,yes,
/Users/blackforge/workspace/bwe/repos/repo_clean,friday-release-candidate,c626bcfe1737620d864d2b0a9b85bf028293f195,M,,modified,handoff_packages/handoff_recovered_53214e4_8c2c8b1/src/pages/api/admin/support.ts,,no,yes,no,,handoff,handoff package copy,,HANDOFF_COPY,no,yes,
/Users/blackforge/workspace/bwe/repos/repo_clean,friday-release-candidate,c626bcfe1737620d864d2b0a9b85bf028293f195,M,,modified,handoff_packages/handoff_recovered_53214e4_8c2c8b1/src/pages/api/admin/support/[id].ts,,no,yes,no,,handoff,handoff package copy,,HANDOFF_COPY,no,yes,
/Users/blackforge/workspace/bwe/repos/repo_clean,friday-release-candidate,c626bcfe1737620d864d2b0a9b85bf028293f195,M,,modified,handoff_packages/handoff_recovered_53214e4_8c2c8b1/src/pages/api/black-card/digital-request.ts,,no,yes,no,,handoff,handoff package copy,,HANDOFF_COPY,no,yes,
/Users/blackforge/workspace/bwe/repos/repo_clean,friday-release-candidate,c626bcfe1737620d864d2b0a9b85bf028293f195,M,,modified,handoff_packages/handoff_recovered_53214e4_8c2c8b1/src/pages/api/black-card/member-summary.ts,,no,yes,no,,handoff,handoff package copy,,HANDOFF_COPY,no,yes,
/Users/blackforge/workspace/bwe/repos/repo_clean,friday-release-candidate,c626bcfe1737620d864d2b0a9b85bf028293f195,M,,modified,handoff_packages/handoff_recovered_53214e4_8c2c8b1/src/pages/api/challenge/creators.ts,,no,yes,no,,handoff,handoff package copy,,HANDOFF_COPY,no,yes,
/Users/blackforge/workspace/bwe/repos/repo_clean,friday-release-candidate,c626bcfe1737620d864d2b0a9b85bf028293f195,M,,modified,handoff_packages/handoff_recovered_53214e4_8c2c8b1/src/pages/api/challenge/join.ts,,no,yes,no,,handoff,handoff package copy,,HANDOFF_COPY,no,yes,
/Users/blackforge/workspace/bwe/repos/repo_clean,friday-release-candidate,c626bcfe1737620d864d2b0a9b85bf028293f195,M,,modified,handoff_packages/handoff_recovered_53214e4_8c2c8b1/src/pages/api/challenge/stats.ts,,no,yes,no,,handoff,handoff package copy,,HANDOFF_COPY,no,yes,
/Users/blackforge/workspace/bwe/repos/repo_clean,friday-release-candidate,c626bcfe1737620d864d2b0a9b85bf028293f195,M,,modified,handoff_packages/handoff_recovered_53214e4_8c2c8b1/src/pages/api/founding-membership/status.ts,,no,yes,no,,handoff,handoff package copy,,HANDOFF_COPY,no,yes,
/Users/blackforge/workspace/bwe/repos/repo_clean,friday-release-candidate,c626bcfe1737620d864d2b0a9b85bf028293f195,M,,modified,handoff_packages/handoff_recovered_53214e4_8c2c8b1/src/pages/api/getBusiness.js,,no,yes,no,,handoff,handoff package copy,,HANDOFF_COPY,no,yes,
/Users/blackforge/workspace/bwe/repos/repo_clean,friday-release-candidate,c626bcfe1737620d864d2b0a9b85bf028293f195,M,,modified,handoff_packages/handoff_recovered_53214e4_8c2c8b1/src/pages/api/news/black.ts,,no,yes,no,,handoff,handoff package copy,,HANDOFF_COPY,no,yes,
/Users/blackforge/workspace/bwe/repos/repo_clean,friday-release-candidate,c626bcfe1737620d864d2b0a9b85bf028293f195,M,,modified,handoff_packages/handoff_recovered_53214e4_8c2c8b1/src/pages/api/stripe/webhook-handler.ts,,no,yes,no,,handoff,handoff package copy,,HANDOFF_COPY,no,yes,
/Users/blackforge/workspace/bwe/repos/repo_clean,friday-release-candidate,c626bcfe1737620d864d2b0a9b85bf028293f195,M,,modified,handoff_packages/handoff_recovered_53214e4_8c2c8b1/src/pages/black-card/index.tsx,,no,yes,no,,handoff,handoff package copy,,HANDOFF_COPY,no,yes,
/Users/blackforge/workspace/bwe/repos/repo_clean,friday-release-candidate,c626bcfe1737620d864d2b0a9b85bf028293f195,M,,modified,handoff_packages/handoff_recovered_53214e4_8c2c8b1/src/pages/black-card/join.tsx,,no,yes,no,,handoff,handoff package copy,,HANDOFF_COPY,no,yes,
/Users/blackforge/workspace/bwe/repos/repo_clean,friday-release-candidate,c626bcfe1737620d864d2b0a9b85bf028293f195,M,,modified,handoff_packages/handoff_recovered_53214e4_8c2c8b1/src/pages/black-entertainment-news.tsx,,no,yes,no,,handoff,handoff package copy,,HANDOFF_COPY,no,yes,
/Users/blackforge/workspace/bwe/repos/repo_clean,friday-release-candidate,c626bcfe1737620d864d2b0a9b85bf028293f195,M,,modified,handoff_packages/handoff_recovered_53214e4_8c2c8b1/src/pages/business-directory.tsx,,no,yes,no,,handoff,handoff package copy,,HANDOFF_COPY,no,yes,
/Users/blackforge/workspace/bwe/repos/repo_clean,friday-release-candidate,c626bcfe1737620d864d2b0a9b85bf028293f195,M,,modified,handoff_packages/handoff_recovered_53214e4_8c2c8b1/src/pages/business-directory/add-business.tsx,,no,yes,no,,handoff,handoff package copy,,HANDOFF_COPY,no,yes,
/Users/blackforge/workspace/bwe/repos/repo_clean,friday-release-candidate,c626bcfe1737620d864d2b0a9b85bf028293f195,M,,modified,handoff_packages/handoff_recovered_53214e4_8c2c8b1/src/pages/business/[slug].tsx,,no,yes,no,,handoff,handoff package copy,,HANDOFF_COPY,no,yes,
/Users/blackforge/workspace/bwe/repos/repo_clean,friday-release-candidate,c626bcfe1737620d864d2b0a9b85bf028293f195,M,,modified,handoff_packages/handoff_recovered_53214e4_8c2c8b1/src/pages/challenge.tsx,,no,yes,no,,handoff,handoff package copy,,HANDOFF_COPY,no,yes,
/Users/blackforge/workspace/bwe/repos/repo_clean,friday-release-candidate,c626bcfe1737620d864d2b0a9b85bf028293f195,M,,modified,handoff_packages/handoff_recovered_53214e4_8c2c8b1/src/pages/challenge/creators.tsx,,no,yes,no,,handoff,handoff package copy,,HANDOFF_COPY,no,yes,
/Users/blackforge/workspace/bwe/repos/repo_clean,friday-release-candidate,c626bcfe1737620d864d2b0a9b85bf028293f195,M,,modified,handoff_packages/handoff_recovered_53214e4_8c2c8b1/src/pages/dashboard/black-card.tsx,,no,yes,no,,handoff,handoff package copy,,HANDOFF_COPY,no,yes,
/Users/blackforge/workspace/bwe/repos/repo_clean,friday-release-candidate,c626bcfe1737620d864d2b0a9b85bf028293f195,M,,modified,handoff_packages/handoff_recovered_53214e4_8c2c8b1/src/pages/founding-membership.tsx,,no,yes,no,,handoff,handoff package copy,,HANDOFF_COPY,no,yes,
/Users/blackforge/workspace/bwe/repos/repo_clean,friday-release-candidate,c626bcfe1737620d864d2b0a9b85bf028293f195,M,,modified,handoff_packages/handoff_recovered_53214e4_8c2c8b1/src/pages/founding-membership/status.tsx,,no,yes,no,,handoff,handoff package copy,,HANDOFF_COPY,no,yes,
/Users/blackforge/workspace/bwe/repos/repo_clean,friday-release-candidate,c626bcfe1737620d864d2b0a9b85bf028293f195,M,,modified,handoff_packages/handoff_recovered_53214e4_8c2c8b1/src/pages/index.tsx,,no,yes,no,,handoff,handoff package copy,,HANDOFF_COPY,no,yes,
/Users/blackforge/workspace/bwe/repos/repo_clean,friday-release-candidate,c626bcfe1737620d864d2b0a9b85bf028293f195,M,,modified,handoff_packages/handoff_recovered_53214e4_8c2c8b1/src/pages/pricing.tsx,,no,yes,no,,handoff,handoff package copy,,HANDOFF_COPY,no,yes,
/Users/blackforge/workspace/bwe/repos/repo_clean,friday-release-candidate,c626bcfe1737620d864d2b0a9b85bf028293f195,M,,modified,handoff_packages/handoff_recovered_53214e4_8c2c8b1/src/pages/real-estate-investment.tsx,,no,yes,no,,handoff,handoff package copy,,HANDOFF_COPY,no,yes,
/Users/blackforge/workspace/bwe/repos/repo_clean,friday-release-candidate,c626bcfe1737620d864d2b0a9b85bf028293f195,M,,modified,handoff_packages/handoff_recovered_53214e4_8c2c8b1/src/pages/real-estate-toolkit.tsx,,no,yes,no,,handoff,handoff package copy,,HANDOFF_COPY,no,yes,
/Users/blackforge/workspace/bwe/repos/repo_clean,friday-release-candidate,c626bcfe1737620d864d2b0a9b85bf028293f195,M,,modified,handoff_packages/handoff_recovered_53214e4_8c2c8b1/src/pages/real-estate.tsx,,no,yes,no,,handoff,handoff package copy,,HANDOFF_COPY,no,yes,
/Users/blackforge/workspace/bwe/repos/repo_clean,friday-release-candidate,c626bcfe1737620d864d2b0a9b85bf028293f195,M,,modified,handoff_packages/handoff_recovered_53214e4_8c2c8b1/src/pages/signup.tsx,,no,yes,no,,handoff,handoff package copy,,HANDOFF_COPY,no,yes,
/Users/blackforge/workspace/bwe/repos/repo_clean,friday-release-candidate,c626bcfe1737620d864d2b0a9b85bf028293f195,M,,modified,handoff_packages/handoff_recovered_53214e4_8c2c8b1/src/pages/support.tsx,,no,yes,no,,handoff,handoff package copy,,HANDOFF_COPY,no,yes,
/Users/blackforge/workspace/bwe/repos/repo_clean,friday-release-candidate,c626bcfe1737620d864d2b0a9b85bf028293f195,M,,modified,scripts/black-card-lifecycle-test-counts.mjs,,no,yes,no,,scripts,"runtime, recovery, or proof script",,SCRIPT,no,yes,
/Users/blackforge/workspace/bwe/repos/repo_clean,friday-release-candidate,c626bcfe1737620d864d2b0a9b85bf028293f195,untracked,?,untracked,scripts/debug-business-parity-state.mjs,,no,no,no,,scripts,"runtime, recovery, or proof script",,SCRIPT,no,yes,
/Users/blackforge/workspace/bwe/repos/repo_clean,friday-release-candidate,c626bcfe1737620d864d2b0a9b85bf028293f195,untracked,?,untracked,scripts/debug-org-resolver.mjs,,no,no,no,,scripts,"runtime, recovery, or proof script",,SCRIPT,no,yes,
/Users/blackforge/workspace/bwe/repos/repo_clean,friday-release-candidate,c626bcfe1737620d864d2b0a9b85bf028293f195,M,,modified,scripts/recovery/apply_manual_visibility_override_19.js,,no,yes,no,,scripts,"runtime, recovery, or proof script",,SCRIPT,no,yes,
/Users/blackforge/workspace/bwe/repos/repo_clean,friday-release-candidate,c626bcfe1737620d864d2b0a9b85bf028293f195,M,,modified,scripts/recovery/approval_conversion_analysis_readonly.js,,no,yes,no,,scripts,"runtime, recovery, or proof script",,SCRIPT,no,yes,
/Users/blackforge/workspace/bwe/repos/repo_clean,friday-release-candidate,c626bcfe1737620d864d2b0a9b85bf028293f195,M,,modified,scripts/recovery/approval_query_quality_analysis_readonly.js,,no,yes,no,,scripts,"runtime, recovery, or proof script",,SCRIPT,no,yes,
/Users/blackforge/workspace/bwe/repos/repo_clean,friday-release-candidate,c626bcfe1737620d864d2b0a9b85bf028293f195,M,,modified,scripts/recovery/approval_repair_analysis_150_readonly.js,,no,yes,no,,scripts,"runtime, recovery, or proof script",,SCRIPT,no,yes,
/Users/blackforge/workspace/bwe/repos/repo_clean,friday-release-candidate,c626bcfe1737620d864d2b0a9b85bf028293f195,M,,modified,scripts/recovery/approval_repair_analysis_150_strict_readonly.js,,no,yes,no,,scripts,"runtime, recovery, or proof script",,SCRIPT,no,yes,
/Users/blackforge/workspace/bwe/repos/repo_clean,friday-release-candidate,c626bcfe1737620d864d2b0a9b85bf028293f195,M,,modified,scripts/recovery/audit_all_businesses_enrichment_readonly.js,,no,yes,no,,scripts,"runtime, recovery, or proof script",,SCRIPT,no,yes,
/Users/blackforge/workspace/bwe/repos/repo_clean,friday-release-candidate,c626bcfe1737620d864d2b0a9b85bf028293f195,M,,modified,scripts/recovery/audit_all_businesses_protected_public_readonly_v2.js,,no,yes,no,,scripts,"runtime, recovery, or proof script",,SCRIPT,no,yes,
/Users/blackforge/workspace/bwe/repos/repo_clean,friday-release-candidate,c626bcfe1737620d864d2b0a9b85bf028293f195,M,,modified,scripts/recovery/audit_all_businesses_protected_public_readonly.js,,no,yes,no,,scripts,"runtime, recovery, or proof script",,SCRIPT,no,yes,
/Users/blackforge/workspace/bwe/repos/repo_clean,friday-release-candidate,c626bcfe1737620d864d2b0a9b85bf028293f195,M,,modified,scripts/recovery/audit_recovery_batch1_original_universe_readonly.js,,no,yes,no,,scripts,"runtime, recovery, or proof script",,SCRIPT,no,yes,
/Users/blackforge/workspace/bwe/repos/repo_clean,friday-release-candidate,c626bcfe1737620d864d2b0a9b85bf028293f195,M,,modified,scripts/recovery/audit_recovery_batch1_readonly_v2.js,,no,yes,no,,scripts,"runtime, recovery, or proof script",,SCRIPT,no,yes,
/Users/blackforge/workspace/bwe/repos/repo_clean,friday-release-candidate,c626bcfe1737620d864d2b0a9b85bf028293f195,M,,modified,scripts/recovery/build_recovery_batch1_readonly.js,,no,yes,no,,scripts,"runtime, recovery, or proof script",,SCRIPT,no,yes,
/Users/blackforge/workspace/bwe/repos/repo_clean,friday-release-candidate,c626bcfe1737620d864d2b0a9b85bf028293f195,M,,modified,scripts/recovery/build-admin-review-queue.ts,,no,yes,no,,scripts,"runtime, recovery, or proof script",,SCRIPT,no,yes,
/Users/blackforge/workspace/bwe/repos/repo_clean,friday-release-candidate,c626bcfe1737620d864d2b0a9b85bf028293f195,M,,modified,scripts/recovery/check-duplicates.ts,,no,yes,no,,scripts,"runtime, recovery, or proof script",,SCRIPT,no,yes,
/Users/blackforge/workspace/bwe/repos/repo_clean,friday-release-candidate,c626bcfe1737620d864d2b0a9b85bf028293f195,M,,modified,scripts/recovery/extract_zero_action_35.js,,no,yes,no,,scripts,"runtime, recovery, or proof script",,SCRIPT,no,yes,
/Users/blackforge/workspace/bwe/repos/repo_clean,friday-release-candidate,c626bcfe1737620d864d2b0a9b85bf028293f195,M,,modified,scripts/recovery/generate-import-candidates-300.ts,,no,yes,no,,scripts,"runtime, recovery, or proof script",,SCRIPT,no,yes,
/Users/blackforge/workspace/bwe/repos/repo_clean,friday-release-candidate,c626bcfe1737620d864d2b0a9b85bf028293f195,M,,modified,scripts/recovery/match-existing-665.ts,,no,yes,no,,scripts,"runtime, recovery, or proof script",,SCRIPT,no,yes,
/Users/blackforge/workspace/bwe/repos/repo_clean,friday-release-candidate,c626bcfe1737620d864d2b0a9b85bf028293f195,M,,modified,scripts/recovery/out/admin-review-queue.json,,no,yes,no,,recovery,generated recovery artifact,,RECOVERY_OUTPUT,no,yes,
/Users/blackforge/workspace/bwe/repos/repo_clean,friday-release-candidate,c626bcfe1737620d864d2b0a9b85bf028293f195,M,,modified,scripts/recovery/out/all-business-category-audit-readonly.json,,no,yes,no,,recovery,generated recovery artifact,,RECOVERY_OUTPUT,no,yes,
/Users/blackforge/workspace/bwe/repos/repo_clean,friday-release-candidate,c626bcfe1737620d864d2b0a9b85bf028293f195,M,,modified,scripts/recovery/out/all-businesses-enrichment-research-readonly.json,,no,yes,no,,recovery,generated recovery artifact,,RECOVERY_OUTPUT,no,yes,
/Users/blackforge/workspace/bwe/repos/repo_clean,friday-release-candidate,c626bcfe1737620d864d2b0a9b85bf028293f195,M,,modified,scripts/recovery/out/all-businesses-enrichment-summary-readonly.json,,no,yes,no,,recovery,generated recovery artifact,,RECOVERY_OUTPUT,no,yes,
/Users/blackforge/workspace/bwe/repos/repo_clean,friday-release-candidate,c626bcfe1737620d864d2b0a9b85bf028293f195,M,,modified,scripts/recovery/out/approval-alias-queue-review-readonly.json,,no,yes,no,,recovery,generated recovery artifact,,RECOVERY_OUTPUT,no,yes,
/Users/blackforge/workspace/bwe/repos/repo_clean,friday-release-candidate,c626bcfe1737620d864d2b0a9b85bf028293f195,M,,modified,scripts/recovery/out/approval-blocked-by-duplicate-review-readonly.json,,no,yes,no,,recovery,generated recovery artifact,,RECOVERY_OUTPUT,no,yes,
/Users/blackforge/workspace/bwe/repos/repo_clean,friday-release-candidate,c626bcfe1737620d864d2b0a9b85bf028293f195,M,,modified,scripts/recovery/out/approval-candidates-150-closed-invalid-readonly.json,,no,yes,no,,recovery,generated recovery artifact,,RECOVERY_OUTPUT,no,yes,
/Users/blackforge/workspace/bwe/repos/repo_clean,friday-release-candidate,c626bcfe1737620d864d2b0a9b85bf028293f195,M,,modified,scripts/recovery/out/approval-candidates-150-confirmed-duplicates-readonly.json,,no,yes,no,,recovery,generated recovery artifact,,RECOVERY_OUTPUT,no,yes,
/Users/blackforge/workspace/bwe/repos/repo_clean,friday-release-candidate,c626bcfe1737620d864d2b0a9b85bf028293f195,M,,modified,scripts/recovery/out/approval-candidates-150-external-research-repaired-readonly.json,,no,yes,no,,recovery,generated recovery artifact,,RECOVERY_OUTPUT,no,yes,
/Users/blackforge/workspace/bwe/repos/repo_clean,friday-release-candidate,c626bcfe1737620d864d2b0a9b85bf028293f195,M,,modified,scripts/recovery/out/approval-candidates-150-final-growth-summary-readonly.json,,no,yes,no,,recovery,generated recovery artifact,,RECOVERY_OUTPUT,no,yes,
/Users/blackforge/workspace/bwe/repos/repo_clean,friday-release-candidate,c626bcfe1737620d864d2b0a9b85bf028293f195,M,,modified,scripts/recovery/out/approval-candidates-150-mongodb-repaired-readonly.json,,no,yes,no,,recovery,generated recovery artifact,,RECOVERY_OUTPUT,no,yes,
/Users/blackforge/workspace/bwe/repos/repo_clean,friday-release-candidate,c626bcfe1737620d864d2b0a9b85bf028293f195,M,,modified,scripts/recovery/out/approval-candidates-150-repair-analysis-readonly.json,,no,yes,no,,recovery,generated recovery artifact,,RECOVERY_OUTPUT,no,yes,
/Users/blackforge/workspace/bwe/repos/repo_clean,friday-release-candidate,c626bcfe1737620d864d2b0a9b85bf028293f195,M,,modified,scripts/recovery/out/approval-candidates-150-unresolved-readonly.json,,no,yes,no,,recovery,generated recovery artifact,,RECOVERY_OUTPUT,no,yes,
/Users/blackforge/workspace/bwe/repos/repo_clean,friday-release-candidate,c626bcfe1737620d864d2b0a9b85bf028293f195,M,,modified,scripts/recovery/out/approval-candidates-22-completeness-recompute-backup.json,,no,yes,no,,recovery,generated recovery artifact,,RECOVERY_OUTPUT,no,yes,
/Users/blackforge/workspace/bwe/repos/repo_clean,friday-release-candidate,c626bcfe1737620d864d2b0a9b85bf028293f195,M,,modified,scripts/recovery/out/approval-candidates-22-completeness-recompute-report.json,,no,yes,no,,recovery,generated recovery artifact,,RECOVERY_OUTPUT,no,yes,
/Users/blackforge/workspace/bwe/repos/repo_clean,friday-release-candidate,c626bcfe1737620d864d2b0a9b85bf028293f195,M,,modified,scripts/recovery/out/approval-candidates-22-completeness-recompute-summary.json,,no,yes,no,,recovery,generated recovery artifact,,RECOVERY_OUTPUT,no,yes,
/Users/blackforge/workspace/bwe/repos/repo_clean,friday-release-candidate,c626bcfe1737620d864d2b0a9b85bf028293f195,M,,modified,scripts/recovery/out/approval-candidates-22-duplicate-check-readonly.json,,no,yes,no,,recovery,generated recovery artifact,,RECOVERY_OUTPUT,no,yes,
/Users/blackforge/workspace/bwe/repos/repo_clean,friday-release-candidate,c626bcfe1737620d864d2b0a9b85bf028293f195,M,,modified,scripts/recovery/out/approval-candidates-22-external-sources-readonly.json,,no,yes,no,,recovery,generated recovery artifact,,RECOVERY_OUTPUT,no,yes,
/Users/blackforge/workspace/bwe/repos/repo_clean,friday-release-candidate,c626bcfe1737620d864d2b0a9b85bf028293f195,M,,modified,scripts/recovery/out/approval-candidates-22-final-growth-summary-readonly.json,,no,yes,no,,recovery,generated recovery artifact,,RECOVERY_OUTPUT,no,yes,
/Users/blackforge/workspace/bwe/repos/repo_clean,friday-release-candidate,c626bcfe1737620d864d2b0a9b85bf028293f195,M,,modified,scripts/recovery/out/approval-candidates-22-full-validation-readonly.json,,no,yes,no,,recovery,generated recovery artifact,,RECOVERY_OUTPUT,no,yes,
/Users/blackforge/workspace/bwe/repos/repo_clean,friday-release-candidate,c626bcfe1737620d864d2b0a9b85bf028293f195,M,,modified,scripts/recovery/out/approval-candidates-22-live-backup.json,,no,yes,no,,recovery,generated recovery artifact,,RECOVERY_OUTPUT,no,yes,
/Users/blackforge/workspace/bwe/repos/repo_clean,friday-release-candidate,c626bcfe1737620d864d2b0a9b85bf028293f195,M,,modified,scripts/recovery/out/approval-candidates-22-live-repair-log.json,,no,yes,no,,recovery,generated recovery artifact,,RECOVERY_OUTPUT,no,yes,
/Users/blackforge/workspace/bwe/repos/repo_clean,friday-release-candidate,c626bcfe1737620d864d2b0a9b85bf028293f195,M,,modified,scripts/recovery/out/approval-candidates-22-live-summary.json,,no,yes,no,,recovery,generated recovery artifact,,RECOVERY_OUTPUT,no,yes,
/Users/blackforge/workspace/bwe/repos/repo_clean,friday-release-candidate,c626bcfe1737620d864d2b0a9b85bf028293f195,M,,modified,scripts/recovery/out/approval-candidates-22-repair-batch-readonly.json,,no,yes,no,,recovery,generated recovery artifact,,RECOVERY_OUTPUT,no,yes,
/Users/blackforge/workspace/bwe/repos/repo_clean,friday-release-candidate,c626bcfe1737620d864d2b0a9b85bf028293f195,M,,modified,scripts/recovery/out/approval-candidates-22-repair-batch-summary-readonly.json,,no,yes,no,,recovery,generated recovery artifact,,RECOVERY_OUTPUT,no,yes,
/Users/blackforge/workspace/bwe/repos/repo_clean,friday-release-candidate,c626bcfe1737620d864d2b0a9b85bf028293f195,M,,modified,scripts/recovery/out/approval-candidates-22-repair-ops-readonly.json,,no,yes,no,,recovery,generated recovery artifact,,RECOVERY_OUTPUT,no,yes,
/Users/blackforge/workspace/bwe/repos/repo_clean,friday-release-candidate,c626bcfe1737620d864d2b0a9b85bf028293f195,M,,modified,scripts/recovery/out/approval-candidates-22-repair-proposal-readonly.json,,no,yes,no,,recovery,generated recovery artifact,,RECOVERY_OUTPUT,no,yes,
/Users/blackforge/workspace/bwe/repos/repo_clean,friday-release-candidate,c626bcfe1737620d864d2b0a9b85bf028293f195,M,,modified,scripts/recovery/out/approval-candidates-22-repair-rollback-readonly.json,,no,yes,no,,recovery,generated recovery artifact,,RECOVERY_OUTPUT,no,yes,
/Users/blackforge/workspace/bwe/repos/repo_clean,friday-release-candidate,c626bcfe1737620d864d2b0a9b85bf028293f195,M,,modified,scripts/recovery/out/approval-candidates-22-rollback-readonly.json,,no,yes,no,,recovery,generated recovery artifact,,RECOVERY_OUTPUT,no,yes,
/Users/blackforge/workspace/bwe/repos/repo_clean,friday-release-candidate,c626bcfe1737620d864d2b0a9b85bf028293f195,M,,modified,scripts/recovery/out/approval-candidates-22-search-route-simulation-readonly.json,,no,yes,no,,recovery,generated recovery artifact,,RECOVERY_OUTPUT,no,yes,
/Users/blackforge/workspace/bwe/repos/repo_clean,friday-release-candidate,c626bcfe1737620d864d2b0a9b85bf028293f195,M,,modified,scripts/recovery/out/approval-candidates-deterministic-corrections-readonly.json,,no,yes,no,,recovery,generated recovery artifact,,RECOVERY_OUTPUT,no,yes,
/Users/blackforge/workspace/bwe/repos/repo_clean,friday-release-candidate,c626bcfe1737620d864d2b0a9b85bf028293f195,M,,modified,scripts/recovery/out/approval-candidates-limited-research-readonly.json,,no,yes,no,,recovery,generated recovery artifact,,RECOVERY_OUTPUT,no,yes,
/Users/blackforge/workspace/bwe/repos/repo_clean,friday-release-candidate,c626bcfe1737620d864d2b0a9b85bf028293f195,M,,modified,scripts/recovery/out/approval-candidates-query-ready-high-quality-readonly.json,,no,yes,no,,recovery,generated recovery artifact,,RECOVERY_OUTPUT,no,yes,
/Users/blackforge/workspace/bwe/repos/repo_clean,friday-release-candidate,c626bcfe1737620d864d2b0a9b85bf028293f195,M,,modified,scripts/recovery/out/approval-candidates-rejected-quality-readonly.json,,no,yes,no,,recovery,generated recovery artifact,,RECOVERY_OUTPUT,no,yes,
/Users/blackforge/workspace/bwe/repos/repo_clean,friday-release-candidate,c626bcfe1737620d864d2b0a9b85bf028293f195,M,,modified,scripts/recovery/out/approval-candidates-search-simulation-readonly.json,,no,yes,no,,recovery,generated recovery artifact,,RECOVERY_OUTPUT,no,yes,
/Users/blackforge/workspace/bwe/repos/repo_clean,friday-release-candidate,c626bcfe1737620d864d2b0a9b85bf028293f195,M,,modified,scripts/recovery/out/approval-category-queue-review-readonly.json,,no,yes,no,,recovery,generated recovery artifact,,RECOVERY_OUTPUT,no,yes,
/Users/blackforge/workspace/bwe/repos/repo_clean,friday-release-candidate,c626bcfe1737620d864d2b0a9b85bf028293f195,M,,modified,scripts/recovery/out/approval-conversion-summary-readonly.json,,no,yes,no,,recovery,generated recovery artifact,,RECOVERY_OUTPUT,no,yes,
/Users/blackforge/workspace/bwe/repos/repo_clean,friday-release-candidate,c626bcfe1737620d864d2b0a9b85bf028293f195,M,,modified,scripts/recovery/out/approval-growth-quality-summary-readonly.json,,no,yes,no,,recovery,generated recovery artifact,,RECOVERY_OUTPUT,no,yes,
/Users/blackforge/workspace/bwe/repos/repo_clean,friday-release-candidate,c626bcfe1737620d864d2b0a9b85bf028293f195,M,,modified,scripts/recovery/out/approval-ready-after-deterministic-repair-readonly.json,,no,yes,no,,recovery,generated recovery artifact,,RECOVERY_OUTPUT,no,yes,
/Users/blackforge/workspace/bwe/repos/repo_clean,friday-release-candidate,c626bcfe1737620d864d2b0a9b85bf028293f195,M,,modified,scripts/recovery/out/approval-ready-after-limited-research-readonly.json,,no,yes,no,,recovery,generated recovery artifact,,RECOVERY_OUTPUT,no,yes,
/Users/blackforge/workspace/bwe/repos/repo_clean,friday-release-candidate,c626bcfe1737620d864d2b0a9b85bf028293f195,M,,modified,scripts/recovery/out/approval-ready-candidates-readonly.json,,no,yes,no,,recovery,generated recovery artifact,,RECOVERY_OUTPUT,no,yes,
/Users/blackforge/workspace/bwe/repos/repo_clean,friday-release-candidate,c626bcfe1737620d864d2b0a9b85bf028293f195,M,,modified,scripts/recovery/out/approval-ready-now-readonly.json,,no,yes,no,,recovery,generated recovery artifact,,RECOVERY_OUTPUT,no,yes,
/Users/blackforge/workspace/bwe/repos/repo_clean,friday-release-candidate,c626bcfe1737620d864d2b0a9b85bf028293f195,M,,modified,scripts/recovery/out/approval-unresolved-readonly.json,,no,yes,no,,recovery,generated recovery artifact,,RECOVERY_OUTPUT,no,yes,
/Users/blackforge/workspace/bwe/repos/repo_clean,friday-release-candidate,c626bcfe1737620d864d2b0a9b85bf028293f195,M,,modified,scripts/recovery/out/batch0-provenance-row-ids.json,,no,yes,no,,recovery,generated recovery artifact,,RECOVERY_OUTPUT,no,yes,
/Users/blackforge/workspace/bwe/repos/repo_clean,friday-release-candidate,c626bcfe1737620d864d2b0a9b85bf028293f195,M,,modified,scripts/recovery/out/display-categories-reconciliation-readonly.json,,no,yes,no,,recovery,generated recovery artifact,,RECOVERY_OUTPUT,no,yes,
/Users/blackforge/workspace/bwe/repos/repo_clean,friday-release-candidate,c626bcfe1737620d864d2b0a9b85bf028293f195,M,,modified,scripts/recovery/out/duplicate-report-readonly.json,,no,yes,no,,recovery,generated recovery artifact,,RECOVERY_OUTPUT,no,yes,
/Users/blackforge/workspace/bwe/repos/repo_clean,friday-release-candidate,c626bcfe1737620d864d2b0a9b85bf028293f195,M,,modified,scripts/recovery/out/duplicate-report.json,,no,yes,no,,recovery,generated recovery artifact,,RECOVERY_OUTPUT,no,yes,
/Users/blackforge/workspace/bwe/repos/repo_clean,friday-release-candidate,c626bcfe1737620d864d2b0a9b85bf028293f195,M,,modified,scripts/recovery/out/import-candidates-300.json,,no,yes,no,,recovery,generated recovery artifact,,RECOVERY_OUTPUT,no,yes,
/Users/blackforge/workspace/bwe/repos/repo_clean,friday-release-candidate,c626bcfe1737620d864d2b0a9b85bf028293f195,M,,modified,scripts/recovery/out/manual-visibility-19-backup.json,,no,yes,no,,recovery,generated recovery artifact,,RECOVERY_OUTPUT,no,yes,
/Users/blackforge/workspace/bwe/repos/repo_clean,friday-release-candidate,c626bcfe1737620d864d2b0a9b85bf028293f195,M,,modified,scripts/recovery/out/manual-visibility-19-result.json,,no,yes,no,,recovery,generated recovery artifact,,RECOVERY_OUTPUT,no,yes,
/Users/blackforge/workspace/bwe/repos/repo_clean,friday-release-candidate,c626bcfe1737620d864d2b0a9b85bf028293f195,M,,modified,scripts/recovery/out/manual-visibility-19-rollback.json,,no,yes,no,,recovery,generated recovery artifact,,RECOVERY_OUTPUT,no,yes,
/Users/blackforge/workspace/bwe/repos/repo_clean,friday-release-candidate,c626bcfe1737620d864d2b0a9b85bf028293f195,M,,modified,scripts/recovery/out/match-existing-665.json,,no,yes,no,,recovery,generated recovery artifact,,RECOVERY_OUTPUT,no,yes,
/Users/blackforge/workspace/bwe/repos/repo_clean,friday-release-candidate,c626bcfe1737620d864d2b0a9b85bf028293f195,M,,modified,scripts/recovery/out/org-broken-websites-audit.json,,no,yes,no,,recovery,generated recovery artifact,,RECOVERY_OUTPUT,no,yes,
/Users/blackforge/workspace/bwe/repos/repo_clean,friday-release-candidate,c626bcfe1737620d864d2b0a9b85bf028293f195,untracked,?,untracked,scripts/recovery/out/production-businesses-readonly-audit-2026-07-02.json,,no,no,no,,recovery,generated recovery artifact,,RECOVERY_OUTPUT,no,yes,
/Users/blackforge/workspace/bwe/repos/repo_clean,friday-release-candidate,c626bcfe1737620d864d2b0a9b85bf028293f195,M,,modified,scripts/recovery/out/protected-live-search-businesses-readonly.json,,no,yes,no,,recovery,generated recovery artifact,,RECOVERY_OUTPUT,no,yes,
/Users/blackforge/workspace/bwe/repos/repo_clean,friday-release-candidate,c626bcfe1737620d864d2b0a9b85bf028293f195,M,,modified,scripts/recovery/out/protected-public-business-ids-readonly.json,,no,yes,no,,recovery,generated recovery artifact,,RECOVERY_OUTPUT,no,yes,
/Users/blackforge/workspace/bwe/repos/repo_clean,friday-release-candidate,c626bcfe1737620d864d2b0a9b85bf028293f195,M,,modified,scripts/recovery/out/r2-city-quality-correction-report.json,,no,yes,no,,recovery,generated recovery artifact,,RECOVERY_OUTPUT,no,yes,
/Users/blackforge/workspace/bwe/repos/repo_clean,friday-release-candidate,c626bcfe1737620d864d2b0a9b85bf028293f195,M,,modified,scripts/recovery/out/r2-recovery-report.json,,no,yes,no,,recovery,generated recovery artifact,,RECOVERY_OUTPUT,no,yes,
/Users/blackforge/workspace/bwe/repos/repo_clean,friday-release-candidate,c626bcfe1737620d864d2b0a9b85bf028293f195,M,,modified,scripts/recovery/out/recovery-batch1-alias-slug-readonly.json,,no,yes,no,,recovery,generated recovery artifact,,RECOVERY_OUTPUT,no,yes,
/Users/blackforge/workspace/bwe/repos/repo_clean,friday-release-candidate,c626bcfe1737620d864d2b0a9b85bf028293f195,M,,modified,scripts/recovery/out/recovery-batch1-audit-v2-summary-readonly.json,,no,yes,no,,recovery,generated recovery artifact,,RECOVERY_OUTPUT,no,yes,
/Users/blackforge/workspace/bwe/repos/repo_clean,friday-release-candidate,c626bcfe1737620d864d2b0a9b85bf028293f195,M,,modified,scripts/recovery/out/recovery-batch1-candidates-full-readonly.json,,no,yes,no,,recovery,generated recovery artifact,,RECOVERY_OUTPUT,no,yes,
/Users/blackforge/workspace/bwe/repos/repo_clean,friday-release-candidate,c626bcfe1737620d864d2b0a9b85bf028293f195,M,,modified,scripts/recovery/out/recovery-batch1-candidates-readonly.json,,no,yes,no,,recovery,generated recovery artifact,,RECOVERY_OUTPUT,no,yes,
/Users/blackforge/workspace/bwe/repos/repo_clean,friday-release-candidate,c626bcfe1737620d864d2b0a9b85bf028293f195,M,,modified,scripts/recovery/out/recovery-batch1-direct-category-readonly.json,,no,yes,no,,recovery,generated recovery artifact,,RECOVERY_OUTPUT,no,yes,
/Users/blackforge/workspace/bwe/repos/repo_clean,friday-release-candidate,c626bcfe1737620d864d2b0a9b85bf028293f195,M,,modified,scripts/recovery/out/recovery-batch1-duplicate-breakdown-original-universe-readonly.json,,no,yes,no,,recovery,generated recovery artifact,,RECOVERY_OUTPUT,no,yes,
/Users/blackforge/workspace/bwe/repos/repo_clean,friday-release-candidate,c626bcfe1737620d864d2b0a9b85bf028293f195,M,,modified,scripts/recovery/out/recovery-batch1-duplicate-breakdown-readonly.json,,no,yes,no,,recovery,generated recovery artifact,,RECOVERY_OUTPUT,no,yes,
/Users/blackforge/workspace/bwe/repos/repo_clean,friday-release-candidate,c626bcfe1737620d864d2b0a9b85bf028293f195,M,,modified,scripts/recovery/out/recovery-batch1-exact-duplicate-collisions-readonly.json,,no,yes,no,,recovery,generated recovery artifact,,RECOVERY_OUTPUT,no,yes,
/Users/blackforge/workspace/bwe/repos/repo_clean,friday-release-candidate,c626bcfe1737620d864d2b0a9b85bf028293f195,M,,modified,scripts/recovery/out/recovery-batch1-field-operations-original-universe-readonly.json,,no,yes,no,,recovery,generated recovery artifact,,RECOVERY_OUTPUT,no,yes,
/Users/blackforge/workspace/bwe/repos/repo_clean,friday-release-candidate,c626bcfe1737620d864d2b0a9b85bf028293f195,M,,modified,scripts/recovery/out/recovery-batch1-field-operations-readonly.json,,no,yes,no,,recovery,generated recovery artifact,,RECOVERY_OUTPUT,no,yes,
/Users/blackforge/workspace/bwe/repos/repo_clean,friday-release-candidate,c626bcfe1737620d864d2b0a9b85bf028293f195,M,,modified,scripts/recovery/out/recovery-batch1-likely-duplicate-review-readonly.json,,no,yes,no,,recovery,generated recovery artifact,,RECOVERY_OUTPUT,no,yes,
/Users/blackforge/workspace/bwe/repos/repo_clean,friday-release-candidate,c626bcfe1737620d864d2b0a9b85bf028293f195,M,,modified,scripts/recovery/out/recovery-batch1-missing-name-readonly.json,,no,yes,no,,recovery,generated recovery artifact,,RECOVERY_OUTPUT,no,yes,
/Users/blackforge/workspace/bwe/repos/repo_clean,friday-release-candidate,c626bcfe1737620d864d2b0a9b85bf028293f195,M,,modified,scripts/recovery/out/recovery-batch1-near-approval-readonly.json,,no,yes,no,,recovery,generated recovery artifact,,RECOVERY_OUTPUT,no,yes,
/Users/blackforge/workspace/bwe/repos/repo_clean,friday-release-candidate,c626bcfe1737620d864d2b0a9b85bf028293f195,M,,modified,scripts/recovery/out/recovery-batch1-near-approval-review-original-universe-readonly.json,,no,yes,no,,recovery,generated recovery artifact,,RECOVERY_OUTPUT,no,yes,
/Users/blackforge/workspace/bwe/repos/repo_clean,friday-release-candidate,c626bcfe1737620d864d2b0a9b85bf028293f195,M,,modified,scripts/recovery/out/recovery-batch1-near-approval-review-readonly-v2.json,,no,yes,no,,recovery,generated recovery artifact,,RECOVERY_OUTPUT,no,yes,
/Users/blackforge/workspace/bwe/repos/repo_clean,friday-release-candidate,c626bcfe1737620d864d2b0a9b85bf028293f195,M,,modified,scripts/recovery/out/recovery-batch1-no-action-readonly.json,,no,yes,no,,recovery,generated recovery artifact,,RECOVERY_OUTPUT,no,yes,
/Users/blackforge/workspace/bwe/repos/repo_clean,friday-release-candidate,c626bcfe1737620d864d2b0a9b85bf028293f195,M,,modified,scripts/recovery/out/recovery-batch1-normalization-only-readonly.json,,no,yes,no,,recovery,generated recovery artifact,,RECOVERY_OUTPUT,no,yes,
/Users/blackforge/workspace/bwe/repos/repo_clean,friday-release-candidate,c626bcfe1737620d864d2b0a9b85bf028293f195,M,,modified,scripts/recovery/out/recovery-batch1-reconciliation-summary-readonly.json,,no,yes,no,,recovery,generated recovery artifact,,RECOVERY_OUTPUT,no,yes,
/Users/blackforge/workspace/bwe/repos/repo_clean,friday-release-candidate,c626bcfe1737620d864d2b0a9b85bf028293f195,M,,modified,scripts/recovery/out/recovery-batch1-safe-first-write-batch-readonly.json,,no,yes,no,,recovery,generated recovery artifact,,RECOVERY_OUTPUT,no,yes,
/Users/blackforge/workspace/bwe/repos/repo_clean,friday-release-candidate,c626bcfe1737620d864d2b0a9b85bf028293f195,M,,modified,scripts/recovery/out/recovery-batch1-safe-first-write-batch-rollback-readonly.json,,no,yes,no,,recovery,generated recovery artifact,,RECOVERY_OUTPUT,no,yes,
/Users/blackforge/workspace/bwe/repos/repo_clean,friday-release-candidate,c626bcfe1737620d864d2b0a9b85bf028293f195,M,,modified,scripts/recovery/out/recovery-batch1-safe-normalization-ops-original-universe-readonly.json,,no,yes,no,,recovery,generated recovery artifact,,RECOVERY_OUTPUT,no,yes,
/Users/blackforge/workspace/bwe/repos/repo_clean,friday-release-candidate,c626bcfe1737620d864d2b0a9b85bf028293f195,M,,modified,scripts/recovery/out/recovery-batch1-safe-normalization-ops-readonly.json,,no,yes,no,,recovery,generated recovery artifact,,RECOVERY_OUTPUT,no,yes,
/Users/blackforge/workspace/bwe/repos/repo_clean,friday-release-candidate,c626bcfe1737620d864d2b0a9b85bf028293f195,M,,modified,scripts/recovery/out/recovery-batch1-safe-write-proposal-original-universe-readonly.json,,no,yes,no,,recovery,generated recovery artifact,,RECOVERY_OUTPUT,no,yes,
/Users/blackforge/workspace/bwe/repos/repo_clean,friday-release-candidate,c626bcfe1737620d864d2b0a9b85bf028293f195,M,,modified,scripts/recovery/out/recovery-batch1-safe-write-proposal-readonly-v2.json,,no,yes,no,,recovery,generated recovery artifact,,RECOVERY_OUTPUT,no,yes,
/Users/blackforge/workspace/bwe/repos/repo_clean,friday-release-candidate,c626bcfe1737620d864d2b0a9b85bf028293f195,M,,modified,scripts/recovery/out/recovery-batch1-summary-original-universe-readonly.json,,no,yes,no,,recovery,generated recovery artifact,,RECOVERY_OUTPUT,no,yes,
/Users/blackforge/workspace/bwe/repos/repo_clean,friday-release-candidate,c626bcfe1737620d864d2b0a9b85bf028293f195,M,,modified,scripts/recovery/out/recovery-batch1-summary-readonly.json,,no,yes,no,,recovery,generated recovery artifact,,RECOVERY_OUTPUT,no,yes,
/Users/blackforge/workspace/bwe/repos/repo_clean,friday-release-candidate,c626bcfe1737620d864d2b0a9b85bf028293f195,M,,modified,scripts/recovery/out/recovery-map-1971-field-level.json,,no,yes,no,,recovery,generated recovery artifact,,RECOVERY_OUTPUT,no,yes,
/Users/blackforge/workspace/bwe/repos/repo_clean,friday-release-candidate,c626bcfe1737620d864d2b0a9b85bf028293f195,M,,modified,scripts/recovery/out/remaining-19-live-report.json,,no,yes,no,,recovery,generated recovery artifact,,RECOVERY_OUTPUT,no,yes,
/Users/blackforge/workspace/bwe/repos/repo_clean,friday-release-candidate,c626bcfe1737620d864d2b0a9b85bf028293f195,M,,modified,scripts/recovery/out/rollback-batchA-39.json,,no,yes,no,,recovery,generated recovery artifact,,RECOVERY_OUTPUT,no,yes,
/Users/blackforge/workspace/bwe/repos/repo_clean,friday-release-candidate,c626bcfe1737620d864d2b0a9b85bf028293f195,M,,modified,scripts/recovery/out/rollback-batchB-50.json,,no,yes,no,,recovery,generated recovery artifact,,RECOVERY_OUTPUT,no,yes,
/Users/blackforge/workspace/bwe/repos/repo_clean,friday-release-candidate,c626bcfe1737620d864d2b0a9b85bf028293f195,M,,modified,scripts/recovery/out/rollback-batchC-50.json,,no,yes,no,,recovery,generated recovery artifact,,RECOVERY_OUTPUT,no,yes,
/Users/blackforge/workspace/bwe/repos/repo_clean,friday-release-candidate,c626bcfe1737620d864d2b0a9b85bf028293f195,M,,modified,scripts/recovery/out/rollback-batchD-12.json,,no,yes,no,,recovery,generated recovery artifact,,RECOVERY_OUTPUT,no,yes,
/Users/blackforge/workspace/bwe/repos/repo_clean,friday-release-candidate,c626bcfe1737620d864d2b0a9b85bf028293f195,M,,modified,scripts/recovery/out/rollback-batchE1-50.json,,no,yes,no,,recovery,generated recovery artifact,,RECOVERY_OUTPUT,no,yes,
/Users/blackforge/workspace/bwe/repos/repo_clean,friday-release-candidate,c626bcfe1737620d864d2b0a9b85bf028293f195,M,,modified,scripts/recovery/out/rollback-batchE2-44.json,,no,yes,no,,recovery,generated recovery artifact,,RECOVERY_OUTPUT,no,yes,
/Users/blackforge/workspace/bwe/repos/repo_clean,friday-release-candidate,c626bcfe1737620d864d2b0a9b85bf028293f195,M,,modified,scripts/recovery/out/rollback-batchF1-enrichment-20.json,,no,yes,no,,recovery,generated recovery artifact,,RECOVERY_OUTPUT,no,yes,
/Users/blackforge/workspace/bwe/repos/repo_clean,friday-release-candidate,c626bcfe1737620d864d2b0a9b85bf028293f195,M,,modified,scripts/recovery/out/rollback-enrichment-internal-pilot-10.json,,no,yes,no,,recovery,generated recovery artifact,,RECOVERY_OUTPUT,no,yes,
/Users/blackforge/workspace/bwe/repos/repo_clean,friday-release-candidate,c626bcfe1737620d864d2b0a9b85bf028293f195,M,,modified,scripts/recovery/out/rollback-org-link-health-broken-website.json,,no,yes,no,,recovery,generated recovery artifact,,RECOVERY_OUTPUT,no,yes,
/Users/blackforge/workspace/bwe/repos/repo_clean,friday-release-candidate,c626bcfe1737620d864d2b0a9b85bf028293f195,M,,modified,scripts/recovery/out/rollback-recovery-batch-R1-25.json,,no,yes,no,,recovery,generated recovery artifact,,RECOVERY_OUTPUT,no,yes,
/Users/blackforge/workspace/bwe/repos/repo_clean,friday-release-candidate,c626bcfe1737620d864d2b0a9b85bf028293f195,M,,modified,scripts/recovery/out/rollback-recovery-batch-R2-25.json,,no,yes,no,,recovery,generated recovery artifact,,RECOVERY_OUTPUT,no,yes,
/Users/blackforge/workspace/bwe/repos/repo_clean,friday-release-candidate,c626bcfe1737620d864d2b0a9b85bf028293f195,M,,modified,scripts/recovery/out/unresolved-report-readonly.json,,no,yes,no,,recovery,generated recovery artifact,,RECOVERY_OUTPUT,no,yes,
/Users/blackforge/workspace/bwe/repos/repo_clean,friday-release-candidate,c626bcfe1737620d864d2b0a9b85bf028293f195,M,,modified,scripts/recovery/r1_recovery_run.js,,no,yes,no,,scripts,"runtime, recovery, or proof script",,SCRIPT,no,yes,
/Users/blackforge/workspace/bwe/repos/repo_clean,friday-release-candidate,c626bcfe1737620d864d2b0a9b85bf028293f195,M,,modified,scripts/recovery/r2_city_quality_correction.js,,no,yes,no,,scripts,"runtime, recovery, or proof script",,SCRIPT,no,yes,
/Users/blackforge/workspace/bwe/repos/repo_clean,friday-release-candidate,c626bcfe1737620d864d2b0a9b85bf028293f195,M,,modified,scripts/recovery/r2_recovery_run.js,,no,yes,no,,scripts,"runtime, recovery, or proof script",,SCRIPT,no,yes,
/Users/blackforge/workspace/bwe/repos/repo_clean,friday-release-candidate,c626bcfe1737620d864d2b0a9b85bf028293f195,M,,modified,scripts/recovery/recompute_22_completeness_live.js,,no,yes,no,,scripts,"runtime, recovery, or proof script",,SCRIPT,no,yes,
/Users/blackforge/workspace/bwe/repos/repo_clean,friday-release-candidate,c626bcfe1737620d864d2b0a9b85bf028293f195,M,,modified,scripts/recovery/reconcile_display_categories_readonly.js,,no,yes,no,,scripts,"runtime, recovery, or proof script",,SCRIPT,no,yes,
/Users/blackforge/workspace/bwe/repos/repo_clean,friday-release-candidate,c626bcfe1737620d864d2b0a9b85bf028293f195,M,,modified,scripts/recovery/reconcile_recovery_batch1_readonly.js,,no,yes,no,,scripts,"runtime, recovery, or proof script",,SCRIPT,no,yes,
/Users/blackforge/workspace/bwe/repos/repo_clean,friday-release-candidate,c626bcfe1737620d864d2b0a9b85bf028293f195,M,,modified,scripts/recovery/recover_remaining_19_live.js,,no,yes,no,,scripts,"runtime, recovery, or proof script",,SCRIPT,no,yes,
/Users/blackforge/workspace/bwe/repos/repo_clean,friday-release-candidate,c626bcfe1737620d864d2b0a9b85bf028293f195,M,,modified,scripts/recovery/repair_activate_22_live.js,,no,yes,no,,scripts,"runtime, recovery, or proof script",,SCRIPT,no,yes,
/Users/blackforge/workspace/bwe/repos/repo_clean,friday-release-candidate,c626bcfe1737620d864d2b0a9b85bf028293f195,M,,modified,scripts/recovery/rollback-batch.ts,,no,yes,no,,scripts,"runtime, recovery, or proof script",,SCRIPT,no,yes,
/Users/blackforge/workspace/bwe/repos/repo_clean,friday-release-candidate,c626bcfe1737620d864d2b0a9b85bf028293f195,M,,modified,scripts/recovery/test_manual_visibility_override.mjs,,no,yes,no,,scripts,"runtime, recovery, or proof script",,SCRIPT,no,yes,
/Users/blackforge/workspace/bwe/repos/repo_clean,friday-release-candidate,c626bcfe1737620d864d2b0a9b85bf028293f195,clean,,committed,scripts/runtime-proof-auth-session-advanced.mjs,,no,no,yes,c626bcfe1737620d864d2b0a9b85bf028293f195,scripts,"runtime, parity, or proof script",npm run proof:auth-session-matrix pass; npm run proof:auth-session-advanced pass; npm run typecheck pass on 2026-08-03,SCRIPT,yes,yes,CQ-2 auth/session parity proof closure commit
/Users/blackforge/workspace/bwe/repos/repo_clean,friday-release-candidate,c626bcfe1737620d864d2b0a9b85bf028293f195,clean,,committed,scripts/runtime-proof-auth-session-matrix.mjs,,no,no,yes,c626bcfe1737620d864d2b0a9b85bf028293f195,scripts,"runtime, parity, or proof script",npm run proof:auth-session-matrix pass; npm run proof:auth-session-advanced pass; npm run typecheck pass on 2026-08-03,SCRIPT,yes,yes,CQ-2 auth/session parity proof closure commit
/Users/blackforge/workspace/bwe/repos/repo_clean,friday-release-candidate,c626bcfe1737620d864d2b0a9b85bf028293f195,untracked,?,untracked,scripts/runtime-proof-business-parity.mjs,,no,no,no,,scripts,"runtime, recovery, or proof script",,SCRIPT,no,yes,
/Users/blackforge/workspace/bwe/repos/repo_clean,friday-release-candidate,c626bcfe1737620d864d2b0a9b85bf028293f195,untracked,?,untracked,scripts/runtime-proof-directory-ownership.mjs,,no,no,no,,scripts,"runtime, recovery, or proof script",,SCRIPT,no,yes,
/Users/blackforge/workspace/bwe/repos/repo_clean,friday-release-candidate,c626bcfe1737620d864d2b0a9b85bf028293f195,M,,modified,scripts/runtime-proof-founding-membership-authenticated.mjs,,no,yes,no,,scripts,"runtime, recovery, or proof script",,SCRIPT,no,yes,
/Users/blackforge/workspace/bwe/repos/repo_clean,friday-release-candidate,c626bcfe1737620d864d2b0a9b85bf028293f195,M,,modified,scripts/runtime-proof-founding-membership-browser.mjs,,no,yes,no,,scripts,"runtime, recovery, or proof script",,SCRIPT,no,yes,
/Users/blackforge/workspace/bwe/repos/repo_clean,friday-release-candidate,c626bcfe1737620d864d2b0a9b85bf028293f195,M,,modified,scripts/runtime-proof-founding-membership-button.mjs,,no,yes,no,,scripts,"runtime, recovery, or proof script",,SCRIPT,no,yes,
/Users/blackforge/workspace/bwe/repos/repo_clean,friday-release-candidate,c626bcfe1737620d864d2b0a9b85bf028293f195,M,,modified,scripts/runtime-proof-organization-ownership-sequence.mjs,,no,yes,no,,scripts,"runtime, recovery, or proof script",,SCRIPT,no,yes,
/Users/blackforge/workspace/bwe/repos/repo_clean,friday-release-candidate,c626bcfe1737620d864d2b0a9b85bf028293f195,M,,modified,scripts/runtime-proof-owner-blackcard-ui.mjs,,no,yes,no,,scripts,"runtime, recovery, or proof script",,SCRIPT,no,yes,
/Users/blackforge/workspace/bwe/repos/repo_clean,friday-release-candidate,c626bcfe1737620d864d2b0a9b85bf028293f195,untracked,?,untracked,scripts/runtime-repro-org-verify.mjs,,no,no,no,,scripts,"runtime, recovery, or proof script",,SCRIPT,no,yes,
/Users/blackforge/workspace/bwe/repos/repo_clean,friday-release-candidate,c626bcfe1737620d864d2b0a9b85bf028293f195,M,,modified,scripts/test-business-submission-validation.mjs,,no,yes,no,,scripts,"runtime, recovery, or proof script",,SCRIPT,no,yes,
/Users/blackforge/workspace/bwe/repos/repo_clean,friday-release-candidate,c626bcfe1737620d864d2b0a9b85bf028293f195,M,,modified,src/components/black-card/PremiumDigitalCard.tsx,,no,yes,no,,application,application source file,,ACTIVE_APPLICATION_SOURCE,yes,yes,
/Users/blackforge/workspace/bwe/repos/repo_clean,friday-release-candidate,c626bcfe1737620d864d2b0a9b85bf028293f195,M,,modified,src/components/challenge/ChallengeShareCard.tsx,,no,yes,no,,application,application source file,,ACTIVE_APPLICATION_SOURCE,yes,yes,
/Users/blackforge/workspace/bwe/repos/repo_clean,friday-release-candidate,c626bcfe1737620d864d2b0a9b85bf028293f195,M,,modified,src/components/dashboards/UserDashboard.tsx,,no,yes,no,,application,application source file,,ACTIVE_APPLICATION_SOURCE,yes,yes,
/Users/blackforge/workspace/bwe/repos/repo_clean,friday-release-candidate,c626bcfe1737620d864d2b0a9b85bf028293f195,clean,,committed,src/lib/__tests__/admin-finance-summary-tests.mjs,,no,no,yes,9f94a83516760f5bd00e9393fd5aaa8a72f5052c,tests,focused regression coverage,node src/lib/__tests__/admin-finance-summary-tests.mjs pass,TEST,yes,yes,Correct canonical path; earlier src/lib/tests/... recording was wrong.
/Users/blackforge/workspace/bwe/repos/repo_clean,friday-release-candidate,c626bcfe1737620d864d2b0a9b85bf028293f195,clean,,committed,src/lib/__tests__/image-resolver-tests.mjs,,no,no,yes,21565e4bc45997ba77f40c09412432cc575bce4e,tests,focused regression coverage,image resolver test pass,TEST,yes,yes,Correct canonical path; earlier src/lib/tests/... recording was wrong.
/Users/blackforge/workspace/bwe/repos/repo_clean,friday-release-candidate,c626bcfe1737620d864d2b0a9b85bf028293f195,M,,modified,src/lib/adminBusinessStatus.ts,,no,yes,no,,application,application source file,,ACTIVE_APPLICATION_SOURCE,yes,yes,
/Users/blackforge/workspace/bwe/repos/repo_clean,friday-release-candidate,c626bcfe1737620d864d2b0a9b85bf028293f195,M,,modified,src/lib/adminFinanceSummary.ts,,no,yes,yes,9f94a83516760f5bd00e9393fd5aaa8a72f5052c,finance-admin,post-finance-closure formatting churn only,finance summary focused test pass; npm run typecheck pass on 2026-08-03; preserve current diff,FORMATTER_OR_HOOK_CHURN,no,yes,Post-commit working-tree diff preserved; current delta is indentation-only formatter/hook churn after commit 9f94a83516760f5bd00e9393fd5aaa8a72f5052c.
/Users/blackforge/workspace/bwe/repos/repo_clean,friday-release-candidate,c626bcfe1737620d864d2b0a9b85bf028293f195,M,,modified,src/lib/advertising/sponsorListings.ts,,no,yes,no,,application,application source file,,ACTIVE_APPLICATION_SOURCE,yes,yes,
/Users/blackforge/workspace/bwe/repos/repo_clean,friday-release-candidate,c626bcfe1737620d864d2b0a9b85bf028293f195,M,,modified,src/lib/black-card-membership.ts,,no,yes,no,,application,application source file,,ACTIVE_APPLICATION_SOURCE,yes,yes,
/Users/blackforge/workspace/bwe/repos/repo_clean,friday-release-candidate,c626bcfe1737620d864d2b0a9b85bf028293f195,M,,modified,src/lib/black-card-state.ts,,no,yes,no,,application,application source file,,ACTIVE_APPLICATION_SOURCE,yes,yes,
/Users/blackforge/workspace/bwe/repos/repo_clean,friday-release-candidate,c626bcfe1737620d864d2b0a9b85bf028293f195,M,,modified,src/lib/businessSubmission.ts,,no,yes,no,,application,application source file,,ACTIVE_APPLICATION_SOURCE,yes,yes,
/Users/blackforge/workspace/bwe/repos/repo_clean,friday-release-candidate,c626bcfe1737620d864d2b0a9b85bf028293f195,M,,modified,src/lib/db/courses.ts,,no,yes,no,,application,application source file,,ACTIVE_APPLICATION_SOURCE,yes,yes,
/Users/blackforge/workspace/bwe/repos/repo_clean,friday-release-candidate,c626bcfe1737620d864d2b0a9b85bf028293f195,M,,modified,src/lib/db/orders.ts,,no,yes,no,,application,application source file,,ACTIVE_APPLICATION_SOURCE,yes,yes,
/Users/blackforge/workspace/bwe/repos/repo_clean,friday-release-candidate,c626bcfe1737620d864d2b0a9b85bf028293f195,M,,modified,src/lib/directory/__tests__/ownership-resolution-tests.mjs,,no,yes,no,,application-tests,focused regression coverage,,TEST,yes,yes,
/Users/blackforge/workspace/bwe/repos/repo_clean,friday-release-candidate,c626bcfe1737620d864d2b0a9b85bf028293f195,M,,modified,src/lib/directory/__tests__/sponsor-listings-tests.mjs,,no,yes,no,,application-tests,focused regression coverage,,TEST,yes,yes,
/Users/blackforge/workspace/bwe/repos/repo_clean,friday-release-candidate,c626bcfe1737620d864d2b0a9b85bf028293f195,M,,modified,src/lib/directory/publicVisibility.ts,,no,yes,no,,application,application source file,,ACTIVE_APPLICATION_SOURCE,yes,yes,
/Users/blackforge/workspace/bwe/repos/repo_clean,friday-release-candidate,c626bcfe1737620d864d2b0a9b85bf028293f195,M,,modified,src/lib/directoryOwnership.ts,,no,yes,no,,application,application source file,,ACTIVE_APPLICATION_SOURCE,yes,yes,
/Users/blackforge/workspace/bwe/repos/repo_clean,friday-release-candidate,c626bcfe1737620d864d2b0a9b85bf028293f195,M,,modified,src/lib/directoryProfileContract.ts,,no,yes,no,,application,application source file,,ACTIVE_APPLICATION_SOURCE,yes,yes,
/Users/blackforge/workspace/bwe/repos/repo_clean,friday-release-candidate,c626bcfe1737620d864d2b0a9b85bf028293f195,M,,modified,src/lib/directoryPublicMedia.ts,,no,yes,no,,application,application source file,,ACTIVE_APPLICATION_SOURCE,yes,yes,
/Users/blackforge/workspace/bwe/repos/repo_clean,friday-release-candidate,c626bcfe1737620d864d2b0a9b85bf028293f195,M,,modified,src/lib/founding-membership.ts,,no,yes,no,,application,application source file,,ACTIVE_APPLICATION_SOURCE,yes,yes,
/Users/blackforge/workspace/bwe/repos/repo_clean,friday-release-candidate,c626bcfe1737620d864d2b0a9b85bf028293f195,M,,modified,src/lib/founding-membership/__tests__/claim-reconciliation-tests.mjs,,no,yes,no,,application-tests,focused regression coverage,,TEST,yes,yes,
/Users/blackforge/workspace/bwe/repos/repo_clean,friday-release-candidate,c626bcfe1737620d864d2b0a9b85bf028293f195,M,,modified,src/lib/founding-membership/__tests__/claim-verification-joins-tests.mjs,,no,yes,no,,application-tests,focused regression coverage,,TEST,yes,yes,
/Users/blackforge/workspace/bwe/repos/repo_clean,friday-release-candidate,c626bcfe1737620d864d2b0a9b85bf028293f195,M,,modified,src/lib/founding-membership/__tests__/platform-queue-tests.mjs,,no,yes,no,,application-tests,focused regression coverage,,TEST,yes,yes,
/Users/blackforge/workspace/bwe/repos/repo_clean,friday-release-candidate,c626bcfe1737620d864d2b0a9b85bf028293f195,M,,modified,src/lib/founding-membership/__tests__/resume-checkout-tests.mjs,,no,yes,no,,application-tests,focused regression coverage,,TEST,yes,yes,
/Users/blackforge/workspace/bwe/repos/repo_clean,friday-release-candidate,c626bcfe1737620d864d2b0a9b85bf028293f195,M,,modified,src/lib/founding-membership/__tests__/transition-helper-tests.mjs,,no,yes,no,,application-tests,focused regression coverage,,TEST,yes,yes,
/Users/blackforge/workspace/bwe/repos/repo_clean,friday-release-candidate,c626bcfe1737620d864d2b0a9b85bf028293f195,M,,modified,src/lib/marketplace/__tests__/package1-tests.ts,,no,yes,no,,application-tests,focused regression coverage,,TEST,yes,yes,
/Users/blackforge/workspace/bwe/repos/repo_clean,friday-release-candidate,c626bcfe1737620d864d2b0a9b85bf028293f195,M,,modified,src/lib/marketplace/orderLifecycle.ts,,no,yes,no,,application,application source file,,ACTIVE_APPLICATION_SOURCE,yes,yes,
/Users/blackforge/workspace/bwe/repos/repo_clean,friday-release-candidate,c626bcfe1737620d864d2b0a9b85bf028293f195,M,,modified,src/lib/marketplace/paymentLinkage.ts,,no,yes,no,,application,application source file,,ACTIVE_APPLICATION_SOURCE,yes,yes,
/Users/blackforge/workspace/bwe/repos/repo_clean,friday-release-candidate,c626bcfe1737620d864d2b0a9b85bf028293f195,M,,modified,src/pages/admin/black-card.tsx,,no,yes,no,,application,application source file,,ACTIVE_APPLICATION_SOURCE,yes,yes,
/Users/blackforge/workspace/bwe/repos/repo_clean,friday-release-candidate,c626bcfe1737620d864d2b0a9b85bf028293f195,M,,modified,src/pages/admin/challenge.tsx,,no,yes,no,,application,application source file,,ACTIVE_APPLICATION_SOURCE,yes,yes,
/Users/blackforge/workspace/bwe/repos/repo_clean,friday-release-candidate,c626bcfe1737620d864d2b0a9b85bf028293f195,M,,modified,src/pages/admin/claim-verification.tsx,,no,yes,no,,application,application source file,,ACTIVE_APPLICATION_SOURCE,yes,yes,
/Users/blackforge/workspace/bwe/repos/repo_clean,friday-release-candidate,c626bcfe1737620d864d2b0a9b85bf028293f195,M,,modified,src/pages/admin/directory-approvals.tsx,,no,yes,no,,application,application source file,,ACTIVE_APPLICATION_SOURCE,yes,yes,
/Users/blackforge/workspace/bwe/repos/repo_clean,friday-release-candidate,c626bcfe1737620d864d2b0a9b85bf028293f195,clean,,committed,src/pages/admin/financial-review.tsx,,no,no,yes,9f94a83516760f5bd00e9393fd5aaa8a72f5052c,application,application page source,,APPLICATION_SOURCE,yes,yes,Finance admin summary closure commit
/Users/blackforge/workspace/bwe/repos/repo_clean,friday-release-candidate,c626bcfe1737620d864d2b0a9b85bf028293f195,M,,modified,src/pages/admin/subscriptions.tsx,,no,yes,no,,application,application source file,,ACTIVE_APPLICATION_SOURCE,yes,yes,
/Users/blackforge/workspace/bwe/repos/repo_clean,friday-release-candidate,c626bcfe1737620d864d2b0a9b85bf028293f195,M,,modified,src/pages/admin/support/tickets.tsx,,no,yes,no,,application,application source file,,ACTIVE_APPLICATION_SOURCE,yes,yes,
/Users/blackforge/workspace/bwe/repos/repo_clean,friday-release-candidate,c626bcfe1737620d864d2b0a9b85bf028293f195,M,,modified,src/pages/admin/support/tickets/[id].tsx,,no,yes,no,,application,application source file,,ACTIVE_APPLICATION_SOURCE,yes,yes,
/Users/blackforge/workspace/bwe/repos/repo_clean,friday-release-candidate,c626bcfe1737620d864d2b0a9b85bf028293f195,M,,modified,src/pages/advertise/banner-ads.tsx,,no,yes,no,,application,application source file,,ACTIVE_APPLICATION_SOURCE,yes,yes,
/Users/blackforge/workspace/bwe/repos/repo_clean,friday-release-candidate,c626bcfe1737620d864d2b0a9b85bf028293f195,M,,modified,src/pages/advertise/featured-sponsor.tsx,,no,yes,no,,application,application source file,,ACTIVE_APPLICATION_SOURCE,yes,yes,
/Users/blackforge/workspace/bwe/repos/repo_clean,friday-release-candidate,c626bcfe1737620d864d2b0a9b85bf028293f195,M,,modified,src/pages/advertising/checkout.tsx,,no,yes,no,,application,application source file,,ACTIVE_APPLICATION_SOURCE,yes,yes,
/Users/blackforge/workspace/bwe/repos/repo_clean,friday-release-candidate,c626bcfe1737620d864d2b0a9b85bf028293f195,M,,modified,src/pages/api/admin/black-card/cards.ts,,no,yes,no,,application,application source file,,ACTIVE_APPLICATION_SOURCE,yes,yes,
/Users/blackforge/workspace/bwe/repos/repo_clean,friday-release-candidate,c626bcfe1737620d864d2b0a9b85bf028293f195,M,,modified,src/pages/api/admin/black-card/digital-requests.ts,,no,yes,no,,application,application source file,,ACTIVE_APPLICATION_SOURCE,yes,yes,
/Users/blackforge/workspace/bwe/repos/repo_clean,friday-release-candidate,c626bcfe1737620d864d2b0a9b85bf028293f195,M,,modified,src/pages/api/admin/challenge.ts,,no,yes,no,,application,application source file,,ACTIVE_APPLICATION_SOURCE,yes,yes,
/Users/blackforge/workspace/bwe/repos/repo_clean,friday-release-candidate,c626bcfe1737620d864d2b0a9b85bf028293f195,M,,modified,src/pages/api/admin/dashboard-stats.ts,,no,yes,no,,application,application source file,,ACTIVE_APPLICATION_SOURCE,yes,yes,
/Users/blackforge/workspace/bwe/repos/repo_clean,friday-release-candidate,c626bcfe1737620d864d2b0a9b85bf028293f195,M,,modified,src/pages/api/admin/financial-class/repair.ts,,no,yes,no,,application,application source file,,ACTIVE_APPLICATION_SOURCE,yes,yes,
/Users/blackforge/workspace/bwe/repos/repo_clean,friday-release-candidate,c626bcfe1737620d864d2b0a9b85bf028293f195,M,,modified,src/pages/api/admin/founding-memberships.ts,,no,yes,no,,application,application source file,,ACTIVE_APPLICATION_SOURCE,yes,yes,
/Users/blackforge/workspace/bwe/repos/repo_clean,friday-release-candidate,c626bcfe1737620d864d2b0a9b85bf028293f195,M,,modified,src/pages/api/admin/get-directory-listings.ts,,no,yes,no,,application,application source file,,ACTIVE_APPLICATION_SOURCE,yes,yes,
/Users/blackforge/workspace/bwe/repos/repo_clean,friday-release-candidate,c626bcfe1737620d864d2b0a9b85bf028293f195,M,,modified,src/pages/api/admin/support.ts,,no,yes,no,,application,application source file,,ACTIVE_APPLICATION_SOURCE,yes,yes,
/Users/blackforge/workspace/bwe/repos/repo_clean,friday-release-candidate,c626bcfe1737620d864d2b0a9b85bf028293f195,M,,modified,src/pages/api/admin/support/[id].ts,,no,yes,no,,application,application source file,,ACTIVE_APPLICATION_SOURCE,yes,yes,
/Users/blackforge/workspace/bwe/repos/repo_clean,friday-release-candidate,c626bcfe1737620d864d2b0a9b85bf028293f195,M,,modified,src/pages/api/black-card/digital-request.ts,,no,yes,no,,application,application source file,,ACTIVE_APPLICATION_SOURCE,yes,yes,
/Users/blackforge/workspace/bwe/repos/repo_clean,friday-release-candidate,c626bcfe1737620d864d2b0a9b85bf028293f195,M,,modified,src/pages/api/black-card/member-summary.ts,,no,yes,no,,application,application source file,,ACTIVE_APPLICATION_SOURCE,yes,yes,
/Users/blackforge/workspace/bwe/repos/repo_clean,friday-release-candidate,c626bcfe1737620d864d2b0a9b85bf028293f195,M,,modified,src/pages/api/business/media.ts,,no,yes,no,,application,application source file,,ACTIVE_APPLICATION_SOURCE,yes,yes,
/Users/blackforge/workspace/bwe/repos/repo_clean,friday-release-candidate,c626bcfe1737620d864d2b0a9b85bf028293f195,M,,modified,src/pages/api/business/profile.ts,,no,yes,no,,application,application source file,,ACTIVE_APPLICATION_SOURCE,yes,yes,
/Users/blackforge/workspace/bwe/repos/repo_clean,friday-release-candidate,c626bcfe1737620d864d2b0a9b85bf028293f195,M,,modified,src/pages/api/business/update.ts,,no,yes,no,,application,application source file,,ACTIVE_APPLICATION_SOURCE,yes,yes,
/Users/blackforge/workspace/bwe/repos/repo_clean,friday-release-candidate,c626bcfe1737620d864d2b0a9b85bf028293f195,M,,modified,src/pages/api/challenge/creators.ts,,no,yes,no,,application,application source file,,ACTIVE_APPLICATION_SOURCE,yes,yes,
/Users/blackforge/workspace/bwe/repos/repo_clean,friday-release-candidate,c626bcfe1737620d864d2b0a9b85bf028293f195,M,,modified,src/pages/api/challenge/join.ts,,no,yes,no,,application,application source file,,ACTIVE_APPLICATION_SOURCE,yes,yes,
/Users/blackforge/workspace/bwe/repos/repo_clean,friday-release-candidate,c626bcfe1737620d864d2b0a9b85bf028293f195,M,,modified,src/pages/api/challenge/stats.ts,,no,yes,no,,application,application source file,,ACTIVE_APPLICATION_SOURCE,yes,yes,
/Users/blackforge/workspace/bwe/repos/repo_clean,friday-release-candidate,c626bcfe1737620d864d2b0a9b85bf028293f195,M,,modified,src/pages/api/news/black.ts,,no,yes,no,,application,application source file,,ACTIVE_APPLICATION_SOURCE,yes,yes,
/Users/blackforge/workspace/bwe/repos/repo_clean,friday-release-candidate,c626bcfe1737620d864d2b0a9b85bf028293f195,M,,modified,src/pages/api/organizations/claim.ts,,no,yes,no,,application,application source file,,ACTIVE_APPLICATION_SOURCE,yes,yes,
/Users/blackforge/workspace/bwe/repos/repo_clean,friday-release-candidate,c626bcfe1737620d864d2b0a9b85bf028293f195,M,,modified,src/pages/api/search/businesses.ts,,no,yes,no,,application,application source file,,ACTIVE_APPLICATION_SOURCE,yes,yes,
/Users/blackforge/workspace/bwe/repos/repo_clean,friday-release-candidate,c626bcfe1737620d864d2b0a9b85bf028293f195,M,,modified,src/pages/api/sponsored-businesses.ts,,no,yes,no,,application,application source file,,ACTIVE_APPLICATION_SOURCE,yes,yes,
/Users/blackforge/workspace/bwe/repos/repo_clean,friday-release-candidate,c626bcfe1737620d864d2b0a9b85bf028293f195,M,,modified,src/pages/api/stripe/webhook-handler.ts,,no,yes,no,,application,application source file,,ACTIVE_APPLICATION_SOURCE,yes,yes,
/Users/blackforge/workspace/bwe/repos/repo_clean,friday-release-candidate,c626bcfe1737620d864d2b0a9b85bf028293f195,M,,modified,src/pages/black-card/index.tsx,,no,yes,no,,application,application source file,,ACTIVE_APPLICATION_SOURCE,yes,yes,
/Users/blackforge/workspace/bwe/repos/repo_clean,friday-release-candidate,c626bcfe1737620d864d2b0a9b85bf028293f195,M,,modified,src/pages/black-card/join.tsx,,no,yes,no,,application,application source file,,ACTIVE_APPLICATION_SOURCE,yes,yes,
/Users/blackforge/workspace/bwe/repos/repo_clean,friday-release-candidate,c626bcfe1737620d864d2b0a9b85bf028293f195,M,,modified,src/pages/black-entertainment-news.tsx,,no,yes,no,,application,application source file,,ACTIVE_APPLICATION_SOURCE,yes,yes,
/Users/blackforge/workspace/bwe/repos/repo_clean,friday-release-candidate,c626bcfe1737620d864d2b0a9b85bf028293f195,clean,,committed,src/pages/business-directory.tsx,,no,no,yes,21565e4bc45997ba77f40c09412432cc575bce4e,application,application page source,focused browser proof: stale upload request suppressed,APPLICATION_SOURCE,yes,yes,Directory legacy image suppression closure commit
/Users/blackforge/workspace/bwe/repos/repo_clean,friday-release-candidate,c626bcfe1737620d864d2b0a9b85bf028293f195,M,,modified,src/pages/business/[slug].tsx,,no,yes,no,,application,application source file,,ACTIVE_APPLICATION_SOURCE,yes,yes,
/Users/blackforge/workspace/bwe/repos/repo_clean,friday-release-candidate,c626bcfe1737620d864d2b0a9b85bf028293f195,M,,modified,src/pages/challenge.tsx,,no,yes,no,,application,application source file,,ACTIVE_APPLICATION_SOURCE,yes,yes,
/Users/blackforge/workspace/bwe/repos/repo_clean,friday-release-candidate,c626bcfe1737620d864d2b0a9b85bf028293f195,M,,modified,src/pages/challenge/creators.tsx,,no,yes,no,,application,application source file,,ACTIVE_APPLICATION_SOURCE,yes,yes,
/Users/blackforge/workspace/bwe/repos/repo_clean,friday-release-candidate,c626bcfe1737620d864d2b0a9b85bf028293f195,M,,modified,src/pages/checkout/index.tsx,,no,yes,no,,application,application source file,,ACTIVE_APPLICATION_SOURCE,yes,yes,
/Users/blackforge/workspace/bwe/repos/repo_clean,friday-release-candidate,c626bcfe1737620d864d2b0a9b85bf028293f195,M,,modified,src/pages/dashboard/black-card.tsx,,no,yes,no,,application,application source file,,ACTIVE_APPLICATION_SOURCE,yes,yes,
/Users/blackforge/workspace/bwe/repos/repo_clean,friday-release-candidate,c626bcfe1737620d864d2b0a9b85bf028293f195,M,,modified,src/pages/dashboard/edit-business.tsx,,no,yes,no,,application,application source file,,ACTIVE_APPLICATION_SOURCE,yes,yes,
/Users/blackforge/workspace/bwe/repos/repo_clean,friday-release-candidate,c626bcfe1737620d864d2b0a9b85bf028293f195,M,,modified,src/pages/edit-business.tsx,,no,yes,no,,application,application source file,,ACTIVE_APPLICATION_SOURCE,yes,yes,
/Users/blackforge/workspace/bwe/repos/repo_clean,friday-release-candidate,c626bcfe1737620d864d2b0a9b85bf028293f195,M,,modified,src/pages/index.tsx,,no,yes,no,,application,application source file,,ACTIVE_APPLICATION_SOURCE,yes,yes,
/Users/blackforge/workspace/bwe/repos/repo_clean,friday-release-candidate,c626bcfe1737620d864d2b0a9b85bf028293f195,M,,modified,src/pages/organizations/[slug].tsx,,no,yes,no,,application,application source file,,ACTIVE_APPLICATION_SOURCE,yes,yes,
/Users/blackforge/workspace/bwe/repos/repo_clean,friday-release-candidate,c626bcfe1737620d864d2b0a9b85bf028293f195,M,,modified,src/pages/payment-cancel.tsx,,no,yes,no,,application,application source file,,ACTIVE_APPLICATION_SOURCE,yes,yes,
/Users/blackforge/workspace/bwe/repos/repo_clean,friday-release-candidate,c626bcfe1737620d864d2b0a9b85bf028293f195,M,,modified,src/pages/payment-success.tsx,,no,yes,no,,application,application source file,,ACTIVE_APPLICATION_SOURCE,yes,yes,
/Users/blackforge/workspace/bwe/repos/repo_clean,friday-release-candidate,c626bcfe1737620d864d2b0a9b85bf028293f195,M,,modified,src/pages/real-estate-investment.tsx,,no,yes,no,,application,application source file,,ACTIVE_APPLICATION_SOURCE,yes,yes,
/Users/blackforge/workspace/bwe/repos/repo_clean,friday-release-candidate,c626bcfe1737620d864d2b0a9b85bf028293f195,M,,modified,src/pages/real-estate-toolkit.tsx,,no,yes,no,,application,application source file,,ACTIVE_APPLICATION_SOURCE,yes,yes,
/Users/blackforge/workspace/bwe/repos/repo_clean,friday-release-candidate,c626bcfe1737620d864d2b0a9b85bf028293f195,M,,modified,src/pages/real-estate.tsx,,no,yes,no,,application,application source file,,ACTIVE_APPLICATION_SOURCE,yes,yes,
/Users/blackforge/workspace/bwe/repos/repo_clean,friday-release-candidate,c626bcfe1737620d864d2b0a9b85bf028293f195,M,,modified,src/pages/search-results.tsx,,no,yes,no,,application,application source file,,ACTIVE_APPLICATION_SOURCE,yes,yes,
/Users/blackforge/workspace/bwe/repos/repo_clean,friday-release-candidate,c626bcfe1737620d864d2b0a9b85bf028293f195,M,,modified,src/pages/support.tsx,,no,yes,no,,application,application source file,,ACTIVE_APPLICATION_SOURCE,yes,yes,
/Users/blackforge/workspace/bwe/repos/repo_clean,friday-release-candidate,c626bcfe1737620d864d2b0a9b85bf028293f195,clean,,committed,src/pages/user-dashboard.tsx,,no,no,yes,c626bcfe1737620d864d2b0a9b85bf028293f195,application,application page source,npm run proof:auth-session-matrix pass; npm run proof:auth-session-advanced pass; npm run typecheck pass on 2026-08-03,APPLICATION_SOURCE,yes,yes,CQ-2 auth/session parity proof closure commit
/Users/blackforge/workspace/bwe/repos/repo_clean,friday-release-candidate,c626bcfe1737620d864d2b0a9b85bf028293f195,M,,modified,tmp_bwe_atlanta.js,,no,yes,no,,unclassified,preserved existing working-tree entry,,PRE_EXISTING_DIRTY,no,yes,
/Users/blackforge/workspace/bwe/repos/repo_clean,friday-release-candidate,c626bcfe1737620d864d2b0a9b85bf028293f195,M,,modified,tmp_bwe_inventory.js,,no,yes,no,,unclassified,preserved existing working-tree entry,,PRE_EXISTING_DIRTY,no,yes,
/Users/blackforge/workspace/bwe/repos/repo_clean,friday-release-candidate,c626bcfe1737620d864d2b0a9b85bf028293f195,M,,modified,tmp_bwe_market_jobs.js,,no,yes,no,,unclassified,preserved existing working-tree entry,,PRE_EXISTING_DIRTY,no,yes,
/Users/blackforge/workspace/bwe/repos/repo_clean,friday-release-candidate,c626bcfe1737620d864d2b0a9b85bf028293f195,M,,modified,tmp_bwe_pathways_other.js,,no,yes,no,,unclassified,preserved existing working-tree entry,,PRE_EXISTING_DIRTY,no,yes,
/Users/blackforge/workspace/bwe/repos/repo_clean,friday-release-candidate,c626bcfe1737620d864d2b0a9b85bf028293f195,M,,modified,tmp_reconcile_20260624_output.json,,no,yes,no,,unclassified,preserved existing working-tree entry,,PRE_EXISTING_DIRTY,no,yes,
/Users/blackforge/workspace/bwe/repos/repo_clean,friday-release-candidate,c626bcfe1737620d864d2b0a9b85bf028293f195,M,,modified,tmp_reconcile_20260624.js,,no,yes,no,,unclassified,preserved existing working-tree entry,,PRE_EXISTING_DIRTY,no,yes,
/Users/blackforge/workspace/bwe/repos/repo_clean,friday-release-candidate,c626bcfe1737620d864d2b0a9b85bf028293f195,M,,modified,tmp/bwe_marketplace_detail_readonly.js,,no,yes,no,,temporary,temporary local artifact,,TEMPORARY,no,yes,
/Users/blackforge/workspace/bwe/repos/repo_clean,friday-release-candidate,c626bcfe1737620d864d2b0a9b85bf028293f195,M,,modified,tmp/bwe_marketplace_report_readonly.js,,no,yes,no,,temporary,temporary local artifact,,TEMPORARY,no,yes,
/Users/blackforge/workspace/bwe/repos/repo_clean,friday-release-candidate,c626bcfe1737620d864d2b0a9b85bf028293f195,M,,modified,tmp/bwe_mongo_readonly_proof.js,,no,yes,no,,temporary,temporary local artifact,,TEMPORARY,no,yes,
/Users/blackforge/workspace/bwe/repos/repo_clean,friday-release-candidate,c626bcfe1737620d864d2b0a9b85bf028293f195,untracked,?,untracked,tmp/logs/bwe-dev-3000-20260729-091805.log,,no,no,no,,tmp,local proof or scratch artifact,,LOCAL_PROOF,no,yes,
/Users/blackforge/workspace/bwe/repos/repo_clean,friday-release-candidate,c626bcfe1737620d864d2b0a9b85bf028293f195,untracked,?,untracked,tmp/logs/bwe-dev-3000.log,,no,no,no,,tmp,local proof or scratch artifact,,LOCAL_PROOF,no,yes,
/Users/blackforge/workspace/bwe/repos/repo_clean,friday-release-candidate,c626bcfe1737620d864d2b0a9b85bf028293f195,untracked,?,untracked,tmp/logs/bwe-dev-3000.pid,,no,no,no,,tmp,local proof or scratch artifact,,LOCAL_PROOF,no,yes,
/Users/blackforge/workspace/bwe/repos/repo_clean,friday-release-candidate,c626bcfe1737620d864d2b0a9b85bf028293f195,M,,modified,tmp/marketplace_readonly_proof_helper.ts,,no,yes,no,,temporary,temporary local artifact,,TEMPORARY,no,yes,
/Users/blackforge/workspace/bwe/repos/repo_clean,friday-release-candidate,c626bcfe1737620d864d2b0a9b85bf028293f195,M,,modified,tmp/marketplace_readonly_proof_v2.js,,no,yes,no,,temporary,temporary local artifact,,TEMPORARY,no,yes,
/Users/blackforge/workspace/bwe/repos/repo_clean,friday-release-candidate,c626bcfe1737620d864d2b0a9b85bf028293f195,M,,modified,tmp/marketplace_readonly_proof.js,,no,yes,no,,temporary,temporary local artifact,,TEMPORARY,no,yes,
/Users/blackforge/workspace/bwe/repos/repo_clean,friday-release-candidate,c626bcfe1737620d864d2b0a9b85bf028293f195,M,,modified,tmp/marketplace_reconciliation_readonly.js,,no,yes,no,,temporary,temporary local artifact,,TEMPORARY,no,yes,
/Users/blackforge/workspace/bwe/repos/repo_clean,friday-release-candidate,c626bcfe1737620d864d2b0a9b85bf028293f195,untracked,?,untracked,tmp/phase1-apply-product-description-fix.js,,no,no,no,,temporary,temporary local artifact,,TEMPORARY,no,yes,
/Users/blackforge/workspace/bwe/repos/repo_clean,friday-release-candidate,c626bcfe1737620d864d2b0a9b85bf028293f195,untracked,?,untracked,tmp/phase1-product-description-backup.json,,no,no,no,,temporary,temporary local artifact,,TEMPORARY,no,yes,
/Users/blackforge/workspace/bwe/repos/repo_clean,friday-release-candidate,c626bcfe1737620d864d2b0a9b85bf028293f195,untracked,?,untracked,tmp/phase1-product-description-proof.json,,no,no,no,,temporary,temporary local artifact,,TEMPORARY,no,yes,
/Users/blackforge/workspace/bwe/repos/repo_clean,friday-release-candidate,c626bcfe1737620d864d2b0a9b85bf028293f195,untracked,?,untracked,tmp/phase2-authorized-edit-business-full-proof-output.json,,no,no,no,,temporary,temporary local artifact,,TEMPORARY,no,yes,
/Users/blackforge/workspace/bwe/repos/repo_clean,friday-release-candidate,c626bcfe1737620d864d2b0a9b85bf028293f195,untracked,?,untracked,tmp/phase2-authorized-edit-business-full-proof.mjs,,no,no,no,,temporary,temporary local artifact,,TEMPORARY,no,yes,
/Users/blackforge/workspace/bwe/repos/repo_clean,friday-release-candidate,c626bcfe1737620d864d2b0a9b85bf028293f195,untracked,?,untracked,tmp/phase2-authorized-edit-business-proof.mjs,,no,no,no,,temporary,temporary local artifact,,TEMPORARY,no,yes,
/Users/blackforge/workspace/bwe/repos/repo_clean,friday-release-candidate,c626bcfe1737620d864d2b0a9b85bf028293f195,untracked,?,untracked,tmp/phase2-browser-diagnose-edit-business-output.json,,no,no,no,,temporary,temporary local artifact,,TEMPORARY,no,yes,
/Users/blackforge/workspace/bwe/repos/repo_clean,friday-release-candidate,c626bcfe1737620d864d2b0a9b85bf028293f195,untracked,?,untracked,tmp/phase2-browser-diagnose-edit-business.mjs,,no,no,no,,temporary,temporary local artifact,,TEMPORARY,no,yes,
/Users/blackforge/workspace/bwe/repos/repo_clean,friday-release-candidate,c626bcfe1737620d864d2b0a9b85bf028293f195,untracked,?,untracked,tmp/phase2-dashboard-unauth-browser-output.json,,no,no,no,,temporary,temporary local artifact,,TEMPORARY,no,yes,
/Users/blackforge/workspace/bwe/repos/repo_clean,friday-release-candidate,c626bcfe1737620d864d2b0a9b85bf028293f195,untracked,?,untracked,tmp/phase2-dashboard-unauth-browser.mjs,,no,no,no,,temporary,temporary local artifact,,TEMPORARY,no,yes,
/Users/blackforge/workspace/bwe/repos/repo_clean,friday-release-candidate,c626bcfe1737620d864d2b0a9b85bf028293f195,untracked,?,untracked,tmp/phase2-denial-probe-output.json,,no,no,no,,temporary,temporary local artifact,,TEMPORARY,no,yes,
/Users/blackforge/workspace/bwe/repos/repo_clean,friday-release-candidate,c626bcfe1737620d864d2b0a9b85bf028293f195,untracked,?,untracked,tmp/phase2-denial-probe.mjs,,no,no,no,,temporary,temporary local artifact,,TEMPORARY,no,yes,
/Users/blackforge/workspace/bwe/repos/repo_clean,friday-release-candidate,c626bcfe1737620d864d2b0a9b85bf028293f195,untracked,?,untracked,tmp/phase2-disputed-revoked-browser-proof-output.json,,no,no,no,,temporary,temporary local artifact,,TEMPORARY,no,yes,
/Users/blackforge/workspace/bwe/repos/repo_clean,friday-release-candidate,c626bcfe1737620d864d2b0a9b85bf028293f195,untracked,?,untracked,tmp/phase2-disputed-revoked-browser-proof.mjs,,no,no,no,,temporary,temporary local artifact,,TEMPORARY,no,yes,
/Users/blackforge/workspace/bwe/repos/repo_clean,friday-release-candidate,c626bcfe1737620d864d2b0a9b85bf028293f195,untracked,?,untracked,tmp/phase2-find-authorized-business-owner.mjs,,no,no,no,,temporary,temporary local artifact,,TEMPORARY,no,yes,
/Users/blackforge/workspace/bwe/repos/repo_clean,friday-release-candidate,c626bcfe1737620d864d2b0a9b85bf028293f195,untracked,?,untracked,tmp/proof-resolver-checks-output.json,,no,no,no,,temporary,temporary local artifact,,TEMPORARY,no,yes,
/Users/blackforge/workspace/bwe/repos/repo_clean,friday-release-candidate,c626bcfe1737620d864d2b0a9b85bf028293f195,untracked,?,untracked,tmp/proof-resolver-checks.js,,no,no,no,,temporary,temporary local artifact,,TEMPORARY,no,yes,
/Users/blackforge/workspace/bwe/repos/repo_clean,friday-release-candidate,c626bcfe1737620d864d2b0a9b85bf028293f195,untracked,?,untracked,tmp/proof-resolver-denials-output.json,,no,no,no,,temporary,temporary local artifact,,TEMPORARY,no,yes,
/Users/blackforge/workspace/bwe/repos/repo_clean,friday-release-candidate,c626bcfe1737620d864d2b0a9b85bf028293f195,untracked,?,untracked,tmp/proof-resolver-denials.js,,no,no,no,,temporary,temporary local artifact,,TEMPORARY,no,yes,
/Users/blackforge/workspace/bwe/repos/repo_clean,friday-release-candidate,c626bcfe1737620d864d2b0a9b85bf028293f195,untracked,?,untracked,tmp/proof-resolver-users.js,,no,no,no,,temporary,temporary local artifact,,TEMPORARY,no,yes,
/Users/blackforge/workspace/bwe/repos/repo_clean,friday-release-candidate,c626bcfe1737620d864d2b0a9b85bf028293f195,M,,modified,tmp/r2_table_extract.js,,no,yes,no,,temporary,temporary local artifact,,TEMPORARY,no,yes,
/Users/blackforge/workspace/bwe/repos/repo_clean,friday-release-candidate,c626bcfe1737620d864d2b0a9b85bf028293f195,M,,modified,tmp/run-package1-tests.cjs,,no,yes,no,,temporary,temporary local artifact,,TEMPORARY,no,yes,
/Users/blackforge/workspace/bwe/repos/repo_clean,friday-release-candidate,c626bcfe1737620d864d2b0a9b85bf028293f195,untracked,?,untracked,tmp/run-phase1-apply-product-description-fix.sh,,no,no,no,,temporary,temporary local artifact,,TEMPORARY,no,yes,
