_id,business_name,group,current_category,current_categories,current_display_categories,proposed_display_categories,source_field,source_value,exact_mapping_rule,confidence,public_search_fields_before,projected_public_search_eligibility_after,manual_review_required,why_public_or_not
"67f73dec1d08a04e139a9a78","The Talonted Vixen Atelier","protected","","Nail Technicians","Beauty, Grooming and Personal Care","","","","","","{""status"":""approved"",""approved"":null,""alias"":""the-talonted-vixen-atelier"",""slug"":""the-talonted-vixen-atelier"",""isComplete"":true,""completenessScore"":70,""qualityScore"":70,""isTest"":null,""auditTag"":null,""business_name"":""The Talonted Vixen Atelier"",""address"":""15125 Ventura Blvd, Ste 10, Tarzana, CA 91403"",""city"":""Tarzana"",""state"":""CA""}","unchanged","false","part_of_complete_332_public_population"
"67f73dec1d08a04e139a9a79","Daelycyous Nail Designs","protected","","Nail Salons","Beauty, Grooming and Personal Care","","","","","","{""status"":""approved"",""approved"":null,""alias"":""daelycyous-nail-designs"",""slug"":""daelycyous-nail-designs"",""isComplete"":true,""completenessScore"":70,""qualityScore"":70,""isTest"":null,""auditTag"":null,""business_name"":""Daelycyous Nail Designs"",""address"":""841 W 9th St, Salon Bellezza, San Pedro, CA 90731"",""city"":""San Pedro"",""state"":""CA""}","unchanged","false","part_of_complete_332_public_population"
"67f73dec1d08a04e139a9a7b","Pure Pleasure Salon","protected","","Hair Salons","Beauty, Grooming and Personal Care","","","","","","{""status"":""approved"",""approved"":null,""alias"":""pure-pleasure-salon"",""slug"":""pure-pleasure-salon"",""isComplete"":true,""completenessScore"":70,""qualityScore"":70,""isTest"":null,""auditTag"":null,""business_name"":""Pure Pleasure Salon"",""address"":""2149 W Manchester Ave, Los Angeles, CA 90047"",""city"":""Los Angeles"",""state"":""CA""}","unchanged","false","part_of_complete_332_public_population"
"67f73dec1d08a04e139a9a7c","Ms Glen's Therapeutic Manicures & Pedicures","protected","","Nail Salons, Massage","Beauty, Grooming and Personal Care","","","","","","{""status"":""approved"",""approved"":null,""alias"":""ms-glen-s-therapeutic-manicures-pedicures"",""slug"":""ms-glen-s-therapeutic-manicures-pedicures"",""isComplete"":true,""completenessScore"":70,""qualityScore"":70,""isTest"":null,""auditTag"":null,""business_name"":""Ms Glen's Therapeutic Manicures & Pedicures"",""address"":""6320 Howard B. Drollinger Way, Ste 206, Westchester, CA 90045"",""city"":""Westchester"",""state"":""CA""}","unchanged","false","part_of_complete_332_public_population"
"67f73dec1d08a04e139a9a7f","Slay My Set","protected","","Nail Technicians","Beauty, Grooming and Personal Care","","","","","","{""status"":""approved"",""approved"":null,""alias"":""slay-my-set"",""slug"":""slay-my-set"",""isComplete"":true,""completenessScore"":70,""qualityScore"":70,""isTest"":null,""auditTag"":null,""business_name"":""Slay My Set"",""address"":""Pasadena, CA 90037"",""city"":""Pasadena"",""state"":""CA""}","unchanged","false","part_of_complete_332_public_population"
"67f73dec1d08a04e139a9a81","L.A. Hair Palace","protected","","Hair Stylists, Hair Extensions","Beauty, Grooming and Personal Care","","","","","","{""status"":""approved"",""approved"":null,""alias"":""l-a-hair-palace"",""slug"":""l-a-hair-palace"",""isComplete"":true,""completenessScore"":70,""qualityScore"":70,""isTest"":null,""auditTag"":null,""business_name"":""L.A. Hair Palace"",""address"":""5439 Cherry Ave, Long Beach, CA 90805"",""city"":""Long Beach"",""state"":""CA""}","unchanged","false","part_of_complete_332_public_population"
"67f73dec1d08a04e139a9a88","Hair Queen LA","protected","","Wigs, Hair Extensions","Beauty, Grooming and Personal Care","","","","","","{""status"":""approved"",""approved"":null,""alias"":""hair-queen-la"",""slug"":""hair-queen-la"",""isComplete"":true,""completenessScore"":70,""qualityScore"":70,""isTest"":null,""auditTag"":null,""business_name"":""Hair Queen LA"",""address"":""5363 Wilshire Blvd, Los Angeles, CA 90036"",""city"":""Los Angeles"",""state"":""CA""}","unchanged","false","part_of_complete_332_public_population"
"67f73dec1d08a04e139a9a8a","Sunset City Nails","protected","","Nail Salons","Beauty, Grooming and Personal Care","","","","","","{""status"":""approved"",""approved"":null,""alias"":""sunset-city-nails"",""slug"":""sunset-city-nails"",""isComplete"":true,""completenessScore"":70,""qualityScore"":70,""isTest"":null,""auditTag"":null,""business_name"":""Sunset City Nails"",""address"":""12107 Ventura Blvd, Studio City, CA 91604"",""city"":""Studio City"",""state"":""CA""}","unchanged","false","part_of_complete_332_public_population"
"67f73dec1d08a04e139a9a8e","Beautiful Hair","protected","","Hair Salons","Beauty, Grooming and Personal Care","","","","","","{""status"":""approved"",""approved"":null,""alias"":""beautiful-hair"",""slug"":""beautiful-hair"",""isComplete"":true,""completenessScore"":70,""qualityScore"":70,""isTest"":null,""auditTag"":null,""business_name"":""Beautiful Hair"",""address"":""1051 Glendon Ave, Ste 108, Los Angeles, CA 90024"",""city"":""Los Angeles"",""state"":""CA""}","unchanged","false","part_of_complete_332_public_population"
"67f73dec1d08a04e139a9a94","A Curly Walk Studio","protected","","Hair Stylists","Beauty, Grooming and Personal Care","","","","","","{""status"":""approved"",""approved"":null,""alias"":""a-curly-walk-studio"",""slug"":""a-curly-walk-studio"",""isComplete"":true,""completenessScore"":70,""qualityScore"":70,""isTest"":null,""auditTag"":null,""business_name"":""A Curly Walk Studio"",""address"":""306 Stonewood St, Studio 30, Stonewood Center, Downey, CA 90241"",""city"":""Downey"",""state"":""CA""}","unchanged","false","part_of_complete_332_public_population"
"67f73dec1d08a04e139a9a9b","ALL KINDZ HAIR CARE","protected","","Hair Salons","Beauty, Grooming and Personal Care","","","","","","{""status"":""approved"",""approved"":null,""alias"":""all-kindz-hair-care"",""slug"":""all-kindz-hair-care"",""isComplete"":true,""completenessScore"":70,""qualityScore"":70,""isTest"":null,""auditTag"":null,""business_name"":""ALL KINDZ HAIR CARE"",""address"":""325 E Compton Blvd, Compton, CA 90221"",""city"":""Compton"",""state"":""CA""}","unchanged","false","part_of_complete_332_public_population"
"67f73dec1d08a04e139a9a9c","Mirage Camille","protected","","Hair Salons","Beauty, Grooming and Personal Care","","","","","","{""status"":""approved"",""approved"":null,""alias"":""mirage-camille"",""slug"":""mirage-camille"",""isComplete"":true,""completenessScore"":70,""qualityScore"":70,""isTest"":null,""auditTag"":null,""business_name"":""Mirage Camille"",""address"":""Northridge, CA 91325"",""city"":""Northridge"",""state"":""CA""}","unchanged","false","part_of_complete_332_public_population"
"67f73dec1d08a04e139a9a9f","Temple Beauty Supply","protected","","Cosmetics & Beauty Supply","Beauty, Grooming and Personal Care","","","","","","{""status"":""approved"",""approved"":null,""alias"":""temple-beauty-supply"",""slug"":""temple-beauty-supply"",""isComplete"":true,""completenessScore"":70,""qualityScore"":70,""isTest"":null,""auditTag"":null,""business_name"":""Temple Beauty Supply"",""address"":""17531 S Central Ave, Ste D & E, Carson, CA 90746"",""city"":""Carson"",""state"":""CA""}","unchanged","false","part_of_complete_332_public_population"
"67f73dec1d08a04e139a9aa1","Evette's Beauty Supply","protected","","Hair Extensions, Wigs, Cosmetics & Beauty Supply","Beauty, Grooming and Personal Care","","","","","","{""status"":""approved"",""approved"":null,""alias"":""evette-s-beauty-supply"",""slug"":""evette-s-beauty-supply"",""isComplete"":true,""completenessScore"":70,""qualityScore"":70,""isTest"":null,""auditTag"":null,""business_name"":""Evette's Beauty Supply"",""address"":""1581 E Colorado Blvd, Pasadena, CA 91106"",""city"":""Pasadena"",""state"":""CA""}","unchanged","false","part_of_complete_332_public_population"
"67f73dec1d08a04e139a9aa2","Jilly Does My Hair","protected","","Hair Stylists, Hair Extensions","Beauty, Grooming and Personal Care","","","","","","{""status"":""approved"",""approved"":null,""alias"":""jilly-does-my-hair"",""slug"":""jilly-does-my-hair"",""isComplete"":true,""completenessScore"":70,""qualityScore"":70,""isTest"":null,""auditTag"":null,""business_name"":""Jilly Does My Hair"",""address"":""2149 W Manchester Blvd, Los Angeles, CA 90047"",""city"":""Los Angeles"",""state"":""CA""}","unchanged","false","part_of_complete_332_public_population"
"67f73dec1d08a04e139a9aa4","Blessed Beauty Supply","protected","","Cosmetics & Beauty Supply, Hair Extensions","Beauty, Grooming and Personal Care","","","","","","{""status"":""approved"",""approved"":null,""alias"":""blessed-beauty-supply"",""slug"":""blessed-beauty-supply"",""isComplete"":true,""completenessScore"":70,""qualityScore"":70,""isTest"":null,""auditTag"":null,""business_name"":""Blessed Beauty Supply"",""address"":""413 S Central Ave, Glendale, CA 91204"",""city"":""Glendale"",""state"":""CA""}","unchanged","false","part_of_complete_332_public_population"
"67f73dec1d08a04e139a9aa6","Waxing By Inez","protected","","Waxing, Day Spas","Beauty, Grooming and Personal Care","","","","","","{""status"":""approved"",""approved"":null,""alias"":""waxing-by-inez"",""slug"":""waxing-by-inez"",""isComplete"":true,""completenessScore"":70,""qualityScore"":70,""isTest"":null,""auditTag"":null,""business_name"":""Waxing By Inez"",""address"":""1250 N La Brea, Ste 102, Los Angeles, CA 90046"",""city"":""Los Angeles"",""state"":""CA""}","unchanged","false","part_of_complete_332_public_population"
"67f73dec1d08a04e139a9ab2","FreshCuts Barber and Beauty Salon","protected","","Barbershop","Beauty, Grooming and Personal Care","","","","","","{""status"":""approved"",""approved"":null,""alias"":""freshcuts-barber-and-beauty-salon"",""slug"":""freshcuts-barber-and-beauty-salon"",""isComplete"":true,""completenessScore"":70,""qualityScore"":70,""isTest"":null,""auditTag"":null,""business_name"":""FreshCuts Barber and Beauty Salon"",""address"":""3620 W Jefferson Blvd, Los Angeles, CA 90016"",""city"":""Los Angeles"",""state"":""CA""}","unchanged","false","part_of_complete_332_public_population"
"67f73dec1d08a04e139a9ab4","Fresh Cuts Barber","protected","","Barbershop","Beauty, Grooming and Personal Care","","","","","","{""status"":""approved"",""approved"":null,""alias"":""fresh-cuts-barber"",""slug"":""fresh-cuts-barber"",""isComplete"":true,""completenessScore"":70,""qualityScore"":70,""isTest"":null,""auditTag"":null,""business_name"":""Fresh Cuts Barber"",""address"":""19458 Ventura Blvd, Tarzana, CA 91356"",""city"":""Tarzana"",""state"":""CA""}","unchanged","false","part_of_complete_332_public_population"
"67f73dec1d08a04e139a9ab5","ExecutiveCuts","protected","","Barbershop","Beauty, Grooming and Personal Care","","","","","","{""status"":""approved"",""approved"":null,""alias"":""executivecuts"",""slug"":""executivecuts"",""isComplete"":true,""completenessScore"":70,""qualityScore"":70,""isTest"":null,""auditTag"":null,""business_name"":""ExecutiveCuts"",""address"":""5362 W Pico Blvd, Los Angeles, CA 90019"",""city"":""Los Angeles"",""state"":""CA""}","unchanged","false","part_of_complete_332_public_population"
"67f73dec1d08a04e139a9ab9","The Artform Studio","protected","","Hair Salons, Makeup Artists, Vinyl Records","Beauty, Grooming and Personal Care","","","","","","{""status"":""approved"",""approved"":null,""alias"":""the-artform-studio"",""slug"":""the-artform-studio"",""isComplete"":true,""completenessScore"":70,""qualityScore"":70,""isTest"":null,""auditTag"":null,""business_name"":""The Artform Studio"",""address"":""5611 N Figueroa St, Ste 2, Los Angeles, CA 90042"",""city"":""Los Angeles"",""state"":""CA""}","unchanged","false","part_of_complete_332_public_population"
"67f73dec1d08a04e139a9aba","F8DES","protected","","Hair Salons","Beauty, Grooming and Personal Care","","","","","","{""status"":""approved"",""approved"":null,""alias"":""f8des"",""slug"":""f8des"",""isComplete"":true,""completenessScore"":70,""qualityScore"":70,""isTest"":null,""auditTag"":null,""business_name"":""F8DES"",""address"":""1051 Glendon Ave,, Suite 108, Los Angeles, CA 90024"",""city"":""Los Angeles"",""state"":""CA""}","unchanged","false","part_of_complete_332_public_population"
"67f73dec1d08a04e139a9b3d","coffee and plants","protected","","Restaurants","Restaurants","","","","","","{""status"":""approved"",""approved"":null,""alias"":""coffee-and-plants"",""slug"":""coffee-and-plants"",""isComplete"":true,""completenessScore"":70,""qualityScore"":70,""isTest"":null,""auditTag"":null,""business_name"":""coffee and plants"",""address"":""62 W Union St Unit 2 Pasadena, CA 91103"",""city"":""Pasadena"",""state"":""CA""}","unchanged","false","part_of_complete_332_public_population"
"67f73dec1d08a04e139a9c67","the court cafe","protected","","Restaurants","Restaurants","","","","","","{""status"":""approved"",""approved"":null,""alias"":""the-court-cafe"",""slug"":""the-court-cafe"",""isComplete"":true,""completenessScore"":70,""qualityScore"":70,""isTest"":null,""auditTag"":null,""business_name"":""the court cafe"",""address"":""5496 W Centinela Ave Los Angeles, CA 90044"",""city"":""Los Angeles"",""state"":""CA""}","unchanged","false","part_of_complete_332_public_population"
"67f73dec1d08a04e139a9c82","time 2 grub","protected","","Restaurants","Restaurants","","","","","","{""status"":""approved"",""approved"":null,""alias"":""time-2-grub"",""slug"":""time-2-grub"",""isComplete"":true,""completenessScore"":70,""qualityScore"":70,""isTest"":null,""auditTag"":null,""business_name"":""time 2 grub"",""address"":""1140 Commerce Center Dr Ste P11 inside Sol Plaza Boutique Mall Lancaster, CA 93534"",""city"":""Los Angeles"",""state"":""CA""}","unchanged","false","part_of_complete_332_public_population"
"67f73dec1d08a04e139a9cb8","rubys day care los angeles","protected","","Child Care & Day Care","Services","","","","","","{""status"":""approved"",""approved"":null,""alias"":""rubys-day-care-los-angeles"",""slug"":""rubys-day-care-los-angeles"",""isComplete"":true,""completenessScore"":70,""qualityScore"":70,""isTest"":null,""auditTag"":null,""business_name"":""rubys day care los angeles"",""address"":""Los Angeles, CA 90047"",""city"":""Los Angeles"",""state"":""CA""}","unchanged","false","part_of_complete_332_public_population"
"67f73dec1d08a04e139a9cba","brian love photography los angeles","protected","","Session Photography","Services","","","","","","{""status"":""approved"",""approved"":null,""alias"":""brian-love-photography-los-angeles"",""slug"":""brian-love-photography-los-angeles"",""isComplete"":true,""completenessScore"":70,""qualityScore"":70,""isTest"":null,""auditTag"":null,""business_name"":""brian love photography los angeles"",""address"":""5700 Melrose Ave Ste 204 Los Angeles, CA 90038"",""city"":""Los Angeles"",""state"":""CA""}","unchanged","false","part_of_complete_332_public_population"
"67f73dec1d08a04e139a9cc2","linares tires and auto service los angeles","protected","","Tires","Shopping","","","","","","{""status"":""approved"",""approved"":null,""alias"":""linares-tires-and-auto-service-los-angeles"",""slug"":""linares-tires-and-auto-service-los-angeles"",""isComplete"":true,""completenessScore"":70,""qualityScore"":70,""isTest"":null,""auditTag"":null,""business_name"":""linares tires and auto service los angeles"",""address"":""2201 S Central Ave Los Angeles, CA 90011"",""city"":""Los Angeles"",""state"":""CA""}","unchanged","false","part_of_complete_332_public_population"
"67f73dec1d08a04e139a9cc6","brian archie photography los angeles 2","protected","","Event Photography","Services","","","","","","{""status"":""approved"",""approved"":null,""alias"":""brian-archie-photography-los-angeles-2"",""slug"":""brian-archie-photography-los-angeles-2"",""isComplete"":true,""completenessScore"":70,""qualityScore"":70,""isTest"":null,""auditTag"":null,""business_name"":""brian archie photography los angeles 2"",""address"":""Los Angeles, CA 90210"",""city"":""Los Angeles"",""state"":""CA""}","unchanged","false","part_of_complete_332_public_population"
"67f73dec1d08a04e139a9cc7","drinks by dez los angeles","protected","","Bartenders","Nightlife","","","","","","{""status"":""approved"",""approved"":null,""alias"":""drinks-by-dez-los-angeles"",""slug"":""drinks-by-dez-los-angeles"",""isComplete"":true,""completenessScore"":70,""qualityScore"":70,""isTest"":null,""auditTag"":null,""business_name"":""drinks by dez los angeles"",""address"":""Los Angeles, CA 90006"",""city"":""Los Angeles"",""state"":""CA""}","unchanged","false","part_of_complete_332_public_population"
"67f73dec1d08a04e139a9cc8","collins financial services los angeles 3","protected","","Tax Services","Services","","","","","","{""status"":""approved"",""approved"":null,""alias"":""collins-financial-services-los-angeles-3"",""slug"":""collins-financial-services-los-angeles-3"",""isComplete"":true,""completenessScore"":70,""qualityScore"":70,""isTest"":null,""auditTag"":null,""business_name"":""collins financial services los angeles 3"",""address"":""4714 Crenshaw Blvd Los Angeles, CA 90043"",""city"":""Los Angeles"",""state"":""CA""}","unchanged","false","part_of_complete_332_public_population"
"67f73dec1d08a04e139a9cca","the body shop guys los angeles 4","protected","","Body Shops","Shopping","","","","","","{""status"":""approved"",""approved"":null,""alias"":""the-body-shop-guys-los-angeles-4"",""slug"":""the-body-shop-guys-los-angeles-4"",""isComplete"":true,""completenessScore"":70,""qualityScore"":70,""isTest"":null,""auditTag"":null,""business_name"":""the body shop guys los angeles 4"",""address"":""18403 Eddy St Los Angeles, CA 91325"",""city"":""Los Angeles"",""state"":""CA""}","unchanged","false","part_of_complete_332_public_population"
"67f73dec1d08a04e139a9ccc","love my neighbor foundation los angeles","protected","","Community Service/Non-Profit","Services","","","","","","{""status"":""approved"",""approved"":null,""alias"":""love-my-neighbor-foundation-los-angeles"",""slug"":""love-my-neighbor-foundation-los-angeles"",""isComplete"":true,""completenessScore"":70,""qualityScore"":70,""isTest"":null,""auditTag"":null,""business_name"":""love my neighbor foundation los angeles"",""address"":""620 E 7th St Los Angeles, CA 90021"",""city"":""Los Angeles"",""state"":""CA""}","unchanged","false","part_of_complete_332_public_population"
"67f73dec1d08a04e139a9ccd","francos electrical services los angeles","protected","","Handyman","Services","","","","","","{""status"":""approved"",""approved"":null,""alias"":""francos-electrical-services-los-angeles"",""slug"":""francos-electrical-services-los-angeles"",""isComplete"":true,""completenessScore"":70,""qualityScore"":70,""isTest"":null,""auditTag"":null,""business_name"":""francos electrical services los angeles"",""address"":""Los Angeles, CA 91040"",""city"":""Los Angeles"",""state"":""CA""}","unchanged","false","part_of_complete_332_public_population"
"67f73dec1d08a04e139a9cce","zinnia health and wellness medical center los angeles","protected","","Body Contouring","Services","","","","","","{""status"":""approved"",""approved"":null,""alias"":""zinnia-health-and-wellness-medical-center-los-angeles"",""slug"":""zinnia-health-and-wellness-medical-center-los-angeles"",""isComplete"":true,""completenessScore"":70,""qualityScore"":70,""isTest"":null,""auditTag"":null,""business_name"":""zinnia health and wellness medical center los angeles"",""address"":""2917 W Vernon Ave Los Angeles, CA 90008"",""city"":""Los Angeles"",""state"":""CA""}","unchanged","false","part_of_complete_332_public_population"
"67f73dec1d08a04e139a9cd0","pit stop carwash and auto detailing center los angeles 4","protected","","Auto Detailing","Services","","","","","","{""status"":""approved"",""approved"":null,""alias"":""pit-stop-carwash-and-auto-detailing-center-los-angeles-4"",""slug"":""pit-stop-carwash-and-auto-detailing-center-los-angeles-4"",""isComplete"":true,""completenessScore"":70,""qualityScore"":70,""isTest"":null,""auditTag"":null,""business_name"":""pit stop carwash and auto detailing center los angeles 4"",""address"":""4120 W Olympic Blvd Los Angeles, CA 90019"",""city"":""Los Angeles"",""state"":""CA""}","unchanged","false","part_of_complete_332_public_population"
"67f73dec1d08a04e139a9cd5","tooth couture tooth gems los angeles","protected","","Cosmetic Dentists","Services","","","","","","{""status"":""approved"",""approved"":null,""alias"":""tooth-couture-tooth-gems-los-angeles"",""slug"":""tooth-couture-tooth-gems-los-angeles"",""isComplete"":true,""completenessScore"":70,""qualityScore"":70,""isTest"":null,""auditTag"":null,""business_name"":""tooth couture tooth gems los angeles"",""address"":""5593 W Manchester Ave inside Mukha Beauty Los Angeles, CA 90045"",""city"":""Los Angeles"",""state"":""CA""}","unchanged","false","part_of_complete_332_public_population"
"67f73dec1d08a04e139a9cd8","zion home inspection los angeles 2","protected","","Home Inspectors","Services","","","","","","{""status"":""approved"",""approved"":null,""alias"":""zion-home-inspection-los-angeles-2"",""slug"":""zion-home-inspection-los-angeles-2"",""isComplete"":true,""completenessScore"":70,""qualityScore"":70,""isTest"":null,""auditTag"":null,""business_name"":""zion home inspection los angeles 2"",""address"":""Los Angeles, CA 90043"",""city"":""Los Angeles"",""state"":""CA""}","unchanged","false","part_of_complete_332_public_population"
"67f73dec1d08a04e139a9cd9","lisa brown state farm insurance agent los angeles 3","protected","","Home & Rental Insurance","Services","","","","","","{""status"":""approved"",""approved"":null,""alias"":""lisa-brown-state-farm-insurance-agent-los-angeles-3"",""slug"":""lisa-brown-state-farm-insurance-agent-los-angeles-3"",""isComplete"":true,""completenessScore"":70,""qualityScore"":70,""isTest"":null,""auditTag"":null,""business_name"":""lisa brown state farm insurance agent los angeles 3"",""address"":""1247 S La Brea Ave Los Angeles, CA 90019"",""city"":""Los Angeles"",""state"":""CA""}","unchanged","false","part_of_complete_332_public_population"
"67f73dec1d08a04e139a9ce0","scp security los angeles","protected","","Security Services","Services","","","","","","{""status"":""approved"",""approved"":null,""alias"":""scp-security-los-angeles"",""slug"":""scp-security-los-angeles"",""isComplete"":true,""completenessScore"":70,""qualityScore"":70,""isTest"":null,""auditTag"":null,""business_name"":""scp security los angeles"",""address"":""Los Angeles, CA 91306"",""city"":""Los Angeles"",""state"":""CA""}","unchanged","false","part_of_complete_332_public_population"
"67f73dec1d08a04e139a9ce5","make em pay los angeles","protected","","Process Servers","Services","","","","","","{""status"":""approved"",""approved"":null,""alias"":""make-em-pay-los-angeles"",""slug"":""make-em-pay-los-angeles"",""isComplete"":true,""completenessScore"":70,""qualityScore"":70,""isTest"":null,""auditTag"":null,""business_name"":""make em pay los angeles"",""address"":""Los Angeles, CA 90078"",""city"":""Los Angeles"",""state"":""CA""}","unchanged","false","part_of_complete_332_public_population"
"67f73dec1d08a04e139a9ce8","wilkslaw and bankruptcy advocates los angeles","protected","","Personal Injury Law","Services","","","","","","{""status"":""approved"",""approved"":null,""alias"":""wilkslaw-and-bankruptcy-advocates-los-angeles"",""slug"":""wilkslaw-and-bankruptcy-advocates-los-angeles"",""isComplete"":true,""completenessScore"":70,""qualityScore"":70,""isTest"":null,""auditTag"":null,""business_name"":""wilkslaw and bankruptcy advocates los angeles"",""address"":""Los Angeles, CA 90008"",""city"":""Los Angeles"",""state"":""CA""}","unchanged","false","part_of_complete_332_public_population"
"67f73dec1d08a04e139a9ce9","psychic on fairfax los angeles 2","protected","","Psychics","Services","","","","","","{""status"":""approved"",""approved"":null,""alias"":""psychic-on-fairfax-los-angeles-2"",""slug"":""psychic-on-fairfax-los-angeles-2"",""isComplete"":true,""completenessScore"":70,""qualityScore"":70,""isTest"":null,""auditTag"":null,""business_name"":""psychic on fairfax los angeles 2"",""address"":""1810 South Fairfax Los Angeles, CA 90019"",""city"":""Los Angeles"",""state"":""CA""}","unchanged","false","part_of_complete_332_public_population"
"67f73dec1d08a04e139a9cee","cise los angeles 2","protected","","Web Design","Services","","","","","","{""status"":""approved"",""approved"":null,""alias"":""cise-los-angeles-2"",""slug"":""cise-los-angeles-2"",""isComplete"":true,""completenessScore"":70,""qualityScore"":70,""isTest"":null,""auditTag"":null,""business_name"":""cise los angeles 2"",""address"":""Los Angeles, CA 90056"",""city"":""Los Angeles"",""state"":""CA""}","unchanged","false","part_of_complete_332_public_population"
"67f73dec1d08a04e139a9cf2","express locksmith los angeles 5","protected","","Keys & Locksmiths","Services","","","","","","{""status"":""approved"",""approved"":null,""alias"":""express-locksmith-los-angeles-5"",""slug"":""express-locksmith-los-angeles-5"",""isComplete"":true,""completenessScore"":70,""qualityScore"":70,""isTest"":null,""auditTag"":null,""business_name"":""express locksmith los angeles 5"",""address"":""Los Angeles, CA 90036"",""city"":""Los Angeles"",""state"":""CA""}","unchanged","false","part_of_complete_332_public_population"
"67f73dec1d08a04e139a9cf5","so white carpet cleaning los angeles 7","protected","","Carpet Cleaning","Services","","","","","","{""status"":""approved"",""approved"":null,""alias"":""so-white-carpet-cleaning-los-angeles-7"",""slug"":""so-white-carpet-cleaning-los-angeles-7"",""isComplete"":true,""completenessScore"":70,""qualityScore"":70,""isTest"":null,""auditTag"":null,""business_name"":""so white carpet cleaning los angeles 7"",""address"":""North Hollywood Los Angeles, CA 91601"",""city"":""Los Angeles"",""state"":""CA""}","unchanged","false","part_of_complete_332_public_population"
"67f73dec1d08a04e139a9d00","gs retrofit los angeles","protected","","Home Inspectors","Services","","","","","","{""status"":""approved"",""approved"":null,""alias"":""gs-retrofit-los-angeles"",""slug"":""gs-retrofit-los-angeles"",""isComplete"":true,""completenessScore"":70,""qualityScore"":70,""isTest"":null,""auditTag"":null,""business_name"":""gs retrofit los angeles"",""address"":""Los Angeles, CA 90045"",""city"":""Los Angeles"",""state"":""CA""}","unchanged","false","part_of_complete_332_public_population"
"67f73dec1d08a04e139a9d01","teresa mack pacific playa realty los angeles","protected","","Real Estate Agents","Services","","","","","","{""status"":""approved"",""approved"":null,""alias"":""teresa-mack-pacific-playa-realty-los-angeles"",""slug"":""teresa-mack-pacific-playa-realty-los-angeles"",""isComplete"":true,""completenessScore"":70,""qualityScore"":70,""isTest"":null,""auditTag"":null,""business_name"":""teresa mack pacific playa realty los angeles"",""address"":""8915 S Sepulveda Blvd Los Angeles, CA 90045"",""city"":""Los Angeles"",""state"":""CA""}","unchanged","false","part_of_complete_332_public_population"
"67f73dec1d08a04e139a9d03","haapynow amusement los angeles","protected","","Party Equipment Rentals","Services","","","","","","{""status"":""approved"",""approved"":null,""alias"":""haapynow-amusement-los-angeles"",""slug"":""haapynow-amusement-los-angeles"",""isComplete"":true,""completenessScore"":70,""qualityScore"":70,""isTest"":null,""auditTag"":null,""business_name"":""haapynow amusement los angeles"",""address"":""Los Angeles, CA 90032"",""city"":""Los Angeles"",""state"":""CA""}","unchanged","false","part_of_complete_332_public_population"
"67f73dec1d08a04e139a9d04","kids win entertainment los angeles","protected","","Party & Event Planning","Services","","","","","","{""status"":""approved"",""approved"":null,""alias"":""kids-win-entertainment-los-angeles"",""slug"":""kids-win-entertainment-los-angeles"",""isComplete"":true,""completenessScore"":70,""qualityScore"":70,""isTest"":null,""auditTag"":null,""business_name"":""kids win entertainment los angeles"",""address"":""Los Angeles, CA 91605"",""city"":""Los Angeles"",""state"":""CA""}","unchanged","false","part_of_complete_332_public_population"
"6843794b5c931273e196b582","Sublime Donuts","protected","","Bakery, Donuts, Cafe","Food & Dining","","","","","","{""status"":""approved"",""approved"":null,""alias"":""sublime-donuts-atlanta"",""slug"":null,""isComplete"":true,""completenessScore"":78,""qualityScore"":null,""isTest"":null,""auditTag"":null,""business_name"":""Sublime Donuts"",""address"":""535 10th St NW, Atlanta, GA 30318"",""city"":"""",""state"":""GA""}","unchanged","false","part_of_complete_332_public_population"
"6843794b5c931273e196b58b","Tru REST Float Spa","protected","","Spa, Wellness, Float Therapy","Health & Wellness","","","","","","{""status"":""approved"",""approved"":null,""alias"":""tru-rest-float-spa-roswell"",""slug"":null,""isComplete"":true,""completenessScore"":78,""qualityScore"":null,""isTest"":null,""auditTag"":null,""business_name"":""Tru REST Float Spa"",""address"":""10800 Alpharetta Hwy, Roswell, GA 30076"",""city"":"""",""state"":""GA""}","unchanged","false","part_of_complete_332_public_population"
"6843794b5c931273e196b589","The Green Room Agency","protected","","Home Staging, Interior Design","Home & Furniture","","","","","","{""status"":""approved"",""approved"":null,""alias"":""green-room-agency-atl"",""slug"":null,""isComplete"":true,""completenessScore"":78,""qualityScore"":null,""isTest"":null,""auditTag"":null,""business_name"":""The Green Room Agency"",""address"":""675 Metropolitan Pkwy SW #5054, Atlanta, GA 30310"",""city"":"""",""state"":""GA""}","unchanged","false","part_of_complete_332_public_population"
"6843794b5c931273e196b58a","HealHaus ATL","protected","","Health, Wellness, Yoga, Therapy","Health & Wellness","","","","","","{""status"":""approved"",""approved"":null,""alias"":""healhaus-atlanta"",""slug"":null,""isComplete"":true,""completenessScore"":78,""qualityScore"":null,""isTest"":null,""auditTag"":null,""business_name"":""HealHaus ATL"",""address"":""774 Virginia Ave NE, Atlanta, GA 30306"",""city"":"""",""state"":""GA""}","unchanged","false","part_of_complete_332_public_population"
"6843794b5c931273e196b58d","The Biz Boutique ATL","protected","","Clothing, Accessories","Apparel & Footwear","","","","","","{""status"":""approved"",""approved"":null,""alias"":""the-biz-boutique-atl"",""slug"":null,""isComplete"":true,""completenessScore"":78,""qualityScore"":null,""isTest"":null,""auditTag"":null,""business_name"":""The Biz Boutique ATL"",""address"":""321 Edgewood Ave SE, Atlanta, GA 30312"",""city"":"""",""state"":""GA""}","unchanged","false","part_of_complete_332_public_population"
"6843794b5c931273e196b594","Walter's Clothing","protected","","Clothing, Shoes, Streetwear","Apparel & Footwear","","","","","","{""status"":""approved"",""approved"":null,""alias"":""walters-clothing-atlanta"",""slug"":null,""isComplete"":true,""completenessScore"":78,""qualityScore"":null,""isTest"":null,""auditTag"":null,""business_name"":""Walter's Clothing"",""address"":""66 Decatur St SE, Atlanta, GA 30303"",""city"":"""",""state"":""GA""}","unchanged","false","part_of_complete_332_public_population"
"6843794b5c931273e196b58f","Moksha Yoga Atlanta","protected","","Yoga Studio, Wellness","Health & Wellness","","","","","","{""status"":""approved"",""approved"":null,""alias"":""moksha-yoga-atlanta"",""slug"":null,""isComplete"":true,""completenessScore"":78,""qualityScore"":null,""isTest"":null,""auditTag"":null,""business_name"":""Moksha Yoga Atlanta"",""address"":""1085 Ponce De Leon Ave NE, Atlanta, GA 30306"",""city"":"""",""state"":""GA""}","unchanged","false","part_of_complete_332_public_population"
"6843794b5c931273e196b595","Paschal's Restaurant","protected","","Southern, Soul Food","Food & Dining","","","","","","{""status"":""approved"",""approved"":null,""alias"":""paschals-restaurant-atlanta"",""slug"":null,""isComplete"":true,""completenessScore"":78,""qualityScore"":null,""isTest"":null,""auditTag"":null,""business_name"":""Paschal's Restaurant"",""address"":""180 Northside Dr SW, Atlanta, GA 30313"",""city"":"""",""state"":""GA""}","unchanged","false","part_of_complete_332_public_population"
"6843794b5c931273e196b587","Peace By Piece ATL","protected","","Home Decor, Gifts","Home & Furniture","","","","","","{""status"":""approved"",""approved"":null,""alias"":""peace-by-piece-atlanta"",""slug"":null,""isComplete"":true,""completenessScore"":78,""qualityScore"":null,""isTest"":null,""auditTag"":null,""business_name"":""Peace By Piece ATL"",""address"":""1050 Ralph David Abernathy Blvd SW, Atlanta, GA 30310"",""city"":"""",""state"":""GA""}","unchanged","false","part_of_complete_332_public_population"
"6843794b5c931273e196b593","Busy Bee Cafe","protected","","Soul Food, Restaurant","Food & Dining","","","","","","{""status"":""approved"",""approved"":null,""alias"":""busy-bee-cafe-atlanta"",""slug"":null,""isComplete"":true,""completenessScore"":78,""qualityScore"":null,""isTest"":null,""auditTag"":null,""business_name"":""Busy Bee Cafe"",""address"":""810 Martin Luther King Jr Dr SW, Atlanta, GA 30314"",""city"":"""",""state"":""GA""}","unchanged","false","part_of_complete_332_public_population"
"68451075f4bbe63969630318","The Resource Guild","protected","","Marketing, PR, Consulting","Professional Services","","","","","","{""status"":""approved"",""approved"":null,""alias"":""the-resource-guild"",""slug"":null,""isComplete"":true,""completenessScore"":78,""qualityScore"":null,""isTest"":null,""auditTag"":null,""business_name"":""The Resource Guild"",""address"":""1040 Grant St SE, Atlanta, GA 30315"",""city"":"""",""state"":""GA""}","unchanged","false","part_of_complete_332_public_population"
"68451075f4bbe6396963031c","Love Renaissance (LVRN)","protected","","Music, Entertainment, Management","Entertainment & Media","","","","","","{""status"":""approved"",""approved"":null,""alias"":""love-renaissance-atlanta"",""slug"":null,""isComplete"":true,""completenessScore"":78,""qualityScore"":null,""isTest"":null,""auditTag"":null,""business_name"":""Love Renaissance (LVRN)"",""address"":""887 W Marietta St NW Suite M102, Atlanta, GA 30318"",""city"":"""",""state"":""GA""}","unchanged","false","part_of_complete_332_public_population"
"68451075f4bbe6396963031d","Atlanta Children’s Shelter","protected","","Nonprofit, Childcare, Education","Childcare & Education","","","","","","{""status"":""approved"",""approved"":null,""alias"":""atlanta-childrens-shelter"",""slug"":null,""isComplete"":true,""completenessScore"":78,""qualityScore"":null,""isTest"":null,""auditTag"":null,""business_name"":""Atlanta Children’s Shelter"",""address"":""607 Peachtree St NE, Atlanta, GA 30308"",""city"":"""",""state"":""GA""}","unchanged","false","part_of_complete_332_public_population"
"68451075f4bbe63969630312","Davis Bozeman Law Firm","protected","","Legal, Law Firm, Civil Rights","Professional Services","","","","","","{""status"":""approved"",""approved"":null,""alias"":""davis-bozeman-law-firm"",""slug"":null,""isComplete"":true,""completenessScore"":78,""qualityScore"":null,""isTest"":null,""auditTag"":null,""business_name"":""Davis Bozeman Law Firm"",""address"":""4153C Flat Shoals Pkwy, Decatur, GA 30034"",""city"":"""",""state"":""GA""}","unchanged","false","part_of_complete_332_public_population"
"68451075f4bbe63969630321","The Gathering Spot","protected","","Events, Community, Coworking","Events & Community","","","","","","{""status"":""approved"",""approved"":null,""alias"":""the-gathering-spot-atlanta"",""slug"":null,""isComplete"":true,""completenessScore"":78,""qualityScore"":null,""isTest"":null,""auditTag"":null,""business_name"":""The Gathering Spot"",""address"":""384 Northyards Blvd NW Building 100, Atlanta, GA 30313"",""city"":"""",""state"":""GA""}","unchanged","false","part_of_complete_332_public_population"
"68451075f4bbe63969630322","Atlanta Black Chambers","protected","","Business Organization, Networking, Events","Events & Community","","","","","","{""status"":""approved"",""approved"":null,""alias"":""atlanta-black-chambers"",""slug"":null,""isComplete"":true,""completenessScore"":78,""qualityScore"":null,""isTest"":null,""auditTag"":null,""business_name"":""Atlanta Black Chambers"",""address"":""230 Peachtree St NW Suite 1900, Atlanta, GA 30303"",""city"":"""",""state"":""GA""}","unchanged","false","part_of_complete_332_public_population"
"68451075f4bbe63969630323","Apex Museum","protected","","Museum, Education, History","Nonprofits & Cultural Orgs","","","","","","{""status"":""approved"",""approved"":null,""alias"":""apex-museum-atlanta"",""slug"":null,""isComplete"":true,""completenessScore"":78,""qualityScore"":null,""isTest"":null,""auditTag"":null,""business_name"":""Apex Museum"",""address"":""135 Auburn Ave NE, Atlanta, GA 30303"",""city"":"""",""state"":""GA""}","unchanged","false","part_of_complete_332_public_population"
"68451075f4bbe63969630316","Moore Income Tax Service","protected","","Accounting, Tax Prep","Professional Services","","","","","","{""status"":""approved"",""approved"":null,""alias"":""moore-income-tax-service"",""slug"":null,""isComplete"":true,""completenessScore"":78,""qualityScore"":null,""isTest"":null,""auditTag"":null,""business_name"":""Moore Income Tax Service"",""address"":""2615 Campbellton Rd SW, Atlanta, GA 30311"",""city"":"""",""state"":""GA""}","unchanged","false","part_of_complete_332_public_population"
"68451075f4bbe6396963031e","Eve Financial","protected","","Finance, Loans, Banking","Finance","","","","","","{""status"":""approved"",""approved"":null,""alias"":""eve-financial-atlanta"",""slug"":null,""isComplete"":true,""completenessScore"":78,""qualityScore"":null,""isTest"":null,""auditTag"":null,""business_name"":""Eve Financial"",""address"":""123 Auburn Ave NE, Atlanta, GA 30303"",""city"":"""",""state"":""GA""}","unchanged","false","part_of_complete_332_public_population"
"68451075f4bbe63969630324","Catapult HQ","protected","","Technology, Digital Marketing, Web Design","Tech & Digital","","","","","","{""status"":""approved"",""approved"":null,""alias"":""catapult-hq-atlanta"",""slug"":null,""isComplete"":true,""completenessScore"":78,""qualityScore"":null,""isTest"":null,""auditTag"":null,""business_name"":""Catapult HQ"",""address"":""715 Peachtree St NE #100, Atlanta, GA 30308"",""city"":"""",""state"":""GA""}","unchanged","false","part_of_complete_332_public_population"
"68451075f4bbe6396963031f","Hosea Helps","protected","","Nonprofit, Community Services","Nonprofits & Cultural Orgs","","","","","","{""status"":""approved"",""approved"":null,""alias"":""hosea-helps-atlanta"",""slug"":null,""isComplete"":true,""completenessScore"":78,""qualityScore"":null,""isTest"":null,""auditTag"":null,""business_name"":""Hosea Helps"",""address"":""2545 Forrest Hills Dr SW, Atlanta, GA 30315"",""city"":"""",""state"":""GA""}","unchanged","false","part_of_complete_332_public_population"
"68451075f4bbe63969630317","JPR Construction","protected","","Construction, Home Improvement","Real Estate & Construction","","","","","","{""status"":""approved"",""approved"":null,""alias"":""jpr-construction-atlanta"",""slug"":null,""isComplete"":true,""completenessScore"":78,""qualityScore"":null,""isTest"":null,""auditTag"":null,""business_name"":""JPR Construction"",""address"":""5256 Peachtree Rd, Chamblee, GA 30341"",""city"":"""",""state"":""GA""}","unchanged","false","part_of_complete_332_public_population"
"67f73dec1d08a04e139a9abb","LEE Salon Pasadena","protected","","Hair Salons, Skin Care, Eyelash Service","Beauty, Grooming and Personal Care","","","","","","{""status"":""approved"",""approved"":null,""alias"":""lee-salon-pasadena"",""slug"":""lee-salon-pasadena"",""isComplete"":true,""completenessScore"":70,""qualityScore"":70,""isTest"":null,""auditTag"":null,""business_name"":""LEE Salon Pasadena"",""address"":""573 S Lake Ave, Ste 1, Pasadena, CA 91101"",""city"":""Los Angeles"",""state"":""CA""}","unchanged","false","part_of_complete_332_public_population"
"67f73dec1d08a04e139a9a8b","Catalina's Dominican Beauty Salon","protected","","Hair Salons","Beauty, Grooming and Personal Care","","","","","","{""status"":""approved"",""approved"":null,""alias"":""catalinas-dominican-beauty-salon"",""slug"":""catalinas-dominican-beauty-salon"",""isComplete"":true,""completenessScore"":70,""qualityScore"":70,""isTest"":null,""auditTag"":null,""business_name"":""Catalina's Dominican Beauty Salon"",""address"":""15243 Roscoe Blvd, Los Angeles, CA 91402"",""city"":""Los Angeles"",""state"":""CA""}","unchanged","false","part_of_complete_332_public_population"
"67f73dec1d08a04e139a9a99","Veenus Beauty Lounge","protected","","Hair Salons, Makeup Artists, Eyelash Service","Beauty, Grooming and Personal Care","","","","","","{""status"":""approved"",""approved"":null,""alias"":""veenus-beauty-lounge"",""slug"":""veenus-beauty-lounge"",""isComplete"":true,""completenessScore"":70,""qualityScore"":70,""isTest"":null,""auditTag"":null,""business_name"":""Veenus Beauty Lounge"",""address"":""1626 W Whittier Blvd, La Habra, CA 90631"",""city"":""Los Angeles"",""state"":""CA""}","unchanged","false","part_of_complete_332_public_population"
"67f73dec1d08a04e139a9aa5","DC LUX HAIR Studio","protected","","Hair Salons","Beauty, Grooming and Personal Care","","","","","","{""status"":""approved"",""approved"":null,""alias"":""dc-lux-hair-studio"",""slug"":""dc-lux-hair-studio"",""isComplete"":true,""completenessScore"":70,""qualityScore"":70,""isTest"":null,""auditTag"":null,""business_name"":""DC LUX HAIR Studio"",""address"":""8383 Wilshire Blvd, Ste 75, Beverly Hills, CA 90211"",""city"":""Los Angeles"",""state"":""CA""}","unchanged","false","part_of_complete_332_public_population"
"67f73dec1d08a04e139a9a8f","Starring  By Ted Gibson","protected","","Hair Salons","Beauty, Grooming and Personal Care","","","","","","{""status"":""approved"",""approved"":null,""alias"":""starring-by-ted-gibson"",""slug"":""starring-by-ted-gibson"",""isComplete"":true,""completenessScore"":70,""qualityScore"":70,""isTest"":null,""auditTag"":null,""business_name"":""Starring  By Ted Gibson"",""address"":""211 South La Brea Ave, Los Angeles, CA 90036"",""city"":""Los Angeles"",""state"":""CA""}","unchanged","false","part_of_complete_332_public_population"
"67f73dec1d08a04e139a9a8d","Taylor Rose Hair Studio","protected","","Hair Extensions, Eyelash Service, Waxing","Beauty, Grooming and Personal Care","","","","","","{""status"":""approved"",""approved"":null,""alias"":""taylor-rose-hair-studio"",""slug"":""taylor-rose-hair-studio"",""isComplete"":true,""completenessScore"":70,""qualityScore"":70,""isTest"":null,""auditTag"":null,""business_name"":""Taylor Rose Hair Studio"",""address"":""7739 1/2 Santa Monica Blvd, West Hollywood, CA 90046"",""city"":""Los Angeles"",""state"":""CA""}","unchanged","false","part_of_complete_332_public_population"
"67f73dec1d08a04e139a9cdc","holewood media marketing los angeles","protected","","Marketing","Services","","","","","","{""status"":""approved"",""approved"":null,""alias"":""holewood-media-marketing-los-angeles"",""slug"":""holewood-media-marketing-los-angeles"",""isComplete"":true,""completenessScore"":70,""qualityScore"":70,""isTest"":null,""auditTag"":null,""business_name"":""holewood media marketing los angeles"",""address"":""Los Angeles, CA 90036"",""city"":""Los Angeles"",""state"":""CA""}","unchanged","false","part_of_complete_332_public_population"
"67f73dec1d08a04e139a9a9d","Hair Magnifique","protected","","Wigs, Cosmetics & Beauty Supply, Hair Extensions","Beauty, Grooming and Personal Care","","","","","","{""status"":""approved"",""approved"":null,""alias"":""hair-magnifique"",""slug"":""hair-magnifique"",""isComplete"":true,""completenessScore"":70,""qualityScore"":70,""isTest"":null,""auditTag"":null,""business_name"":""Hair Magnifique"",""address"":""5593 W Manchester Ave, Los Angeles, CA 90045"",""city"":""Los Angeles"",""state"":""CA""}","unchanged","false","part_of_complete_332_public_population"
"67f73dec1d08a04e139a9ce7","imreikinow los angeles","protected","","Reiki","Gym, Fitness Health and Wellness","","","","","","{""status"":""approved"",""approved"":null,""alias"":""imreikinow-los-angeles"",""slug"":""imreikinow-los-angeles"",""isComplete"":true,""completenessScore"":70,""qualityScore"":70,""isTest"":null,""auditTag"":null,""business_name"":""imreikinow los angeles"",""address"":""Los Angeles, CA 90012"",""city"":""Los Angeles"",""state"":""CA""}","unchanged","false","part_of_complete_332_public_population"
"67f73dec1d08a04e139a9cbb","fdc investments los angeles 3","protected","","Real Estate Services","Services","","","","","","{""status"":""approved"",""approved"":null,""alias"":""fdc-investments-los-angeles-3"",""slug"":""fdc-investments-los-angeles-3"",""isComplete"":true,""completenessScore"":70,""qualityScore"":70,""isTest"":null,""auditTag"":null,""business_name"":""fdc investments los angeles 3"",""address"":""Los Angeles, CA 90004"",""city"":""Los Angeles"",""state"":""CA""}","unchanged","false","part_of_complete_332_public_population"
"67f73dec1d08a04e139a9cbd","the party mirror photo booth los angeles","protected","","Photo Booth Rentals","Services","","","","","","{""status"":""approved"",""approved"":null,""alias"":""the-party-mirror-photo-booth-los-angeles"",""slug"":""the-party-mirror-photo-booth-los-angeles"",""isComplete"":true,""completenessScore"":70,""qualityScore"":70,""isTest"":null,""auditTag"":null,""business_name"":""the party mirror photo booth los angeles"",""address"":""Los Angeles, CA 90025"",""city"":""Los Angeles"",""state"":""CA""}","unchanged","false","part_of_complete_332_public_population"
"67f73dec1d08a04e139a9cd3","steves mobile hand car wash los angeles 2","protected","","Car Wash","Services","","","","","","{""status"":""approved"",""approved"":null,""alias"":""steves-mobile-hand-car-wash-los-angeles-2"",""slug"":""steves-mobile-hand-car-wash-los-angeles-2"",""isComplete"":true,""completenessScore"":70,""qualityScore"":70,""isTest"":null,""auditTag"":null,""business_name"":""steves mobile hand car wash los angeles 2"",""address"":""Los Angeles, CA 90019"",""city"":""Los Angeles"",""state"":""CA""}","unchanged","false","part_of_complete_332_public_population"
"67f73dec1d08a04e139a9cf4","24h cheap locksmith los angeles","protected","","Keys & Locksmiths","Services","","","","","","{""status"":""approved"",""approved"":null,""alias"":""24h-cheap-locksmith-los-angeles"",""slug"":""24h-cheap-locksmith-los-angeles"",""isComplete"":true,""completenessScore"":70,""qualityScore"":70,""isTest"":null,""auditTag"":null,""business_name"":""24h cheap locksmith los angeles"",""address"":""3415 South Sepulveda Blvd Los Angeles, CA 90034"",""city"":""Los Angeles"",""state"":""CA""}","unchanged","false","part_of_complete_332_public_population"
"67f73dec1d08a04e139a9cb3","good people coffee los angeles 5","protected","","Coffee Roasteries","Restaurants","","","","","","{""status"":""approved"",""approved"":null,""alias"":""good-people-coffee-los-angeles-5"",""slug"":""good-people-coffee-los-angeles-5"",""isComplete"":true,""completenessScore"":70,""qualityScore"":70,""isTest"":null,""auditTag"":null,""business_name"":""good people coffee los angeles 5"",""address"":""11609 Santa Monica Blvd Los Angeles, CA 90025"",""city"":""Los Angeles"",""state"":""CA""}","unchanged","false","part_of_complete_332_public_population"
"67f73dec1d08a04e139a9cf6","supreme cleaning company los angeles","protected","","Office Cleaning","Services","","","","","","{""status"":""approved"",""approved"":null,""alias"":""supreme-cleaning-company-los-angeles"",""slug"":""supreme-cleaning-company-los-angeles"",""isComplete"":true,""completenessScore"":70,""qualityScore"":70,""isTest"":null,""auditTag"":null,""business_name"":""supreme cleaning company los angeles"",""address"":""Los Angeles, CA 90028"",""city"":""Los Angeles"",""state"":""CA""}","unchanged","false","part_of_complete_332_public_population"
"67f73dec1d08a04e139a9cbc","soul 2 soul global los angeles","protected","","Counseling & Mental Health","Gym, Fitness Health and Wellness","","","","","","{""status"":""approved"",""approved"":null,""alias"":""soul-2-soul-global-los-angeles"",""slug"":""soul-2-soul-global-los-angeles"",""isComplete"":true,""completenessScore"":70,""qualityScore"":70,""isTest"":null,""auditTag"":null,""business_name"":""soul 2 soul global los angeles"",""address"":""1055 W 7th St Fl 33 Penthouse Los Angeles, CA 90017"",""city"":""Los Angeles"",""state"":""CA""}","unchanged","false","part_of_complete_332_public_population"
"67f73dec1d08a04e139a9cd2","paint moore los angeles","protected","","Paint & Sip","Gym, Fitness Health and Wellness","","","","","","{""status"":""approved"",""approved"":null,""alias"":""paint-moore-los-angeles"",""slug"":""paint-moore-los-angeles"",""isComplete"":true,""completenessScore"":70,""qualityScore"":70,""isTest"":null,""auditTag"":null,""business_name"":""paint moore los angeles"",""address"":""Los Angeles, CA 90018"",""city"":""Los Angeles"",""state"":""CA""}","unchanged","false","part_of_complete_332_public_population"
"67f73dec1d08a04e139a9cbe","sherman oaks repair services los angeles","protected","","Appliances & Repair","Services","","","","","","{""status"":""approved"",""approved"":null,""alias"":""sherman-oaks-repair-services-los-angeles"",""slug"":""sherman-oaks-repair-services-los-angeles"",""isComplete"":true,""completenessScore"":70,""qualityScore"":70,""isTest"":null,""auditTag"":null,""business_name"":""sherman oaks repair services los angeles"",""address"":""Los Angeles, CA 91423"",""city"":""Los Angeles"",""state"":""CA""}","unchanged","false","part_of_complete_332_public_population"
"67f73dec1d08a04e139a9cc5","makeup by elia los angeles 2","protected","","Makeup Artists","Beauty, Grooming and Personal Care","","","","","","{""status"":""approved"",""approved"":null,""alias"":""makeup-by-elia-los-angeles-2"",""slug"":""makeup-by-elia-los-angeles-2"",""isComplete"":true,""completenessScore"":70,""qualityScore"":70,""isTest"":null,""auditTag"":null,""business_name"":""makeup by elia los angeles 2"",""address"":""Los Angeles, CA 90038"",""city"":""Los Angeles"",""state"":""CA""}","unchanged","false","part_of_complete_332_public_population"
"67f73dec1d08a04e139a9cd1","show ready dtla los angeles","protected","","Home Cleaning","Services","","","","","","{""status"":""approved"",""approved"":null,""alias"":""show-ready-dtla-los-angeles"",""slug"":""show-ready-dtla-los-angeles"",""isComplete"":true,""completenessScore"":70,""qualityScore"":70,""isTest"":null,""auditTag"":null,""business_name"":""show ready dtla los angeles"",""address"":""Los Angeles, CA 90015"",""city"":""Los Angeles"",""state"":""CA""}","unchanged","false","part_of_complete_332_public_population"
"67f73dec1d08a04e139a9cbf","majays dog bathing los angeles 12","protected","","Pet Groomers","Services","","","","","","{""status"":""approved"",""approved"":null,""alias"":""majays-dog-bathing-los-angeles-12"",""slug"":""majays-dog-bathing-los-angeles-12"",""isComplete"":true,""completenessScore"":70,""qualityScore"":70,""isTest"":null,""auditTag"":null,""business_name"":""majays dog bathing los angeles 12"",""address"":""10345 S Central Ave Los Angeles, CA 90002"",""city"":""Los Angeles"",""state"":""CA""}","unchanged","false","part_of_complete_332_public_population"
"67f73dec1d08a04e139a9cef","3 lady bugs events and party rentals los angeles","protected","","Party Equipment Rentals","Services","","","","","","{""status"":""approved"",""approved"":null,""alias"":""3-lady-bugs-events-and-party-rentals-los-angeles"",""slug"":""3-lady-bugs-events-and-party-rentals-los-angeles"",""isComplete"":true,""completenessScore"":70,""qualityScore"":70,""isTest"":null,""auditTag"":null,""business_name"":""3 lady bugs events and party rentals los angeles"",""address"":""Los Angeles, CA 90037"",""city"":""Los Angeles"",""state"":""CA""}","unchanged","false","part_of_complete_332_public_population"
"67f73dec1d08a04e139a9cd7","ian medina real estate private educational tutor los angeles 6","protected","","Vocational & Technical School","Services","","","","","","{""status"":""approved"",""approved"":null,""alias"":""ian-medina-real-estate-private-educational-tutor-los-angeles-6"",""slug"":""ian-medina-real-estate-private-educational-tutor-los-angeles-6"",""isComplete"":true,""completenessScore"":70,""qualityScore"":70,""isTest"":null,""auditTag"":null,""business_name"":""ian medina real estate private educational tutor los angeles 6"",""address"":""6709 La Tijera Blvd Los Angeles, CA 90045"",""city"":""Los Angeles"",""state"":""CA""}","unchanged","false","part_of_complete_332_public_population"
"67f73dec1d08a04e139a9cfd","shef catering services los angeles","protected","","Caterers","Restaurants","","","","","","{""status"":""approved"",""approved"":null,""alias"":""shef-catering-services-los-angeles"",""slug"":""shef-catering-services-los-angeles"",""isComplete"":true,""completenessScore"":70,""qualityScore"":70,""isTest"":null,""auditTag"":null,""business_name"":""shef catering services los angeles"",""address"":""Los Angeles, CA 90016"",""city"":""Los Angeles"",""state"":""CA""}","unchanged","false","part_of_complete_332_public_population"
"67f73dec1d08a04e139a9cff","train with nikki los angeles 4","protected","","Trainers","Gym, Fitness Health and Wellness","","","","","","{""status"":""approved"",""approved"":null,""alias"":""train-with-nikki-los-angeles-4"",""slug"":""train-with-nikki-los-angeles-4"",""isComplete"":true,""completenessScore"":70,""qualityScore"":70,""isTest"":null,""auditTag"":null,""business_name"":""train with nikki los angeles 4"",""address"":""Los Angeles, CA 90001"",""city"":""Los Angeles"",""state"":""CA""}","unchanged","false","part_of_complete_332_public_population"
"67f73dec1d08a04e139a9cd4","ali optimal wellness los angeles","protected","","Acupuncture","Services","","","","","","{""status"":""approved"",""approved"":null,""alias"":""ali-optimal-wellness-los-angeles"",""slug"":""ali-optimal-wellness-los-angeles"",""isComplete"":true,""completenessScore"":70,""qualityScore"":70,""isTest"":null,""auditTag"":null,""business_name"":""ali optimal wellness los angeles"",""address"":""10801 National Blvd Ste 210 Los Angeles, CA 90064"",""city"":""Los Angeles"",""state"":""CA""}","unchanged","false","part_of_complete_332_public_population"
"67f73dec1d08a04e139a9ceb","delicate minds los angeles","protected","","Music Production Services","Services","","","","","","{""status"":""approved"",""approved"":null,""alias"":""delicate-minds-los-angeles"",""slug"":""delicate-minds-los-angeles"",""isComplete"":true,""completenessScore"":70,""qualityScore"":70,""isTest"":null,""auditTag"":null,""business_name"":""delicate minds los angeles"",""address"":""215 W 5th St Ste 304 Los Angeles, CA 90013"",""city"":""Los Angeles"",""state"":""CA""}","unchanged","false","part_of_complete_332_public_population"
"67f73dec1d08a04e139a9cdd","voice lessons with micayla los angeles 4","protected","","Vocal Coach","Services","","","","","","{""status"":""approved"",""approved"":null,""alias"":""voice-lessons-with-micayla-los-angeles-4"",""slug"":""voice-lessons-with-micayla-los-angeles-4"",""isComplete"":true,""completenessScore"":70,""qualityScore"":70,""isTest"":null,""auditTag"":null,""business_name"":""voice lessons with micayla los angeles 4"",""address"":""Los Angeles, CA 90028"",""city"":""Los Angeles"",""state"":""CA""}","unchanged","false","part_of_complete_332_public_population"
"67f73dec1d08a04e139a9cde","d reel cinema los angeles","protected","","Video/Film Production","Services","","","","","","{""status"":""approved"",""approved"":null,""alias"":""d-reel-cinema-los-angeles"",""slug"":""d-reel-cinema-los-angeles"",""isComplete"":true,""completenessScore"":70,""qualityScore"":70,""isTest"":null,""auditTag"":null,""business_name"":""d reel cinema los angeles"",""address"":""Los Angeles, CA 91615"",""city"":""Los Angeles"",""state"":""CA""}","unchanged","false","part_of_complete_332_public_population"
"67f73dec1d08a04e139a9cda","morris media studios los angeles","protected","","Recording & Rehearsal Studios","Services","","","","","","{""status"":""approved"",""approved"":null,""alias"":""morris-media-studios-los-angeles"",""slug"":""morris-media-studios-los-angeles"",""isComplete"":true,""completenessScore"":70,""qualityScore"":70,""isTest"":null,""auditTag"":null,""business_name"":""morris media studios los angeles"",""address"":""4309 Crenshaw Blvd Los Angeles, CA 90008"",""city"":""Los Angeles"",""state"":""CA""}","unchanged","false","part_of_complete_332_public_population"
"67f73dec1d08a04e139a9ce2","costen ruiz law los angeles","protected","","Criminal Defense Law","Services","","","","","","{""status"":""approved"",""approved"":null,""alias"":""costen-ruiz-law-los-angeles"",""slug"":""costen-ruiz-law-los-angeles"",""isComplete"":true,""completenessScore"":70,""qualityScore"":70,""isTest"":null,""auditTag"":null,""business_name"":""costen ruiz law los angeles"",""address"":""3435 Wilshire Blvd. STE 1195 Los Angeles, CA 90010"",""city"":""Los Angeles"",""state"":""CA""}","unchanged","false","part_of_complete_332_public_population"
"67f73dec1d08a04e139a9cf8","add outlook window tinting services los angeles","protected","","Home Window Tinting","Services","","","","","","{""status"":""approved"",""approved"":null,""alias"":""add-outlook-window-tinting-services-los-angeles"",""slug"":""add-outlook-window-tinting-services-los-angeles"",""isComplete"":true,""completenessScore"":70,""qualityScore"":70,""isTest"":null,""auditTag"":null,""business_name"":""add outlook window tinting services los angeles"",""address"":""Los Angeles, CA 91344"",""city"":""Los Angeles"",""state"":""CA""}","unchanged","false","part_of_complete_332_public_population"
"67f73dec1d08a04e139a9cf3","les affaires event planning specialists and catering los angeles","protected","","Caterers","Restaurants","","","","","","{""status"":""approved"",""approved"":null,""alias"":""les-affaires-event-planning-specialists-and-catering-los-angeles"",""slug"":""les-affaires-event-planning-specialists-and-catering-los-angeles"",""isComplete"":true,""completenessScore"":70,""qualityScore"":70,""isTest"":null,""auditTag"":null,""business_name"":""les affaires event planning specialists and catering los angeles"",""address"":""3717 S La Brea Ave Ste 325 Los Angeles, CA 90016"",""city"":""Los Angeles"",""state"":""CA""}","unchanged","false","part_of_complete_332_public_population"
"67f73dec1d08a04e139a9d02","rise academy foundation los angeles 2","protected","","Trainers","Gym, Fitness Health and Wellness","","","","","","{""status"":""approved"",""approved"":null,""alias"":""rise-academy-foundation-los-angeles-2"",""slug"":""rise-academy-foundation-los-angeles-2"",""isComplete"":true,""completenessScore"":70,""qualityScore"":70,""isTest"":null,""auditTag"":null,""business_name"":""rise academy foundation los angeles 2"",""address"":""Los Angeles, CA 91601"",""city"":""Los Angeles"",""state"":""CA""}","unchanged","false","part_of_complete_332_public_population"
"67f73dec1d08a04e139a9cf7","peter benjamin los angeles 2","protected","","Mortgage Brokers","Services","","","","","","{""status"":""approved"",""approved"":null,""alias"":""peter-benjamin-los-angeles-2"",""slug"":""peter-benjamin-los-angeles-2"",""isComplete"":true,""completenessScore"":70,""qualityScore"":70,""isTest"":null,""auditTag"":null,""business_name"":""peter benjamin los angeles 2"",""address"":""Los Angeles, CA 90001"",""city"":""Los Angeles"",""state"":""CA""}","unchanged","false","part_of_complete_332_public_population"
"67f73dec1d08a04e139a9cfc","solar clean service los angeles","protected","","Solar Panel Cleaning","Services","","","","","","{""status"":""approved"",""approved"":null,""alias"":""solar-clean-service-los-angeles"",""slug"":""solar-clean-service-los-angeles"",""isComplete"":true,""completenessScore"":70,""qualityScore"":70,""isTest"":null,""auditTag"":null,""business_name"":""solar clean service los angeles"",""address"":""Los Angeles, CA 90044"",""city"":""Los Angeles"",""state"":""CA""}","unchanged","false","part_of_complete_332_public_population"
"67f73dec1d08a04e139a9cc0","ccd custom development los angeles","protected","","Contractors","Services","","","","","","{""status"":""approved"",""approved"":null,""alias"":""ccd-custom-development-los-angeles"",""slug"":""ccd-custom-development-los-angeles"",""isComplete"":true,""completenessScore"":70,""qualityScore"":70,""isTest"":null,""auditTag"":null,""business_name"":""ccd custom development los angeles"",""address"":""Los Angeles, CA 90004"",""city"":""Los Angeles"",""state"":""CA""}","unchanged","false","part_of_complete_332_public_population"
"67f73dec1d08a04e139a9cc4","all security lock and key los angeles 6","protected","","Keys & Locksmiths","Services","","","","","","{""status"":""approved"",""approved"":null,""alias"":""all-security-lock-and-key-los-angeles-6"",""slug"":""all-security-lock-and-key-los-angeles-6"",""isComplete"":true,""completenessScore"":70,""qualityScore"":70,""isTest"":null,""auditTag"":null,""business_name"":""all security lock and key los angeles 6"",""address"":""8719 Pickford St Los Angeles, CA 90035"",""city"":""Los Angeles"",""state"":""CA""}","unchanged","false","part_of_complete_332_public_population"
"67f73dec1d08a04e139a9ce1","sunrise cleaning service los angeles 7","protected","","Home Cleaning","Services","","","","","","{""status"":""approved"",""approved"":null,""alias"":""sunrise-cleaning-service-los-angeles-7"",""slug"":""sunrise-cleaning-service-los-angeles-7"",""isComplete"":true,""completenessScore"":70,""qualityScore"":70,""isTest"":null,""auditTag"":null,""business_name"":""sunrise cleaning service los angeles 7"",""address"":""1631 S La Brea Ave Los Angeles, CA 90019"",""city"":""Los Angeles"",""state"":""CA""}","unchanged","false","part_of_complete_332_public_population"
"67f73dec1d08a04e139a9ce4","thomas editions fine art printer los angeles","protected","","Printing Services","Services","","","","","","{""status"":""approved"",""approved"":null,""alias"":""thomas-editions-fine-art-printer-los-angeles"",""slug"":""thomas-editions-fine-art-printer-los-angeles"",""isComplete"":true,""completenessScore"":70,""qualityScore"":70,""isTest"":null,""auditTag"":null,""business_name"":""thomas editions fine art printer los angeles"",""address"":""3909 1/2 Sawtelle Blvd Los Angeles, CA 90066"",""city"":""Los Angeles"",""state"":""CA""}","unchanged","false","part_of_complete_332_public_population"
"67f73dec1d08a04e139a9cd6","cultural garden los angeles 2","protected","","Nanny Services","Services","","","","","","{""status"":""approved"",""approved"":null,""alias"":""cultural-garden-los-angeles-2"",""slug"":""cultural-garden-los-angeles-2"",""isComplete"":true,""completenessScore"":70,""qualityScore"":70,""isTest"":null,""auditTag"":null,""business_name"":""cultural garden los angeles 2"",""address"":""2680 Locksley Pl Los Angeles, CA 90039"",""city"":""Los Angeles"",""state"":""CA""}","unchanged","false","part_of_complete_332_public_population"
"67f73dec1d08a04e139a9cf1","quality 1 cleaning services los angeles","protected","","Office Cleaning","Services","","","","","","{""status"":""approved"",""approved"":null,""alias"":""quality-1-cleaning-services-los-angeles"",""slug"":""quality-1-cleaning-services-los-angeles"",""isComplete"":true,""completenessScore"":70,""qualityScore"":70,""isTest"":null,""auditTag"":null,""business_name"":""quality 1 cleaning services los angeles"",""address"":""Los Angeles, CA 90047"",""city"":""Los Angeles"",""state"":""CA""}","unchanged","false","part_of_complete_332_public_population"
"67f73dec1d08a04e139a9cfb","melrose la brea animal hospital los angeles","protected","","Veterinarians","Services","","","","","","{""status"":""approved"",""approved"":null,""alias"":""melrose-la-brea-animal-hospital-los-angeles"",""slug"":""melrose-la-brea-animal-hospital-los-angeles"",""isComplete"":true,""completenessScore"":70,""qualityScore"":70,""isTest"":null,""auditTag"":null,""business_name"":""melrose la brea animal hospital los angeles"",""address"":""7116 Melrose Ave Los Angeles, CA 90046"",""city"":""Los Angeles"",""state"":""CA""}","unchanged","false","part_of_complete_332_public_population"
"67f73dec1d08a04e139a9ccf","new birth builders los angeles","protected","","Roofing","Services","","","","","","{""status"":""approved"",""approved"":null,""alias"":""new-birth-builders-los-angeles"",""slug"":""new-birth-builders-los-angeles"",""isComplete"":true,""completenessScore"":70,""qualityScore"":70,""isTest"":null,""auditTag"":null,""business_name"":""new birth builders los angeles"",""address"":""Los Angeles, CA 90015"",""city"":""Los Angeles"",""state"":""CA""}","unchanged","false","part_of_complete_332_public_population"
"67f73dec1d08a04e139a9ce3","mr marcus plumbing los angeles","protected","","Plumbing","Services","","","","","","{""status"":""approved"",""approved"":null,""alias"":""mr-marcus-plumbing-los-angeles"",""slug"":""mr-marcus-plumbing-los-angeles"",""isComplete"":true,""completenessScore"":70,""qualityScore"":70,""isTest"":null,""auditTag"":null,""business_name"":""mr marcus plumbing los angeles"",""address"":""Los Angeles, CA 90016"",""city"":""Los Angeles"",""state"":""CA""}","unchanged","false","part_of_complete_332_public_population"
"67f73dec1d08a04e139a9ced","survival1cpr los angeles 2","protected","","First Aid Classes","Services","","","","","","{""status"":""approved"",""approved"":null,""alias"":""survival1cpr-los-angeles-2"",""slug"":""survival1cpr-los-angeles-2"",""isComplete"":true,""completenessScore"":70,""qualityScore"":70,""isTest"":null,""auditTag"":null,""business_name"":""survival1cpr los angeles 2"",""address"":""Los Angeles, CA 90001"",""city"":""Los Angeles"",""state"":""CA""}","unchanged","false","part_of_complete_332_public_population"
"67f73dec1d08a04e139a9cec","photojenic artistree los angeles","protected","","Session Photography","Services","","","","","","{""status"":""approved"",""approved"":null,""alias"":""photojenic-artistree-los-angeles"",""slug"":""photojenic-artistree-los-angeles"",""isComplete"":true,""completenessScore"":70,""qualityScore"":70,""isTest"":null,""auditTag"":null,""business_name"":""photojenic artistree los angeles"",""address"":""Los Angeles, CA 90035"",""city"":""Los Angeles"",""state"":""CA""}","unchanged","false","part_of_complete_332_public_population"
"67f73dec1d08a04e139a9cfe","steve jones cruises los angeles 4","protected","","Travel Services","Services","","","","","","{""status"":""approved"",""approved"":null,""alias"":""steve-jones-cruises-los-angeles-4"",""slug"":""steve-jones-cruises-los-angeles-4"",""isComplete"":true,""completenessScore"":70,""qualityScore"":70,""isTest"":null,""auditTag"":null,""business_name"":""steve jones cruises los angeles 4"",""address"":""Los Angeles, CA 90037"",""city"":""Los Angeles"",""state"":""CA""}","unchanged","false","part_of_complete_332_public_population"
"67f73dec1d08a04e139a9ccb","la crème de la crème concierge and management los angeles 2","protected","","Party & Event Planning","Services","","","","","","{""status"":""approved"",""approved"":null,""alias"":""la-creme-de-la-creme-concierge-and-management-los-angeles-2"",""slug"":""la-creme-de-la-creme-concierge-and-management-los-angeles-2"",""isComplete"":true,""completenessScore"":70,""qualityScore"":70,""isTest"":null,""auditTag"":null,""business_name"":""la crème de la crème concierge and management los angeles 2"",""address"":""Los Angeles, CA 90015"",""city"":""Los Angeles"",""state"":""CA""}","unchanged","false","part_of_complete_332_public_population"
"67f73dec1d08a04e139a9ce6","shanell j management los angeles","protected","","Bartenders","Nightlife","","","","","","{""status"":""approved"",""approved"":null,""alias"":""shanell-j-management-los-angeles"",""slug"":""shanell-j-management-los-angeles"",""isComplete"":true,""completenessScore"":70,""qualityScore"":70,""isTest"":null,""auditTag"":null,""business_name"":""shanell j management los angeles"",""address"":""3651 S La Brea Ave Ste 288 Los Angeles, CA 90016"",""city"":""Los Angeles"",""state"":""CA""}","unchanged","false","part_of_complete_332_public_population"
"67f73dec1d08a04e139a9cfa","fancy spaw los angeles 2","protected","","Pet Groomers","Services","","","","","","{""status"":""approved"",""approved"":null,""alias"":""fancy-spaw-los-angeles-2"",""slug"":""fancy-spaw-los-angeles-2"",""isComplete"":true,""completenessScore"":70,""qualityScore"":70,""isTest"":null,""auditTag"":null,""business_name"":""fancy spaw los angeles 2"",""address"":""Los Angeles, CA 90061"",""city"":""Los Angeles"",""state"":""CA""}","unchanged","false","part_of_complete_332_public_population"
"67f73dec1d08a04e139a9cb1","dta studios los angeles 2","protected","","Music Production Services","Services","","","","","","{""status"":""approved"",""approved"":null,""alias"":""dta-studios-los-angeles-2"",""slug"":""dta-studios-los-angeles-2"",""isComplete"":true,""completenessScore"":70,""qualityScore"":70,""isTest"":null,""auditTag"":null,""business_name"":""dta studios los angeles 2"",""address"":""Los Angeles, CA 90015"",""city"":""Los Angeles"",""state"":""CA""}","unchanged","false","part_of_complete_332_public_population"
"67f73dec1d08a04e139a9cb9","reed and room co los angeles","protected","","Interior Design","Services","","","","","","{""status"":""approved"",""approved"":null,""alias"":""reed-and-room-co-los-angeles"",""slug"":""reed-and-room-co-los-angeles"",""isComplete"":true,""completenessScore"":70,""qualityScore"":70,""isTest"":null,""auditTag"":null,""business_name"":""reed and room co los angeles"",""address"":""Los Angeles, CA 90005"",""city"":""Los Angeles"",""state"":""CA""}","unchanged","false","part_of_complete_332_public_population"
"67f73dec1d08a04e139a9cc9","wrk fitness studio los angeles","protected","","Trainers","Gym, Fitness Health and Wellness","","","","","","{""status"":""approved"",""approved"":null,""alias"":""wrk-fitness-studio-los-angeles"",""slug"":""wrk-fitness-studio-los-angeles"",""isComplete"":true,""completenessScore"":70,""qualityScore"":70,""isTest"":null,""auditTag"":null,""business_name"":""wrk fitness studio los angeles"",""address"":""13559 Ventura Blvd Los Angeles, CA 91423"",""city"":""Los Angeles"",""state"":""CA""}","unchanged","false","part_of_complete_332_public_population"
"67f73dec1d08a04e139a9cb2","wardrobe department los angeles 2","protected","","Accessories","Shopping","","","","","","{""status"":""approved"",""approved"":null,""alias"":""wardrobe-department-los-angeles-2"",""slug"":""wardrobe-department-los-angeles-2"",""isComplete"":true,""completenessScore"":70,""qualityScore"":70,""isTest"":null,""auditTag"":null,""business_name"":""wardrobe department los angeles 2"",""address"":""311 S Sweetzer Ave Los Angeles, CA 90048"",""city"":""Los Angeles"",""state"":""CA""}","unchanged","false","part_of_complete_332_public_population"
"67f73dec1d08a04e139a9cdf","thrifty rents los angeles","protected","","Costumes","Shopping","","","","","","{""status"":""approved"",""approved"":null,""alias"":""thrifty-rents-los-angeles"",""slug"":""thrifty-rents-los-angeles"",""isComplete"":true,""completenessScore"":70,""qualityScore"":70,""isTest"":null,""auditTag"":null,""business_name"":""thrifty rents los angeles"",""address"":""985 Marview Ave Los Angeles, CA 90012"",""city"":""Los Angeles"",""state"":""CA""}","unchanged","false","part_of_complete_332_public_population"
"67f73dec1d08a04e139a9d05","resprii personal care service los angeles","protected","","Home Health Care","Services","","","","","","{""status"":""approved"",""approved"":null,""alias"":""resprii-personal-care-service-los-angeles"",""slug"":""resprii-personal-care-service-los-angeles"",""isComplete"":true,""completenessScore"":70,""qualityScore"":70,""isTest"":null,""auditTag"":null,""business_name"":""resprii personal care service los angeles"",""address"":""16861 Ventura Blvd Ste 309 Los Angeles, CA 91436"",""city"":""Los Angeles"",""state"":""CA""}","unchanged","false","part_of_complete_332_public_population"
"67f73dec1d08a04e139a9cdb","organized to the t los angeles","protected","","Home Organization","Services","","","","","","{""status"":""approved"",""approved"":null,""alias"":""organized-to-the-t-los-angeles"",""slug"":""organized-to-the-t-los-angeles"",""isComplete"":true,""completenessScore"":70,""qualityScore"":70,""isTest"":null,""auditTag"":null,""business_name"":""organized to the t los angeles"",""address"":""Los Angeles, CA 90016"",""city"":""Los Angeles"",""state"":""CA""}","unchanged","false","part_of_complete_332_public_population"
"67f73dec1d08a04e139a9cf0","aa party supplies los angeles","protected","","Party Equipment Rentals","Services","","","","","","{""status"":""approved"",""approved"":null,""alias"":""aa-party-supplies-los-angeles"",""slug"":""aa-party-supplies-los-angeles"",""isComplete"":true,""completenessScore"":70,""qualityScore"":70,""isTest"":null,""auditTag"":null,""business_name"":""aa party supplies los angeles"",""address"":""Los Angeles, CA 90047"",""city"":""Los Angeles"",""state"":""CA""}","unchanged","false","part_of_complete_332_public_population"
"67f73dec1d08a04e139a9cc1","paint pour n party los angeles","protected","","Paint & Sip","Gym, Fitness Health and Wellness","","","","","","{""status"":""approved"",""approved"":null,""alias"":""paint-pour-n-party-los-angeles"",""slug"":""paint-pour-n-party-los-angeles"",""isComplete"":true,""completenessScore"":70,""qualityScore"":70,""isTest"":null,""auditTag"":null,""business_name"":""paint pour n party los angeles"",""address"":""Los Angeles, CA 90019"",""city"":""Los Angeles"",""state"":""CA""}","unchanged","false","part_of_complete_332_public_population"
"67f73dec1d08a04e139a9c78","jimmi weaver los angeles","protected","","Real Estate Agents","Services","","","","","","{""status"":""approved"",""approved"":null,""alias"":""jimmi-weaver-los-angeles"",""slug"":""jimmi-weaver-los-angeles"",""isComplete"":true,""completenessScore"":70,""qualityScore"":70,""isTest"":null,""auditTag"":null,""business_name"":""jimmi weaver los angeles"",""address"":""3801 Sutro Ave Los Angeles, CA 90008"",""city"":""Los Angeles"",""state"":""CA""}","unchanged","false","part_of_complete_332_public_population"
"67f73dec1d08a04e139a9cb4","the photo lab la los angeles 5","protected","","Video/Film Production","Services","","","","","","{""status"":""approved"",""approved"":null,""alias"":""the-photo-lab-la-los-angeles-5"",""slug"":""the-photo-lab-la-los-angeles-5"",""isComplete"":true,""completenessScore"":70,""qualityScore"":70,""isTest"":null,""auditTag"":null,""business_name"":""the photo lab la los angeles 5"",""address"":""4108 Crenshaw Blvd Los Angeles, CA 90008"",""city"":""Los Angeles"",""state"":""CA""}","unchanged","false","part_of_complete_332_public_population"
"67f73dec1d08a04e139a9cb5","holistic life los angeles","protected","","Nutritionists","Gym, Fitness Health and Wellness","","","","","","{""status"":""approved"",""approved"":null,""alias"":""holistic-life-los-angeles"",""slug"":""holistic-life-los-angeles"",""isComplete"":true,""completenessScore"":70,""qualityScore"":70,""isTest"":null,""auditTag"":null,""business_name"":""holistic life los angeles"",""address"":""Los Angeles, CA 90046"",""city"":""Los Angeles"",""state"":""CA""}","unchanged","false","part_of_complete_332_public_population"
"67f73dec1d08a04e139a9cf9","all world communications los angeles 2","protected","","Telecommunications","Services","","","","","","{""status"":""approved"",""approved"":null,""alias"":""all-world-communications-los-angeles-2"",""slug"":""all-world-communications-los-angeles-2"",""isComplete"":true,""completenessScore"":70,""qualityScore"":70,""isTest"":null,""auditTag"":null,""business_name"":""all world communications los angeles 2"",""address"":""10401 Venice Blvd Ste 200 Los Angeles, CA 90034"",""city"":""Los Angeles"",""state"":""CA""}","unchanged","false","part_of_complete_332_public_population"
"67f73dec1d08a04e139a9a93","The Londoner by Anthony Morrison","protected","","Hair Salons","Beauty, Grooming and Personal Care","","","","","","{""status"":""approved"",""approved"":null,""alias"":""the-londoner-by-anthony-morrison"",""slug"":""the-londoner-by-anthony-morrison"",""isComplete"":true,""completenessScore"":70,""qualityScore"":70,""isTest"":null,""auditTag"":null,""business_name"":""The Londoner by Anthony Morrison"",""address"":""1049 Aviation Blvd, Hermosa Beach, CA 90254"",""city"":""Hermosa Beach"",""state"":""CA""}","unchanged","false","part_of_complete_332_public_population"
"67f73dec1d08a04e139a9aa0","Hair And Makeup by Satis","protected","","Hair Stylists, Makeup Artists","Beauty, Grooming and Personal Care","","","","","","{""status"":""approved"",""approved"":null,""alias"":""hair-and-makeup-by-satis"",""slug"":""hair-and-makeup-by-satis"",""isComplete"":true,""completenessScore"":70,""qualityScore"":70,""isTest"":null,""auditTag"":null,""business_name"":""Hair And Makeup by Satis"",""address"":""15600 Mulholland Dr, Apt A, Los Angeles, CA 90077"",""city"":""Los Angeles"",""state"":""CA""}","unchanged","false","part_of_complete_332_public_population"
"67f73dec1d08a04e139a9bfb","pasadena fish market","protected","","Restaurants","Restaurants","","","","","","{""status"":""approved"",""approved"":null,""alias"":""pasadena-fish-market"",""slug"":""pasadena-fish-market"",""isComplete"":true,""completenessScore"":70,""qualityScore"":70,""isTest"":null,""auditTag"":null,""business_name"":""pasadena fish market"",""address"":""181 E Orange Grove Blvd Pasadena, CA 91103"",""city"":""Pasadena"",""state"":""CA""}","unchanged","false","part_of_complete_332_public_population"
"67f73dec1d08a04e139a9a77","Powder Beauty","protected","","Nail Salons, Waxing, Eyelash Service","Beauty, Grooming and Personal Care","","","","","","{""status"":""approved"",""approved"":null,""alias"":""powder-beauty"",""slug"":""powder-beauty"",""isComplete"":true,""completenessScore"":70,""qualityScore"":70,""isTest"":null,""auditTag"":null,""business_name"":""Powder Beauty"",""address"":""452 S La Brea Ave, Los Angeles, CA 90036"",""city"":""Los Angeles"",""state"":""CA""}","unchanged","false","part_of_complete_332_public_population"
"67f73dec1d08a04e139a9a7d","Image of Africa","protected","","Hair Stylists, Hair Extensions","Beauty, Grooming and Personal Care","","","","","","{""status"":""approved"",""approved"":null,""alias"":""image-of-africa"",""slug"":""image-of-africa"",""isComplete"":true,""completenessScore"":70,""qualityScore"":70,""isTest"":null,""auditTag"":null,""business_name"":""Image of Africa"",""address"":""3860 Crenshaw Blvd, Ste 228, Los Angeles, CA 90008"",""city"":""Los Angeles"",""state"":""CA""}","unchanged","false","part_of_complete_332_public_population"
"67f73dec1d08a04e139a9a7a","Silver Liner Mobile Massage Studio","protected","","Massage, Massage Therapy","Beauty, Grooming and Personal Care","","","","","","{""status"":""approved"",""approved"":null,""alias"":""silver-liner-mobile-massage-studio"",""slug"":""silver-liner-mobile-massage-studio"",""isComplete"":true,""completenessScore"":70,""qualityScore"":70,""isTest"":null,""auditTag"":null,""business_name"":""Silver Liner Mobile Massage Studio"",""address"":""Irvine, CA 92612"",""city"":""Irvine"",""state"":""CA""}","unchanged","false","part_of_complete_332_public_population"
"67f73dec1d08a04e139a9a90","Mobile Hairdressers Los Angeles","protected","","Hair Salons, Makeup Artists, Nail Technicians","Beauty, Grooming and Personal Care","","","","","","{""status"":""approved"",""approved"":null,""alias"":""mobile-hairdressers-los-angeles"",""slug"":""mobile-hairdressers-los-angeles"",""isComplete"":true,""completenessScore"":70,""qualityScore"":70,""isTest"":null,""auditTag"":null,""business_name"":""Mobile Hairdressers Los Angeles"",""address"":""Beverly Hills, CA 90211"",""city"":""Beverly Hills"",""state"":""CA""}","unchanged","false","part_of_complete_332_public_population"
"67f73dec1d08a04e139a9a9a","Dysonna Hair Studio","protected","","Hair Salons","Beauty, Grooming and Personal Care","","","","","","{""status"":""approved"",""approved"":null,""alias"":""dysonna-hair-studio"",""slug"":""dysonna-hair-studio"",""isComplete"":true,""completenessScore"":70,""qualityScore"":70,""isTest"":null,""auditTag"":null,""business_name"":""Dysonna Hair Studio"",""address"":""4562 W Washington Blvd, Los Angeles, CA 90016"",""city"":""Los Angeles"",""state"":""CA""}","unchanged","false","part_of_complete_332_public_population"
"67f73dec1d08a04e139a9a85","The Hair Bar of Beverly Hills","protected","","Hair Salons","Beauty, Grooming and Personal Care","","","","","","{""status"":""approved"",""approved"":null,""alias"":""the-hair-bar-of-beverly-hills"",""slug"":""the-hair-bar-of-beverly-hills"",""isComplete"":true,""completenessScore"":70,""qualityScore"":70,""isTest"":null,""auditTag"":null,""business_name"":""The Hair Bar of Beverly Hills"",""address"":""151 S Doheny Dr, Studio 26, Beverly Hills, CA 90211"",""city"":""Beverly Hills"",""state"":""CA""}","unchanged","false","part_of_complete_332_public_population"
"67f73dec1d08a04e139a9a76","Pampered at Tiffany's","protected","","Skin Care, Nail Salons, Waxing","Beauty, Grooming and Personal Care","","","","","","{""status"":""approved"",""approved"":null,""alias"":""pampered-at-tiffany-s"",""slug"":""pampered-at-tiffany-s"",""isComplete"":true,""completenessScore"":70,""qualityScore"":70,""isTest"":null,""auditTag"":null,""business_name"":""Pampered at Tiffany's"",""address"":""Long Beach, CA 90802"",""city"":""Long Beach"",""state"":""CA""}","unchanged","false","part_of_complete_332_public_population"
"67f73dec1d08a04e139a9a86","BEAUTYBEEZ","protected","","Cosmetics & Beauty Supply, Hair Salons, Skin Care","Beauty, Grooming and Personal Care","","","","","","{""status"":""approved"",""approved"":null,""alias"":""beautybeez"",""slug"":""beautybeez"",""isComplete"":true,""completenessScore"":70,""qualityScore"":70,""isTest"":null,""auditTag"":null,""business_name"":""BEAUTYBEEZ"",""address"":""6522 Laurel Canyon Blvd, North Hollywood, CA 91606"",""city"":""North Hollywood"",""state"":""CA""}","unchanged","false","part_of_complete_332_public_population"
"67f73dec1d08a04e139a9a83","Damone Roberts Beverly Hills Salon","protected","","Makeup Artists, Eyelash Service, Eyebrow Services","Beauty, Grooming and Personal Care","","","","","","{""status"":""approved"",""approved"":null,""alias"":""damone-roberts-beverly-hills-salon"",""slug"":""damone-roberts-beverly-hills-salon"",""isComplete"":true,""completenessScore"":70,""qualityScore"":70,""isTest"":null,""auditTag"":null,""business_name"":""Damone Roberts Beverly Hills Salon"",""address"":""8383 Wilshire Blvd, Ste 50, Studio 206, Beverly Hills, CA 90211"",""city"":""Beverly Hills"",""state"":""CA""}","unchanged","false","part_of_complete_332_public_population"
"67f73dec1d08a04e139a9aaa","Textured Tech","protected","","Cosmetics & Beauty Supply, Hair Extensions, Wigs","Beauty, Grooming and Personal Care","","","","","","{""status"":""approved"",""approved"":null,""alias"":""textured-tech"",""slug"":""textured-tech"",""isComplete"":true,""completenessScore"":70,""qualityScore"":70,""isTest"":null,""auditTag"":null,""business_name"":""Textured Tech"",""address"":""441 E Carson St, Unit C & D, Carson, CA 90745"",""city"":""Carson"",""state"":""CA""}","unchanged","false","part_of_complete_332_public_population"
"67f73dec1d08a04e139a9a87","Braid Queen LA","protected","","Hair Extensions, Cosmetics & Beauty Supply, Hair Stylists","Beauty, Grooming and Personal Care","","","","","","{""status"":""approved"",""approved"":null,""alias"":""braid-queen-la"",""slug"":""braid-queen-la"",""isComplete"":true,""completenessScore"":70,""qualityScore"":70,""isTest"":null,""auditTag"":null,""business_name"":""Braid Queen LA"",""address"":""3959 Wilshire Blvd, Ste A25, Los Angeles, CA 90010"",""city"":""Los Angeles"",""state"":""CA""}","unchanged","false","part_of_complete_332_public_population"
"67f73dec1d08a04e139a9a91","Love Your Hair by Rachel Carter","protected","","Hair Stylists, Blow Dry/Out Services","Beauty, Grooming and Personal Care","","","","","","{""status"":""approved"",""approved"":null,""alias"":""love-your-hair-by-rachel-carter"",""slug"":""love-your-hair-by-rachel-carter"",""isComplete"":true,""completenessScore"":70,""qualityScore"":70,""isTest"":null,""auditTag"":null,""business_name"":""Love Your Hair by Rachel Carter"",""address"":""3265 Fletcher Dr., Los Angeles, CA 90065"",""city"":""Los Angeles"",""state"":""CA""}","unchanged","false","part_of_complete_332_public_population"
"67f73dec1d08a04e139a9aa7","The Parlor Room","protected","","Men's Hair Salons","Beauty, Grooming and Personal Care","","","","","","{""status"":""approved"",""approved"":null,""alias"":""the-parlor-room"",""slug"":""the-parlor-room"",""isComplete"":true,""completenessScore"":70,""qualityScore"":70,""isTest"":null,""auditTag"":null,""business_name"":""The Parlor Room"",""address"":""8383 Wilshire Blvd, Ste 110, Beverly Hills, CA 90211"",""city"":""Beverly Hills"",""state"":""CA""}","unchanged","false","part_of_complete_332_public_population"
"67f73dec1d08a04e139a9a95","Desiree G Hair","protected","","Hair Stylists, Hair Extensions","Beauty, Grooming and Personal Care","","","","","","{""status"":""approved"",""approved"":null,""alias"":""desiree-g-hair"",""slug"":""desiree-g-hair"",""isComplete"":true,""completenessScore"":70,""qualityScore"":70,""isTest"":null,""auditTag"":null,""business_name"":""Desiree G Hair"",""address"":""8000 Sunset Blvd, Ste B-200, Studio 73, Salon Republic, West Hollywood, CA 90046"",""city"":""West Hollywood"",""state"":""CA""}","unchanged","false","part_of_complete_332_public_population"
"67f73dec1d08a04e139a9a97","Saints","protected","","Barbershop","Beauty, Grooming and Personal Care","","","","","","{""status"":""approved"",""approved"":null,""alias"":""saints"",""slug"":""saints"",""isComplete"":true,""completenessScore"":70,""qualityScore"":70,""isTest"":null,""auditTag"":null,""business_name"":""Saints"",""address"":""12796 Washington Blvd, Los Angeles, CA 90066"",""city"":""Los Angeles"",""state"":""CA""}","unchanged","false","part_of_complete_332_public_population"
"67f73dec1d08a04e139a9ab8","The Galaxy Hair Salon Barbershop","protected","","Barbershop","Beauty, Grooming and Personal Care","","","","","","{""status"":""approved"",""approved"":null,""alias"":""the-galaxy-hair-salon-barbershop"",""slug"":""the-galaxy-hair-salon-barbershop"",""isComplete"":true,""completenessScore"":70,""qualityScore"":70,""isTest"":null,""auditTag"":null,""business_name"":""The Galaxy Hair Salon Barbershop"",""address"":""234 E Carson St, Ste 1, Carson, CA 90745"",""city"":""Carson"",""state"":""CA""}","unchanged","false","part_of_complete_332_public_population"
"67f73dec1d08a04e139a9ab6","Chi-Town Cuts and Fades","protected","","Hair Salons","Beauty, Grooming and Personal Care","","","","","","{""status"":""approved"",""approved"":null,""alias"":""chi-town-cuts-and-fades"",""slug"":""chi-town-cuts-and-fades"",""isComplete"":true,""completenessScore"":70,""qualityScore"":70,""isTest"":null,""auditTag"":null,""business_name"":""Chi-Town Cuts and Fades"",""address"":""2927 W Olympic Blvd, Los Angeles, CA 90006"",""city"":""Los Angeles"",""state"":""CA""}","unchanged","false","part_of_complete_332_public_population"
"67f73dec1d08a04e139a9a84","LaShanna's Braid Parlor","protected","","Hair Extensions, Hair Stylists","Beauty, Grooming and Personal Care","","","","","","{""status"":""approved"",""approved"":null,""alias"":""lashanna-s-braid-parlor"",""slug"":""lashanna-s-braid-parlor"",""isComplete"":true,""completenessScore"":70,""qualityScore"":70,""isTest"":null,""auditTag"":null,""business_name"":""LaShanna's Braid Parlor"",""address"":""1938 W Florence Ave, Los Angeles, CA 90047"",""city"":""Los Angeles"",""state"":""CA""}","unchanged","false","part_of_complete_332_public_population"
"67f73dec1d08a04e139a9aac","The Hive Barber Studio","protected","","Barbershop","Beauty, Grooming and Personal Care","","","","","","{""status"":""approved"",""approved"":null,""alias"":""the-hive-barber-studio"",""slug"":""the-hive-barber-studio"",""isComplete"":true,""completenessScore"":70,""qualityScore"":70,""isTest"":null,""auditTag"":null,""business_name"":""The Hive Barber Studio"",""address"":""1250 N La Brea Ave, Ste 135, West Hollywood, CA 90038"",""city"":""West Hollywood"",""state"":""CA""}","unchanged","false","part_of_complete_332_public_population"
"67f73dec1d08a04e139a9a9e","Cloud9 Beauty Bar","protected","","Eyelash Service, Nail Salons, Hair Salons","Beauty, Grooming and Personal Care","","","","","","{""status"":""approved"",""approved"":null,""alias"":""cloud9-beauty-bar"",""slug"":""cloud9-beauty-bar"",""isComplete"":true,""completenessScore"":70,""qualityScore"":70,""isTest"":null,""auditTag"":null,""business_name"":""Cloud9 Beauty Bar"",""address"":""2726 E 10th St, Long Beach, CA 90804"",""city"":""Los Angeles"",""state"":""CA""}","unchanged","false","part_of_complete_332_public_population"
"67f73dec1d08a04e139a9aab","Kev's Barber Shop","protected","","Barbershop","Beauty, Grooming and Personal Care","","","","","","{""status"":""approved"",""approved"":null,""alias"":""kevs-barber-shop"",""slug"":""kevs-barber-shop"",""isComplete"":true,""completenessScore"":70,""qualityScore"":70,""isTest"":null,""auditTag"":null,""business_name"":""Kev's Barber Shop"",""address"":""3022 W Vernon Ave, Los Angeles, CA 90008"",""city"":""Los Angeles"",""state"":""CA""}","unchanged","false","part_of_complete_332_public_population"
"67f73dec1d08a04e139a9a96","Camille Ariane Makeup","protected","","Makeup Artists, Hair Removal","Beauty, Grooming and Personal Care","","","","","","{""status"":""approved"",""approved"":null,""alias"":""camille-ariane-makeup"",""slug"":""camille-ariane-makeup"",""isComplete"":true,""completenessScore"":70,""qualityScore"":70,""isTest"":null,""auditTag"":null,""business_name"":""Camille Ariane Makeup"",""address"":""5612 W Manchester Ave, Los Angeles, CA 90045"",""city"":""Los Angeles"",""state"":""CA""}","unchanged","false","part_of_complete_332_public_population"
"67f73dec1d08a04e139a9aaf","Render Pasadena","protected","","Barbershop","Beauty, Grooming and Personal Care","","","","","","{""status"":""approved"",""approved"":null,""alias"":""render-pasadena"",""slug"":""render-pasadena"",""isComplete"":true,""completenessScore"":70,""qualityScore"":70,""isTest"":null,""auditTag"":null,""business_name"":""Render Pasadena"",""address"":""638 Colorado Blvd, Ste 301 1/4, Dimensions Pasadena, Pasadena, CA 91101"",""city"":""Los Angeles"",""state"":""CA""}","unchanged","false","part_of_complete_332_public_population"
"67f73dec1d08a04e139a9aa3","LizzGlams","protected","","Makeup Artists, Hair Stylists","Beauty, Grooming and Personal Care","","","","","","{""status"":""approved"",""approved"":null,""alias"":""lizzglams"",""slug"":""lizzglams"",""isComplete"":true,""completenessScore"":70,""qualityScore"":70,""isTest"":null,""auditTag"":null,""business_name"":""LizzGlams"",""address"":""3710 W Martin Luther King Blvd, Los Angeles, CA 90008"",""city"":""Los Angeles"",""state"":""CA""}","unchanged","false","part_of_complete_332_public_population"
"67f73dec1d08a04e139a9a89","Le Mode Hair Salon Suite","protected","","Hair Stylists, Hair Extensions, Makeup Artists","Beauty, Grooming and Personal Care","","","","","","{""status"":""approved"",""approved"":null,""alias"":""le-mode-hair-salon-suite"",""slug"":""le-mode-hair-salon-suite"",""isComplete"":true,""completenessScore"":70,""qualityScore"":70,""isTest"":null,""auditTag"":null,""business_name"":""Le Mode Hair Salon Suite"",""address"":""5444 Yolanda Ave, Ste 217, Los Angeles, CA 91356"",""city"":""Los Angeles"",""state"":""CA""}","unchanged","false","part_of_complete_332_public_population"
"67f73dec1d08a04e139a9a82","Hair It Is Hair Salon","protected","","Hair Salons","Beauty, Grooming and Personal Care","","","","","","{""status"":""approved"",""approved"":null,""alias"":""hair-it-is-hair-salon"",""slug"":""hair-it-is-hair-salon"",""isComplete"":true,""completenessScore"":70,""qualityScore"":70,""isTest"":null,""auditTag"":null,""business_name"":""Hair It Is Hair Salon"",""address"":""3253 South St, Ste 107, Long Beach, CA 90805"",""city"":""Los Angeles"",""state"":""CA""}","unchanged","false","part_of_complete_332_public_population"
"67f73dec1d08a04e139a9a92","Crystal Blings Hair","protected","","Hair Extensions","Beauty, Grooming and Personal Care","","","","","","{""status"":""approved"",""approved"":null,""alias"":""crystal-blings-hair"",""slug"":""crystal-blings-hair"",""isComplete"":true,""completenessScore"":70,""qualityScore"":70,""isTest"":null,""auditTag"":null,""business_name"":""Crystal Blings Hair"",""address"":""Los Angeles, CA 90047"",""city"":""Los Angeles"",""state"":""CA""}","unchanged","false","part_of_complete_332_public_population"
"67f73dec1d08a04e139a9aa8","Quo Vadis Shave Studio","protected","","Barbershop","Beauty, Grooming and Personal Care","","","","","","{""status"":""approved"",""approved"":null,""alias"":""quo-vadis-shave-studio"",""slug"":""quo-vadis-shave-studio"",""isComplete"":true,""completenessScore"":70,""qualityScore"":70,""isTest"":null,""auditTag"":null,""business_name"":""Quo Vadis Shave Studio"",""address"":""13677 Foothill Blvd, Ste A, Los Angeles, CA 91342"",""city"":""Los Angeles"",""state"":""CA""}","unchanged","false","part_of_complete_332_public_population"
"67f73dec1d08a04e139a9a98","Meedo Hair Salon","protected","","Hair Extensions, Hair Stylists","Beauty, Grooming and Personal Care","","","","","","{""status"":""approved"",""approved"":null,""alias"":""meedo-hair-salon"",""slug"":""meedo-hair-salon"",""isComplete"":true,""completenessScore"":70,""qualityScore"":70,""isTest"":null,""auditTag"":null,""business_name"":""Meedo Hair Salon"",""address"":""2839 W Lincoln Ave, Anaheim, CA 92801"",""city"":""Los Angeles"",""state"":""CA""}","unchanged","false","part_of_complete_332_public_population"
"67f73dec1d08a04e139a9b7d","j. looney's","protected","","Restaurants","Restaurants","","","","","","{""status"":""approved"",""approved"":null,""alias"":""j-looneys"",""slug"":""j-looneys"",""isComplete"":true,""completenessScore"":70,""qualityScore"":70,""isTest"":null,""auditTag"":null,""business_name"":""j. looney's"",""address"":""5204 Orange Ave Long Beach, CA 90805"",""city"":""Los Angeles"",""state"":""CA""}","unchanged","false","part_of_complete_332_public_population"
"67f73dec1d08a04e139a9a7e","Naturally You Locks","protected","","Hair Stylists, Jewelry, Eyebrow Services","Beauty, Grooming and Personal Care","","","","","","{""status"":""approved"",""approved"":null,""alias"":""naturally-you-locks"",""slug"":""naturally-you-locks"",""isComplete"":true,""completenessScore"":70,""qualityScore"":70,""isTest"":null,""auditTag"":null,""business_name"":""Naturally You Locks"",""address"":""7409 Crenshaw Blvd, Los Angeles, CA 90043"",""city"":""Los Angeles"",""state"":""CA""}","unchanged","false","part_of_complete_332_public_population"
"67f73dec1d08a04e139a9c1e","sidewalk singers los angeles","protected","","Musicians","Services","","","","","","{""status"":""approved"",""approved"":null,""alias"":""sidewalk-singers-los-angeles"",""slug"":""sidewalk-singers-los-angeles"",""isComplete"":true,""completenessScore"":70,""qualityScore"":70,""isTest"":null,""auditTag"":null,""business_name"":""sidewalk singers los angeles"",""address"":""Los Angeles, CA 91601"",""city"":""Los Angeles"",""state"":""CA""}","unchanged","false","part_of_complete_332_public_population"
"67f73dec1d08a04e139a9a80","Couture Weave Boutique & Nail Cottage","protected","","Hair Extensions, Nail Salons, Eyelash Service","Beauty, Grooming and Personal Care","","","","","","{""status"":""approved"",""approved"":null,""alias"":""couture-weave-boutique-nail-cottage"",""slug"":""couture-weave-boutique-nail-cottage"",""isComplete"":true,""completenessScore"":70,""qualityScore"":70,""isTest"":null,""auditTag"":null,""business_name"":""Couture Weave Boutique & Nail Cottage"",""address"":""5872 W Pico Blvd, Los Angeles, CA 90019"",""city"":""Los Angeles"",""state"":""CA""}","unchanged","false","part_of_complete_332_public_population"
"67f73dec1d08a04e139a9a8c","Michael- SixteenThirtySix","protected","","Hair Stylists","Beauty, Grooming and Personal Care","","","","","","{""status"":""approved"",""approved"":null,""alias"":""michael-sixteenthirtysix"",""slug"":""michael-sixteenthirtysix"",""isComplete"":true,""completenessScore"":70,""qualityScore"":70,""isTest"":null,""auditTag"":null,""business_name"":""Michael- SixteenThirtySix"",""address"":""1636 Abbott Kinney Blvd, Sixteen Thirty Six, Los Angeles, CA 90291"",""city"":""Los Angeles"",""state"":""CA""}","unchanged","false","part_of_complete_332_public_population"
"6843278f0471fd7f1fcfa4ae","","protected","Skincare, Soap","","","Beauty, Grooming and Personal Care","category","Skincare, Soap","direct:skincare","high","{""status"":""approved"",""approved"":null,""alias"":""6843278f0471fd7f1fcfa4ae"",""slug"":""6843278f0471fd7f1fcfa4ae"",""isComplete"":true,""completenessScore"":70,""qualityScore"":70,""isTest"":null,""auditTag"":null,""business_name"":"""",""address"":"""",""city"":""Atlanta"",""state"":""GA""}","unchanged","false","part_of_complete_332_public_population"
"6843278f0471fd7f1fcfa4af","","protected","Beauty, Haircare, Books","","","","","","","","{""status"":""approved"",""approved"":null,""alias"":""6843278f0471fd7f1fcfa4af"",""slug"":""6843278f0471fd7f1fcfa4af"",""isComplete"":true,""completenessScore"":70,""qualityScore"":70,""isTest"":null,""auditTag"":null,""business_name"":"""",""address"":"""",""city"":""Atlanta"",""state"":""GA""}","unchanged","true","part_of_complete_332_public_population"
"6843278f0471fd7f1fcfa4b1","","protected","Beauty, Haircare","","","Beauty, Grooming and Personal Care","category","Beauty, Haircare","direct:beauty","high","{""status"":""approved"",""approved"":null,""alias"":""6843278f0471fd7f1fcfa4b1"",""slug"":""6843278f0471fd7f1fcfa4b1"",""isComplete"":true,""completenessScore"":70,""qualityScore"":70,""isTest"":null,""auditTag"":null,""business_name"":"""",""address"":"""",""city"":""Atlanta"",""state"":""GA""}","unchanged","false","part_of_complete_332_public_population"
"6843278f0471fd7f1fcfa4b0","","protected","Spa, Nails, Beauty","","","Beauty, Grooming and Personal Care","category","Spa, Nails, Beauty","direct:spa","high","{""status"":""approved"",""approved"":null,""alias"":""6843278f0471fd7f1fcfa4b0"",""slug"":""6843278f0471fd7f1fcfa4b0"",""isComplete"":true,""completenessScore"":70,""qualityScore"":70,""isTest"":null,""auditTag"":null,""business_name"":"""",""address"":"""",""city"":""Atlanta"",""state"":""GA""}","unchanged","false","part_of_complete_332_public_population"
"6843278f0471fd7f1fcfa4b2","","protected","Beauty Supply Store","","","Beauty, Grooming and Personal Care","description","Beauty supply store with friendly service.","text_word:beauty","medium","{""status"":""approved"",""approved"":null,""alias"":""6843278f0471fd7f1fcfa4b2"",""slug"":""6843278f0471fd7f1fcfa4b2"",""isComplete"":true,""completenessScore"":70,""qualityScore"":70,""isTest"":null,""auditTag"":null,""business_name"":"""",""address"":"""",""city"":""Conyers"",""state"":""GA""}","unchanged","true","part_of_complete_332_public_population"
"6843278f0471fd7f1fcfa4be","","protected","Cosmetics, Beauty","","","Beauty, Grooming and Personal Care","category","Cosmetics, Beauty","direct:cosmetics","high","{""status"":""approved"",""approved"":null,""alias"":""6843278f0471fd7f1fcfa4be"",""slug"":""6843278f0471fd7f1fcfa4be"",""isComplete"":true,""completenessScore"":70,""qualityScore"":70,""isTest"":null,""auditTag"":null,""business_name"":"""",""address"":"""",""city"":""Atlanta"",""state"":""GA""}","unchanged","false","part_of_complete_332_public_population"
"6843278f0471fd7f1fcfa4b4","","protected","Haircare Boutique","","","Beauty, Grooming and Personal Care","description","Boutique dedicated to natural hair care.","text_word:hair","medium","{""status"":""approved"",""approved"":null,""alias"":""6843278f0471fd7f1fcfa4b4"",""slug"":""6843278f0471fd7f1fcfa4b4"",""isComplete"":true,""completenessScore"":70,""qualityScore"":70,""isTest"":null,""auditTag"":null,""business_name"":"""",""address"":"""",""city"":""Lawrenceville"",""state"":""GA""}","unchanged","true","part_of_complete_332_public_population"
"6843278f0471fd7f1fcfa4bb","","protected","Hair Salon","","","Beauty, Grooming and Personal Care","category","Hair Salon","direct:hair salon","high","{""status"":""approved"",""approved"":null,""alias"":""6843278f0471fd7f1fcfa4bb"",""slug"":""6843278f0471fd7f1fcfa4bb"",""isComplete"":true,""completenessScore"":70,""qualityScore"":70,""isTest"":null,""auditTag"":null,""business_name"":"""",""address"":"""",""city"":""Atlanta"",""state"":""GA""}","unchanged","false","part_of_complete_332_public_population"
"6843278f0471fd7f1fcfa4b7","","protected","Beauty Supply Store","","","Beauty, Grooming and Personal Care","description","Large beauty supply store open daily.","text_word:beauty","medium","{""status"":""approved"",""approved"":null,""alias"":""6843278f0471fd7f1fcfa4b7"",""slug"":""6843278f0471fd7f1fcfa4b7"",""isComplete"":true,""completenessScore"":70,""qualityScore"":70,""isTest"":null,""auditTag"":null,""business_name"":"""",""address"":"""",""city"":""Alpharetta"",""state"":""GA""}","unchanged","true","part_of_complete_332_public_population"
"6843278f0471fd7f1fcfa4bc","","protected","Haircare Products","","","Beauty, Grooming and Personal Care","description","Renowned Black-owned haircare brand.","text_word:haircare","medium","{""status"":""approved"",""approved"":null,""alias"":""6843278f0471fd7f1fcfa4bc"",""slug"":""6843278f0471fd7f1fcfa4bc"",""isComplete"":true,""completenessScore"":70,""qualityScore"":70,""isTest"":null,""auditTag"":null,""business_name"":"""",""address"":"""",""city"":""Atlanta"",""state"":""GA""}","unchanged","true","part_of_complete_332_public_population"
"6843278f0471fd7f1fcfa4b9","","protected","Beauty Supply Store","","","Beauty, Grooming and Personal Care","description","Beauty supply store known for friendly staff.","text_word:beauty","medium","{""status"":""approved"",""approved"":null,""alias"":""6843278f0471fd7f1fcfa4b9"",""slug"":""6843278f0471fd7f1fcfa4b9"",""isComplete"":true,""completenessScore"":70,""qualityScore"":70,""isTest"":null,""auditTag"":null,""business_name"":"""",""address"":"""",""city"":""Mableton"",""state"":""GA""}","unchanged","true","part_of_complete_332_public_population"
"6843278f0471fd7f1fcfa4bd","","protected","Beauty Supply Store","","","Beauty, Grooming and Personal Care","description","Family-owned beauty supply store.","text_word:beauty","medium","{""status"":""approved"",""approved"":null,""alias"":""6843278f0471fd7f1fcfa4bd"",""slug"":""6843278f0471fd7f1fcfa4bd"",""isComplete"":true,""completenessScore"":70,""qualityScore"":70,""isTest"":null,""auditTag"":null,""business_name"":"""",""address"":"""",""city"":""Roswell"",""state"":""GA""}","unchanged","true","part_of_complete_332_public_population"
"6843794b5c931273e196b584","Strivers Row","protected","","Menswear, Clothing","Apparel & Footwear","","","","","","{""status"":""approved"",""approved"":null,""alias"":""strivers-row-atlanta"",""slug"":null,""isComplete"":true,""completenessScore"":78,""qualityScore"":null,""isTest"":null,""auditTag"":null,""business_name"":""Strivers Row"",""address"":""999 Peachtree St NE #120, Atlanta, GA 30309"",""city"":"""",""state"":""GA""}","unchanged","false","part_of_complete_332_public_population"
"6843794b5c931273e196b585","The V Store","protected","","Women's Clothing, Boutique","Apparel & Footwear","","","","","","{""status"":""approved"",""approved"":null,""alias"":""the-v-store-atlanta"",""slug"":null,""isComplete"":true,""completenessScore"":78,""qualityScore"":null,""isTest"":null,""auditTag"":null,""business_name"":""The V Store"",""address"":""1197 Peachtree St NE, Atlanta, GA 30361"",""city"":"""",""state"":""GA""}","unchanged","false","part_of_complete_332_public_population"
"6843278f0471fd7f1fcfa4b5","","protected","Beauty Supply Store","","","Beauty, Grooming and Personal Care","description","Beauty supply store offering popular brands.","text_word:beauty","medium","{""status"":""approved"",""approved"":null,""alias"":""6843278f0471fd7f1fcfa4b5"",""slug"":""6843278f0471fd7f1fcfa4b5"",""isComplete"":true,""completenessScore"":70,""qualityScore"":70,""isTest"":null,""auditTag"":null,""business_name"":"""",""address"":"""",""city"":""East Point"",""state"":""GA""}","unchanged","true","part_of_complete_332_public_population"
"6843278f0471fd7f1fcfa4c0","","protected","Skincare, Spa","","","Beauty, Grooming and Personal Care","category","Skincare, Spa","direct:skincare","high","{""status"":""approved"",""approved"":null,""alias"":""6843278f0471fd7f1fcfa4c0"",""slug"":""6843278f0471fd7f1fcfa4c0"",""isComplete"":true,""completenessScore"":70,""qualityScore"":70,""isTest"":null,""auditTag"":null,""business_name"":"""",""address"":"""",""city"":""Atlanta"",""state"":""GA""}","unchanged","false","part_of_complete_332_public_population"
"6843278f0471fd7f1fcfa4ba","","protected","Haircare Subscription","","","Beauty, Grooming and Personal Care","description","Subscription service for Black haircare products.","text_word:haircare","medium","{""status"":""approved"",""approved"":null,""alias"":""6843278f0471fd7f1fcfa4ba"",""slug"":""6843278f0471fd7f1fcfa4ba"",""isComplete"":true,""completenessScore"":70,""qualityScore"":70,""isTest"":null,""auditTag"":null,""business_name"":"""",""address"":"""",""city"":""Atlanta"",""state"":""GA""}","unchanged","true","part_of_complete_332_public_population"
"6843278f0471fd7f1fcfa4b8","","protected","Beauty Supply Store","","","Beauty, Grooming and Personal Care","description","Beauty supply store featuring various brands.","text_word:beauty","medium","{""status"":""approved"",""approved"":null,""alias"":""6843278f0471fd7f1fcfa4b8"",""slug"":""6843278f0471fd7f1fcfa4b8"",""isComplete"":true,""completenessScore"":70,""qualityScore"":70,""isTest"":null,""auditTag"":null,""business_name"":"""",""address"":"""",""city"":""Atlanta"",""state"":""GA""}","unchanged","true","part_of_complete_332_public_population"
"6843278f0471fd7f1fcfa4b3","","protected","Beauty Supply Store","","","Beauty, Grooming and Personal Care","description","Largest beauty supply retailer in Stockbridge.","text_word:beauty","medium","{""status"":""approved"",""approved"":null,""alias"":""6843278f0471fd7f1fcfa4b3"",""slug"":""6843278f0471fd7f1fcfa4b3"",""isComplete"":true,""completenessScore"":70,""qualityScore"":70,""isTest"":null,""auditTag"":null,""business_name"":"""",""address"":"""",""city"":""Stockbridge"",""state"":""GA""}","unchanged","true","part_of_complete_332_public_population"
"6843278f0471fd7f1fcfa4b6","","protected","Men’s Grooming Products","","","Beauty, Grooming and Personal Care","description","Men’s grooming products line.","text_word:grooming","medium","{""status"":""approved"",""approved"":null,""alias"":""6843278f0471fd7f1fcfa4b6"",""slug"":""6843278f0471fd7f1fcfa4b6"",""isComplete"":true,""completenessScore"":70,""qualityScore"":70,""isTest"":null,""auditTag"":null,""business_name"":"""",""address"":"""",""city"":""Atlanta"",""state"":""GA""}","unchanged","true","part_of_complete_332_public_population"
"6843278f0471fd7f1fcfa4bf","","protected","Haircare, Kids","","","Beauty, Grooming and Personal Care","category","Haircare, Kids","direct:haircare","high","{""status"":""approved"",""approved"":null,""alias"":""6843278f0471fd7f1fcfa4bf"",""slug"":""6843278f0471fd7f1fcfa4bf"",""isComplete"":true,""completenessScore"":70,""qualityScore"":70,""isTest"":null,""auditTag"":null,""business_name"":"""",""address"":"""",""city"":""Atlanta"",""state"":""GA""}","unchanged","false","part_of_complete_332_public_population"
"6843278f0471fd7f1fcfa4c1","","protected","Beauty Supply Store","","","Beauty, Grooming and Personal Care","description","Family-owned beauty supply store.","text_word:beauty","medium","{""status"":""approved"",""approved"":null,""alias"":""6843278f0471fd7f1fcfa4c1"",""slug"":""6843278f0471fd7f1fcfa4c1"",""isComplete"":true,""completenessScore"":70,""qualityScore"":70,""isTest"":null,""auditTag"":null,""business_name"":"""",""address"":"""",""city"":""Smyrna"",""state"":""GA""}","unchanged","true","part_of_complete_332_public_population"
"6843794b5c931273e196b581","Twisted Soul Cookhouse & Pours","protected","","Soul Food, Southern, Restaurant","Food & Dining","","","","","","{""status"":""approved"",""approved"":null,""alias"":""twisted-soul-cookhouse-atlanta"",""slug"":null,""isComplete"":true,""completenessScore"":78,""qualityScore"":null,""isTest"":null,""auditTag"":null,""business_name"":""Twisted Soul Cookhouse & Pours"",""address"":""1133 Huff Rd NW #D, Atlanta, GA 30318"",""city"":"""",""state"":""GA""}","unchanged","false","part_of_complete_332_public_population"
"6843794b5c931273e196b590","Parlor","protected","","Bar, Lounge, Nightlife","Food & Dining","","","","","","{""status"":""approved"",""approved"":null,""alias"":""parlor-atlanta"",""slug"":null,""isComplete"":true,""completenessScore"":78,""qualityScore"":null,""isTest"":null,""auditTag"":null,""business_name"":""Parlor"",""address"":""249-A Peters St SW, Atlanta, GA 30313"",""city"":"""",""state"":""GA""}","unchanged","false","part_of_complete_332_public_population"
"6843794b5c931273e196b588","Old Lady Gang","protected","","Soul Food, Southern, Restaurant","Food & Dining","","","","","","{""status"":""approved"",""approved"":null,""alias"":""old-lady-gang-atlanta"",""slug"":null,""isComplete"":true,""completenessScore"":78,""qualityScore"":null,""isTest"":null,""auditTag"":null,""business_name"":""Old Lady Gang"",""address"":""177 Peters St SW, Atlanta, GA 30313"",""city"":"""",""state"":""GA""}","unchanged","false","part_of_complete_332_public_population"
"6843794b5c931273e196b586","Bankhead Seafood","protected","","Seafood, Restaurant","Food & Dining","","","","","","{""status"":""approved"",""approved"":null,""alias"":""bankhead-seafood-atlanta"",""slug"":null,""isComplete"":true,""completenessScore"":78,""qualityScore"":null,""isTest"":null,""auditTag"":null,""business_name"":""Bankhead Seafood"",""address"":""1651 Donald Lee Hollowell Pkwy NW, Atlanta, GA 30318"",""city"":"""",""state"":""GA""}","unchanged","false","part_of_complete_332_public_population"
"6843794b5c931273e196b58c","Atlanta MADE","protected","","Home Decor, Furniture","Home & Furniture","","","","","","{""status"":""approved"",""approved"":null,""alias"":""atlanta-made-home"",""slug"":null,""isComplete"":true,""completenessScore"":78,""qualityScore"":null,""isTest"":null,""auditTag"":null,""business_name"":""Atlanta MADE"",""address"":""659 Auburn Ave NE, Atlanta, GA 30312"",""city"":"""",""state"":""GA""}","unchanged","false","part_of_complete_332_public_population"
"6843794b5c931273e196b58e","Body By Kariim Fitness","protected","","Personal Training, Fitness","Health & Wellness","","","","","","{""status"":""approved"",""approved"":null,""alias"":""body-by-kariim-fitness-atlanta"",""slug"":null,""isComplete"":true,""completenessScore"":78,""qualityScore"":null,""isTest"":null,""auditTag"":null,""business_name"":""Body By Kariim Fitness"",""address"":""800 Miami Cir NE, Atlanta, GA 30324"",""city"":"""",""state"":""GA""}","unchanged","false","part_of_complete_332_public_population"
"6843794b5c931273e196b591","The Village Market Wellness Shop","protected","","Health Shop, Wellness, Nutrition","Health & Wellness","","","","","","{""status"":""approved"",""approved"":null,""alias"":""village-market-wellness-atlanta"",""slug"":null,""isComplete"":true,""completenessScore"":78,""qualityScore"":null,""isTest"":null,""auditTag"":null,""business_name"":""The Village Market Wellness Shop"",""address"":""572 Edgewood Ave SE, Atlanta, GA 30312"",""city"":"""",""state"":""GA""}","unchanged","false","part_of_complete_332_public_population"
"6843794b5c931273e196b592","The Wellness Spot ATL","protected","","Wellness, Nutrition, Fitness","Health & Wellness","","","","","","{""status"":""approved"",""approved"":null,""alias"":""wellness-spot-atlanta"",""slug"":null,""isComplete"":true,""completenessScore"":78,""qualityScore"":null,""isTest"":null,""auditTag"":null,""business_name"":""The Wellness Spot ATL"",""address"":""543 Spring St NW, Atlanta, GA 30308"",""city"":"""",""state"":""GA""}","unchanged","false","part_of_complete_332_public_population"
"6843794b5c931273e196b598","Sage & Elm Apothecary","protected","","Home Goods, Aromatherapy","Home & Furniture","","","","","","{""status"":""approved"",""approved"":null,""alias"":""sage-elm-apothecary"",""slug"":null,""isComplete"":true,""completenessScore"":78,""qualityScore"":null,""isTest"":null,""auditTag"":null,""business_name"":""Sage & Elm Apothecary"",""address"":""701 Memorial Dr SE, Atlanta, GA 30316"",""city"":"""",""state"":""GA""}","unchanged","false","part_of_complete_332_public_population"
"6843794b5c931273e196b597","Slutty Vegan","protected","","Vegan, Burgers, Restaurant","Food & Dining","","","","","","{""status"":""approved"",""approved"":null,""alias"":""slutty-vegan-atl"",""slug"":null,""isComplete"":true,""completenessScore"":78,""qualityScore"":null,""isTest"":null,""auditTag"":null,""business_name"":""Slutty Vegan"",""address"":""1542 Ralph David Abernathy Blvd SW, Atlanta, GA 30310"",""city"":"""",""state"":""GA""}","unchanged","false","part_of_complete_332_public_population"
"6843794b5c931273e196b596","Fulton Supply Lofts Market","protected","","Furniture, Vintage, Home Decor","Home & Furniture","","","","","","{""status"":""approved"",""approved"":null,""alias"":""fulton-supply-lofts-atlanta"",""slug"":null,""isComplete"":true,""completenessScore"":78,""qualityScore"":null,""isTest"":null,""auditTag"":null,""business_name"":""Fulton Supply Lofts Market"",""address"":""342 Nelson St SW, Atlanta, GA 30313"",""city"":"""",""state"":""GA""}","unchanged","false","part_of_complete_332_public_population"
"698ff52ae8467526b29ede89","Spear & Jackson Barbershop","protected","Barber Shop","Barbershop","","Beauty, Grooming and Personal Care","category","Barber Shop","direct:barber shop","high","{""status"":""approved"",""approved"":null,""alias"":""spear-and-jackson-barbershop-wi-brookfield"",""slug"":""spear-and-jackson-barbershop-wi-brookfield"",""isComplete"":true,""completenessScore"":70,""qualityScore"":70,""isTest"":null,""auditTag"":null,""business_name"":""Spear & Jackson Barbershop"",""address"":""18900 W Capitol Dr, Brookfield, WI 53045"",""city"":""Brookfield"",""state"":""WI""}","unchanged","false","part_of_complete_332_public_population"
"698ff8637af60943e08680ea","Hair Science","protected","","Barbershop","","Beauty, Grooming and Personal Care","categories","Barbershop","direct:barbershop","high","{""status"":""approved"",""approved"":null,""alias"":""hair-science-ak-anchorage"",""slug"":""hair-science-ak-anchorage"",""isComplete"":true,""completenessScore"":70,""qualityScore"":70,""isTest"":null,""auditTag"":null,""business_name"":""Hair Science"",""address"":""203 W. 15th Ave., Ste. 108, Anchorage, AK 99501"",""city"":""Anchorage"",""state"":""AK""}","unchanged","false","part_of_complete_332_public_population"
"698ff8637af60943e08680eb","Ramos Barbershop","protected","","Barbershop","","Beauty, Grooming and Personal Care","categories","Barbershop","direct:barbershop","high","{""status"":""approved"",""approved"":null,""alias"":""ramos-barbershop-al-athens"",""slug"":null,""isComplete"":true,""completenessScore"":78,""qualityScore"":null,""isTest"":null,""auditTag"":null,""business_name"":""Ramos Barbershop"",""address"":""303 W Lee St, Athens, AL 35611"",""city"":""Athens"",""state"":""AL""}","unchanged","false","part_of_complete_332_public_population"
"698ff8637af60943e08680ec","D Levett Universal Kutz Barbershop","protected","","Barbershop","","Beauty, Grooming and Personal Care","categories","Barbershop","direct:barbershop","high","{""status"":""approved"",""approved"":null,""alias"":""d-levett-universal-kutz-barbershop-al-auburn"",""slug"":""d-levett-universal-kutz-barbershop-al-auburn"",""isComplete"":true,""completenessScore"":70,""qualityScore"":70,""isTest"":null,""auditTag"":null,""business_name"":""D Levett Universal Kutz Barbershop"",""address"":""814 Dean Road, Auburn, AL 36830"",""city"":""Auburn"",""state"":""AL""}","unchanged","false","part_of_complete_332_public_population"
"698ff8637af60943e08680ed","Nexxt Level Barber & Beauty","protected","","Barbershop","","Beauty, Grooming and Personal Care","categories","Barbershop","direct:barbershop","high","{""status"":""approved"",""approved"":null,""alias"":""nexxt-level-barber-beauty-al-auburn"",""slug"":null,""isComplete"":true,""completenessScore"":78,""qualityScore"":null,""isTest"":null,""auditTag"":null,""business_name"":""Nexxt Level Barber & Beauty"",""address"":""1750 Opelika Rd G, Auburn, AL 36830"",""city"":""Auburn"",""state"":""AL""}","unchanged","false","part_of_complete_332_public_population"
"698ff8637af60943e08680ee","Swol's Barber Shop","protected","","Barbershop","","Beauty, Grooming and Personal Care","categories","Barbershop","direct:barbershop","high","{""status"":""approved"",""approved"":null,""alias"":""swol-s-barber-shop-al-center-point"",""slug"":""swol-s-barber-shop-al-center-point"",""isComplete"":true,""completenessScore"":70,""qualityScore"":70,""isTest"":null,""auditTag"":null,""business_name"":""Swol's Barber Shop"",""address"":""1823B Center Point Pkwy, Center Point, AL 35215"",""city"":""Center Point"",""state"":""AL""}","unchanged","false","part_of_complete_332_public_population"
"698ff8637af60943e08680ef","Gentlemen Edition Grooming Barber Shop","protected","","Barbershop","","Beauty, Grooming and Personal Care","categories","Barbershop","direct:barbershop","high","{""status"":""approved"",""approved"":null,""alias"":""gentlemen-edition-grooming-barber-shop-al-harvest"",""slug"":null,""isComplete"":true,""completenessScore"":78,""qualityScore"":null,""isTest"":null,""auditTag"":null,""business_name"":""Gentlemen Edition Grooming Barber Shop"",""address"":""5510 Hwy 53, Suite K, Harvest, AL 35749"",""city"":""Harvest"",""state"":""AL""}","unchanged","false","part_of_complete_332_public_population"
"698ff8637af60943e08680f0","Rockk Da Barber","protected","","Barbershop","","Beauty, Grooming and Personal Care","categories","Barbershop","direct:barbershop","high","{""status"":""approved"",""approved"":null,""alias"":""rockk-da-barber-al-madison"",""slug"":""rockk-da-barber-al-madison"",""isComplete"":true,""completenessScore"":70,""qualityScore"":70,""isTest"":null,""auditTag"":null,""business_name"":""Rockk Da Barber"",""address"":""8694 Madison Blvd, L, Madison, AL 35758"",""city"":""Madison"",""state"":""AL""}","unchanged","false","part_of_complete_332_public_population"
"698ff8637af60943e08680f1","Veteran Cuts Barber Shop LLC","protected","","Barbershop","","Beauty, Grooming and Personal Care","categories","Barbershop","direct:barbershop","high","{""status"":""approved"",""approved"":null,""alias"":""veteran-cuts-barber-shop-llc-al-montgomery"",""slug"":""veteran-cuts-barber-shop-llc-al-montgomery"",""isComplete"":true,""completenessScore"":70,""qualityScore"":70,""isTest"":null,""auditTag"":null,""business_name"":""Veteran Cuts Barber Shop LLC"",""address"":""444 Coliseum Blvd, Montgomery, AL 36109"",""city"":""Montgomery"",""state"":""AL""}","unchanged","false","part_of_complete_332_public_population"
"698ff8637af60943e08680f2","Distinguished Cuts","protected","","Barbershop","","Beauty, Grooming and Personal Care","categories","Barbershop","direct:barbershop","high","{""status"":""approved"",""approved"":null,""alias"":""distinguished-cuts-al-opelika"",""slug"":null,""isComplete"":true,""completenessScore"":78,""qualityScore"":null,""isTest"":null,""auditTag"":null,""business_name"":""Distinguished Cuts"",""address"":""3500 Pepperell Pkwy, Opelika, AL"",""city"":""Opelika"",""state"":""AL""}","unchanged","false","part_of_complete_332_public_population"
"698ff8637af60943e08680f3","Prattcity Barbershop, LLC","protected","","Barbershop","","Beauty, Grooming and Personal Care","categories","Barbershop","direct:barbershop","high","{""status"":""approved"",""approved"":null,""alias"":""prattcity-barbershop-llc-al-selma"",""slug"":""prattcity-barbershop-llc-al-selma"",""isComplete"":true,""completenessScore"":70,""qualityScore"":70,""isTest"":null,""auditTag"":null,""business_name"":""Prattcity Barbershop, LLC"",""address"":""912 Highland Avenue, Selma, AL 36701"",""city"":""Selma"",""state"":""AL""}","unchanged","false","part_of_complete_332_public_population"
"698ff8637af60943e08680f4","Oak City Barber & Beauty Shop","protected","","Barbershop","","Beauty, Grooming and Personal Care","categories","Barbershop","direct:barbershop","high","{""status"":""approved"",""approved"":null,""alias"":""oak-city-barber-beauty-shop-al-tuscaloosa"",""slug"":null,""isComplete"":true,""completenessScore"":78,""qualityScore"":null,""isTest"":null,""auditTag"":null,""business_name"":""Oak City Barber & Beauty Shop"",""address"":""6570 AL-69, Tuscaloosa, AL 35405"",""city"":""Tuscaloosa"",""state"":""AL""}","unchanged","false","part_of_complete_332_public_population"
"698ff8637af60943e08680f5","Maximum Performance Beauty and Barber Shop","protected","","Barbershop","","Beauty, Grooming and Personal Care","categories","Barbershop","direct:barbershop","high","{""status"":""approved"",""approved"":null,""alias"":""maximum-performance-beauty-and-barber-shop-ar-conway"",""slug"":null,""isComplete"":true,""completenessScore"":78,""qualityScore"":null,""isTest"":null,""auditTag"":null,""business_name"":""Maximum Performance Beauty and Barber Shop"",""address"":""2301A Washington Ave, Conway, AR"",""city"":""Conway"",""state"":""AR""}","unchanged","false","part_of_complete_332_public_population"
"698ff8637af60943e08680f6","Champion's Barbershop","protected","","Barbershop","","Beauty, Grooming and Personal Care","categories","Barbershop","direct:barbershop","high","{""status"":""approved"",""approved"":null,""alias"":""champion-s-barbershop-ar-jonesboro"",""slug"":null,""isComplete"":true,""completenessScore"":78,""qualityScore"":null,""isTest"":null,""auditTag"":null,""business_name"":""Champion's Barbershop"",""address"":""3800 S Caraway Rd Suite A Building #15, Jonesboro, AR"",""city"":""Jonesboro"",""state"":""AR""}","unchanged","false","part_of_complete_332_public_population"
"698ff8647af60943e08680f7","A Head of the Best Barber Shop","protected","","Barbershop","","Beauty, Grooming and Personal Care","categories","Barbershop","direct:barbershop","high","{""status"":""approved"",""approved"":null,""alias"":""a-head-of-the-best-barber-shop-ar-little-rock"",""slug"":""a-head-of-the-best-barber-shop-ar-little-rock"",""isComplete"":true,""completenessScore"":70,""qualityScore"":70,""isTest"":null,""auditTag"":null,""business_name"":""A Head of the Best Barber Shop"",""address"":""3421 W 12th St, Little Rock, AR"",""city"":""Little Rock"",""state"":""AR""}","unchanged","false","part_of_complete_332_public_population"
"698ff8647af60943e08680f8","Adrienne's Ultimate U / The Barber Hub","protected","","Barbershop","","Beauty, Grooming and Personal Care","categories","Barbershop","direct:barbershop","high","{""status"":""approved"",""approved"":null,""alias"":""adrienne-s-ultimate-u-the-barber-hub-ar-little-rock"",""slug"":""adrienne-s-ultimate-u-the-barber-hub-ar-little-rock"",""isComplete"":true,""completenessScore"":70,""qualityScore"":70,""isTest"":null,""auditTag"":null,""business_name"":""Adrienne's Ultimate U / The Barber Hub"",""address"":""1407 John Barrow Rd C, Little Rock, AR"",""city"":""Little Rock"",""state"":""AR""}","unchanged","false","part_of_complete_332_public_population"
"698ff8647af60943e08680f9","U4U Beauty N Barber Salon","protected","","Barbershop","","Beauty, Grooming and Personal Care","categories","Barbershop","direct:barbershop","high","{""status"":""approved"",""approved"":null,""alias"":""u4u-beauty-n-barber-salon-ar-little-rock"",""slug"":""u4u-beauty-n-barber-salon-ar-little-rock"",""isComplete"":true,""completenessScore"":70,""qualityScore"":70,""isTest"":null,""auditTag"":null,""business_name"":""U4U Beauty N Barber Salon"",""address"":""2727 S Arch St, Little Rock, AR"",""city"":""Little Rock"",""state"":""AR""}","unchanged","false","part_of_complete_332_public_population"
"698ff8647af60943e08680fb","AZ House of Fadez","protected","","Barbershop","","Beauty, Grooming and Personal Care","categories","Barbershop","direct:barbershop","high","{""status"":""approved"",""approved"":null,""alias"":""az-house-of-fadez-az-phoenix"",""slug"":null,""isComplete"":true,""completenessScore"":78,""qualityScore"":null,""isTest"":null,""auditTag"":null,""business_name"":""AZ House of Fadez"",""address"":""1930 E Broadway Rd, Phoenix, AZ 85040"",""city"":""Phoenix"",""state"":""AZ""}","unchanged","false","part_of_complete_332_public_population"
"698ff8647af60943e08680fc","Queens of Kings Barbershop & Beauty Salon","protected","","Barbershop","","Beauty, Grooming and Personal Care","categories","Barbershop","direct:barbershop","high","{""status"":""approved"",""approved"":null,""alias"":""queens-of-kings-barbershop-beauty-salon-az-phoenix"",""slug"":null,""isComplete"":true,""completenessScore"":78,""qualityScore"":null,""isTest"":null,""auditTag"":null,""business_name"":""Queens of Kings Barbershop & Beauty Salon"",""address"":""1610 E Bell Rd Suite 104, Phoenix, AZ 85022"",""city"":""Phoenix"",""state"":""AZ""}","unchanged","false","part_of_complete_332_public_population"
"698ff8647af60943e08680fd","Tailored by Emmanuel","protected","","Barbershop","","Beauty, Grooming and Personal Care","categories","Barbershop","direct:barbershop","high","{""status"":""approved"",""approved"":null,""alias"":""tailored-by-emmanuel-az-phoenix"",""slug"":null,""isComplete"":true,""completenessScore"":78,""qualityScore"":null,""isTest"":null,""auditTag"":null,""business_name"":""Tailored by Emmanuel"",""address"":""Phoenix, AZ 85042"",""city"":""Phoenix"",""state"":""AZ""}","unchanged","false","part_of_complete_332_public_population"
"698ff8647af60943e08680fe","The Ol' Clip Joint","protected","","Barbershop","","Beauty, Grooming and Personal Care","categories","Barbershop","direct:barbershop","high","{""status"":""approved"",""approved"":null,""alias"":""the-ol-clip-joint-az-phoenix"",""slug"":null,""isComplete"":true,""completenessScore"":78,""qualityScore"":null,""isTest"":null,""auditTag"":null,""business_name"":""The Ol' Clip Joint"",""address"":""5620 N 7th St, Phoenix, AZ 85014"",""city"":""Phoenix"",""state"":""AZ""}","unchanged","false","part_of_complete_332_public_population"
"698ff8647af60943e08680ff","CrownD Barber Lounge","protected","","Barbershop","","Beauty, Grooming and Personal Care","categories","Barbershop","direct:barbershop","high","{""status"":""approved"",""approved"":null,""alias"":""crownd-barber-lounge-ca-hawthorne"",""slug"":null,""isComplete"":true,""completenessScore"":78,""qualityScore"":null,""isTest"":null,""auditTag"":null,""business_name"":""CrownD Barber Lounge"",""address"":""13424 Hawthorne Blvd, Hawthorne, CA 90250"",""city"":""Hawthorne"",""state"":""CA""}","unchanged","false","part_of_complete_332_public_population"
"698ff8647af60943e0868100","In The Cut Barbershop","protected","","Barbershop","","Beauty, Grooming and Personal Care","categories","Barbershop","direct:barbershop","high","{""status"":""approved"",""approved"":null,""alias"":""in-the-cut-barbershop-ca-north-hollywood"",""slug"":null,""isComplete"":true,""completenessScore"":78,""qualityScore"":null,""isTest"":null,""auditTag"":null,""business_name"":""In The Cut Barbershop"",""address"":""11300 Magnolia Blvd #6, North Hollywood, CA 91601"",""city"":""North Hollywood"",""state"":""CA""}","unchanged","false","part_of_complete_332_public_population"
"698ff8647af60943e0868101","Brandon's Barbershop","protected","","Barbershop","","Beauty, Grooming and Personal Care","categories","Barbershop","direct:barbershop","high","{""status"":""approved"",""approved"":null,""alias"":""brandons-barbershop-ca-sacramento"",""slug"":null,""isComplete"":true,""completenessScore"":78,""qualityScore"":null,""isTest"":null,""auditTag"":null,""business_name"":""Brandon's Barbershop"",""address"":""1510 16th St, Sacramento, CA 95814"",""city"":""Sacramento"",""state"":""CA""}","unchanged","false","part_of_complete_332_public_population"
"698ff8647af60943e0868102","Bus Stop Barbershop","protected","","Barbershop","","Beauty, Grooming and Personal Care","categories","Barbershop","direct:barbershop","high","{""status"":""approved"",""approved"":null,""alias"":""bus-stop-barbershop-ca-san-francisco"",""slug"":""bus-stop-barbershop-ca-san-francisco"",""isComplete"":true,""completenessScore"":70,""qualityScore"":70,""isTest"":null,""auditTag"":null,""business_name"":""Bus Stop Barbershop"",""address"":""1222 Harrison St, San Francisco, CA 94103"",""city"":""San Francisco"",""state"":""CA""}","unchanged","false","part_of_complete_332_public_population"
"698ff8647af60943e0868103","Cherry Waves Barbershop","protected","","Barbershop","","Beauty, Grooming and Personal Care","categories","Barbershop","direct:barbershop","high","{""status"":""approved"",""approved"":null,""alias"":""cherry-waves-barbershop-ca-san-francisco"",""slug"":null,""isComplete"":true,""completenessScore"":78,""qualityScore"":null,""isTest"":null,""auditTag"":null,""business_name"":""Cherry Waves Barbershop"",""address"":""421 Haight St, San Francisco, CA 94117"",""city"":""San Francisco"",""state"":""CA""}","unchanged","false","part_of_complete_332_public_population"
"698ff8647af60943e0868104","On Stage Cuts and Styles","protected","","Barbershop","","Beauty, Grooming and Personal Care","categories","Barbershop","direct:barbershop","high","{""status"":""approved"",""approved"":null,""alias"":""on-stage-cuts-and-styles-co-denver"",""slug"":""on-stage-cuts-and-styles-co-denver"",""isComplete"":true,""completenessScore"":70,""qualityScore"":70,""isTest"":null,""auditTag"":null,""business_name"":""On Stage Cuts and Styles"",""address"":""910 16th St Mall #523, Denver, CO 80202"",""city"":""Denver"",""state"":""CO""}","unchanged","false","part_of_complete_332_public_population"
"698ff8647af60943e0868105","Supreme Style Barbershop","protected","","Barbershop","","Beauty, Grooming and Personal Care","categories","Barbershop","direct:barbershop","high","{""status"":""approved"",""approved"":null,""alias"":""supreme-style-barbershop-co-denver"",""slug"":null,""isComplete"":true,""completenessScore"":78,""qualityScore"":null,""isTest"":null,""auditTag"":null,""business_name"":""Supreme Style Barbershop"",""address"":""7520 E Colfax Ave, Denver, CO 80220"",""city"":""Denver"",""state"":""CO""}","unchanged","false","part_of_complete_332_public_population"
"698ff8647af60943e0868106","The Montbello Barbers","protected","","Barbershop","","Beauty, Grooming and Personal Care","categories","Barbershop","direct:barbershop","high","{""status"":""approved"",""approved"":null,""alias"":""the-montbello-barbers-co-denver"",""slug"":null,""isComplete"":true,""completenessScore"":78,""qualityScore"":null,""isTest"":null,""auditTag"":null,""business_name"":""The Montbello Barbers"",""address"":""4848 Chambers Rd, Denver, CO 80239"",""city"":""Denver"",""state"":""CO""}","unchanged","false","part_of_complete_332_public_population"
"698ff8647af60943e0868107","Mr. Lee's Barber Shop","protected","","Barbershop","","Beauty, Grooming and Personal Care","categories","Barbershop","direct:barbershop","high","{""status"":""approved"",""approved"":null,""alias"":""mr-lees-barber-shop-co-fort-collins"",""slug"":null,""isComplete"":true,""completenessScore"":78,""qualityScore"":null,""isTest"":null,""auditTag"":null,""business_name"":""Mr. Lee's Barber Shop"",""address"":""528 S College Ave, Fort Collins, CO 80524"",""city"":""Fort Collins"",""state"":""CO""}","unchanged","false","part_of_complete_332_public_population"
"698ff8647af60943e0868108","XAAK's Barbershop","protected","","Barbershop","","Beauty, Grooming and Personal Care","categories","Barbershop","direct:barbershop","high","{""status"":""approved"",""approved"":null,""alias"":""xaaks-barbershop-co-loveland"",""slug"":""xaaks-barbershop-co-loveland"",""isComplete"":true,""completenessScore"":70,""qualityScore"":70,""isTest"":null,""auditTag"":null,""business_name"":""XAAK's Barbershop"",""address"":""136 W 4th St, Loveland, CO 80537"",""city"":""Loveland"",""state"":""CO""}","unchanged","false","part_of_complete_332_public_population"
"698ff8647af60943e0868109","Turn' N Headz Barbershop & Beauty Salon","protected","","Barbershop","","Beauty, Grooming and Personal Care","categories","Barbershop","direct:barbershop","high","{""status"":""approved"",""approved"":null,""alias"":""turn-n-headz-barbershop-beauty-salon-ct-bridgeport"",""slug"":""turn-n-headz-barbershop-beauty-salon-ct-bridgeport"",""isComplete"":true,""completenessScore"":70,""qualityScore"":70,""isTest"":null,""auditTag"":null,""business_name"":""Turn' N Headz Barbershop & Beauty Salon"",""address"":""124 Boston Ave, Bridgeport, CT 6606.0"",""city"":""Bridgeport"",""state"":""CT""}","unchanged","false","part_of_complete_332_public_population"
"698ff8647af60943e086810a","Nu Style Cut Creators","protected","","Barbershop","","Beauty, Grooming and Personal Care","categories","Barbershop","direct:barbershop","high","{""status"":""approved"",""approved"":null,""alias"":""nu-style-cut-creators-ct-hartford"",""slug"":null,""isComplete"":true,""completenessScore"":78,""qualityScore"":null,""isTest"":null,""auditTag"":null,""business_name"":""Nu Style Cut Creators"",""address"":""Hartford, CT 6106.0"",""city"":""Hartford"",""state"":""CT""}","unchanged","false","part_of_complete_332_public_population"
"698ff8647af60943e086810b","Mikes Barber Shop","protected","","Barbershop","","Beauty, Grooming and Personal Care","categories","Barbershop","direct:barbershop","high","{""status"":""approved"",""approved"":null,""alias"":""mikes-barber-shop-ct-middletown"",""slug"":""mikes-barber-shop-ct-middletown"",""isComplete"":true,""completenessScore"":70,""qualityScore"":70,""isTest"":null,""auditTag"":null,""business_name"":""Mikes Barber Shop"",""address"":""749 Saybrook Rd, Middletown, CT 6457.0"",""city"":""Middletown"",""state"":""CT""}","unchanged","false","part_of_complete_332_public_population"
"698ff8647af60943e086810c","Family First","protected","","Barbershop","","Beauty, Grooming and Personal Care","categories","Barbershop","direct:barbershop","high","{""status"":""approved"",""approved"":null,""alias"":""family-first-ct-waterbury"",""slug"":""family-first-ct-waterbury"",""isComplete"":true,""completenessScore"":70,""qualityScore"":70,""isTest"":null,""auditTag"":null,""business_name"":""Family First"",""address"":""509 Frost Rd, Waterbury, CT 6705.0"",""city"":""Waterbury"",""state"":""CT""}","unchanged","false","part_of_complete_332_public_population"
"698ff8647af60943e086810d","Shawne's Mane Attraction","protected","","Barbershop","","Beauty, Grooming and Personal Care","categories","Barbershop","direct:barbershop","high","{""status"":""approved"",""approved"":null,""alias"":""shawnes-mane-attraction-ct-waterbury"",""slug"":null,""isComplete"":true,""completenessScore"":78,""qualityScore"":null,""isTest"":null,""auditTag"":null,""business_name"":""Shawne's Mane Attraction"",""address"":""Waterbury, CT 6705.0"",""city"":""Waterbury"",""state"":""CT""}","unchanged","false","part_of_complete_332_public_population"
"698ff8647af60943e086810e","Doc The Barber (J Style's Barber Shop)","protected","","Barbershop","","Beauty, Grooming and Personal Care","categories","Barbershop","direct:barbershop","high","{""status"":""approved"",""approved"":null,""alias"":""doc-the-barber-j-styles-barber-shop-de-dover"",""slug"":null,""isComplete"":true,""completenessScore"":78,""qualityScore"":null,""isTest"":null,""auditTag"":null,""business_name"":""Doc The Barber (J Style's Barber Shop)"",""address"":""1032 Little Creek Rd, Dover, DE 19901"",""city"":""Dover"",""state"":""DE""}","unchanged","false","part_of_complete_332_public_population"
"698ff8647af60943e086810f","Haven House Of Hair & Shalom Styles Barbershop","protected","","Barbershop","","Beauty, Grooming and Personal Care","categories","Barbershop","direct:barbershop","high","{""status"":""approved"",""approved"":null,""alias"":""haven-house-of-hair-shalom-styles-barbershop-de-dover"",""slug"":""haven-house-of-hair-shalom-styles-barbershop-de-dover"",""isComplete"":true,""completenessScore"":70,""qualityScore"":70,""isTest"":null,""auditTag"":null,""business_name"":""Haven House Of Hair & Shalom Styles Barbershop"",""address"":""1365 N Dupont Hwy, Dover, DE 19901"",""city"":""Dover"",""state"":""DE""}","unchanged","false","part_of_complete_332_public_population"
"698ff8647af60943e0868110","Mature Male Barber Suite","protected","","Barbershop","","Beauty, Grooming and Personal Care","categories","Barbershop","direct:barbershop","high","{""status"":""approved"",""approved"":null,""alias"":""mature-male-barber-suite-de-new-castle"",""slug"":""mature-male-barber-suite-de-new-castle"",""isComplete"":true,""completenessScore"":70,""qualityScore"":70,""isTest"":null,""auditTag"":null,""business_name"":""Mature Male Barber Suite"",""address"":""166 S Dupont Hwy Suite 500, New Castle, DE 19720"",""city"":""New Castle"",""state"":""DE""}","unchanged","false","part_of_complete_332_public_population"
"698ff8647af60943e0868111","MT Barber Shop LLC","protected","","Barbershop","","Beauty, Grooming and Personal Care","categories","Barbershop","direct:barbershop","high","{""status"":""approved"",""approved"":null,""alias"":""mt-barber-shop-llc-de-newark"",""slug"":null,""isComplete"":true,""completenessScore"":78,""qualityScore"":null,""isTest"":null,""auditTag"":null,""business_name"":""MT Barber Shop LLC"",""address"":""73 Marrows Rd, Newark, DE 19713"",""city"":""Newark"",""state"":""DE""}","unchanged","false","part_of_complete_332_public_population"
"698ff8647af60943e0868112","Black Visionary Designers Barber Salon","protected","","Barbershop","","Beauty, Grooming and Personal Care","categories","Barbershop","direct:barbershop","high","{""status"":""approved"",""approved"":null,""alias"":""black-visionary-designers-barber-salon-de-wilmington"",""slug"":""black-visionary-designers-barber-salon-de-wilmington"",""isComplete"":true,""completenessScore"":70,""qualityScore"":70,""isTest"":null,""auditTag"":null,""business_name"":""Black Visionary Designers Barber Salon"",""address"":""Wilmington, DE 19801"",""city"":""Wilmington"",""state"":""DE""}","unchanged","false","part_of_complete_332_public_population"
"698ff8647af60943e0868113","Clean Kutz Barber Shop","protected","","Barbershop","","Beauty, Grooming and Personal Care","categories","Barbershop","direct:barbershop","high","{""status"":""approved"",""approved"":null,""alias"":""clean-kutz-barber-shop-fl-cape-coral"",""slug"":""clean-kutz-barber-shop-fl-cape-coral"",""isComplete"":true,""completenessScore"":70,""qualityScore"":70,""isTest"":null,""auditTag"":null,""business_name"":""Clean Kutz Barber Shop"",""address"":""2003 Del Prado Blvd S, Cape Coral, FL"",""city"":""Cape Coral"",""state"":""FL""}","unchanged","false","part_of_complete_332_public_population"
"698ff8647af60943e0868114","Top-Notch Barbershop","protected","","Barbershop","","Beauty, Grooming and Personal Care","categories","Barbershop","direct:barbershop","high","{""status"":""approved"",""approved"":null,""alias"":""top-notch-barbershop-fl-jacksonville"",""slug"":""top-notch-barbershop-fl-jacksonville"",""isComplete"":true,""completenessScore"":70,""qualityScore"":70,""isTest"":null,""auditTag"":null,""business_name"":""Top-Notch Barbershop"",""address"":""205 N Julia St Suite 101, Jacksonville, FL"",""city"":""Jacksonville"",""state"":""FL""}","unchanged","false","part_of_complete_332_public_population"
"698ff8647af60943e0868115","Cut N Corners Barbershop","protected","","Barbershop","","Beauty, Grooming and Personal Care","categories","Barbershop","direct:barbershop","high","{""status"":""approved"",""approved"":null,""alias"":""cut-n-corners-barbershop-fl-pembroke-pines"",""slug"":null,""isComplete"":true,""completenessScore"":78,""qualityScore"":null,""isTest"":null,""auditTag"":null,""business_name"":""Cut N Corners Barbershop"",""address"":""8901 Pembroke Rd, Pembroke Pines, FL"",""city"":""Pembroke Pines"",""state"":""FL""}","unchanged","false","part_of_complete_332_public_population"
"698ff8647af60943e0868116","Central Station Barbershop and Groomer","protected","","Barbershop","","Beauty, Grooming and Personal Care","categories","Barbershop","direct:barbershop","high","{""status"":""approved"",""approved"":null,""alias"":""central-station-barbershop-and-groomer-fl-st-petersburg"",""slug"":null,""isComplete"":true,""completenessScore"":78,""qualityScore"":null,""isTest"":null,""auditTag"":null,""business_name"":""Central Station Barbershop and Groomer"",""address"":""2325 Central Ave, St. Petersburg, FL"",""city"":""St. Petersburg"",""state"":""FL""}","unchanged","false","part_of_complete_332_public_population"
"698ff8647af60943e0868117","La Etika Barber Shop","protected","","Barbershop","","Beauty, Grooming and Personal Care","categories","Barbershop","direct:barbershop","high","{""status"":""approved"",""approved"":null,""alias"":""la-etika-barber-shop-fl-tampa"",""slug"":""la-etika-barber-shop-fl-tampa"",""isComplete"":true,""completenessScore"":70,""qualityScore"":70,""isTest"":null,""auditTag"":null,""business_name"":""La Etika Barber Shop"",""address"":""904 W Waters Ave, Tampa, FL"",""city"":""Tampa"",""state"":""FL""}","unchanged","false","part_of_complete_332_public_population"
"698ff8647af60943e0868118","Kindred Barber and Beauty Academy","protected","","Barbershop","","Beauty, Grooming and Personal Care","categories","Barbershop","direct:barbershop","high","{""status"":""approved"",""approved"":null,""alias"":""kindred-barber-and-beauty-academy-ga-austell"",""slug"":null,""isComplete"":true,""completenessScore"":78,""qualityScore"":null,""isTest"":null,""auditTag"":null,""business_name"":""Kindred Barber and Beauty Academy"",""address"":""4141 Austell Rd, Suite 100, Austell, GA 30168"",""city"":""Austell"",""state"":""GA""}","unchanged","false","part_of_complete_332_public_population"
"698ff8647af60943e0868119","NY Freshh Cutz Barber Shop","protected","","Barbershop","","Beauty, Grooming and Personal Care","categories","Barbershop","direct:barbershop","high","{""status"":""approved"",""approved"":null,""alias"":""ny-freshh-cutz-barber-shop-ga-byron"",""slug"":null,""isComplete"":true,""completenessScore"":78,""qualityScore"":null,""isTest"":null,""auditTag"":null,""business_name"":""NY Freshh Cutz Barber Shop"",""address"":""120 GA Hwy 49 S, Byron, GA 31008"",""city"":""Byron"",""state"":""GA""}","unchanged","false","part_of_complete_332_public_population"
"698ff8647af60943e086811a","Premier Barber Lounge & Salon, LLC","protected","","Barbershop","","Beauty, Grooming and Personal Care","categories","Barbershop","direct:barbershop","high","{""status"":""approved"",""approved"":null,""alias"":""premier-barber-lounge-salon-llc-ga-grovetown"",""slug"":null,""isComplete"":true,""completenessScore"":78,""qualityScore"":null,""isTest"":null,""auditTag"":null,""business_name"":""Premier Barber Lounge & Salon, LLC"",""address"":""954 Branch Ct, Grovetown, GA 30813"",""city"":""Grovetown"",""state"":""GA""}","unchanged","false","part_of_complete_332_public_population"
"698ff8647af60943e086811c","N D Kutz Barber Shop","protected","","Barbershop","","Beauty, Grooming and Personal Care","categories","Barbershop","direct:barbershop","high","{""status"":""approved"",""approved"":null,""alias"":""n-d-kutz-barber-shop-ga-lithia-springs"",""slug"":null,""isComplete"":true,""completenessScore"":78,""qualityScore"":null,""isTest"":null,""auditTag"":null,""business_name"":""N D Kutz Barber Shop"",""address"":""1100 Veterans Memorial Hwy, Lithia Springs, GA 30122"",""city"":""Lithia Springs"",""state"":""GA""}","unchanged","false","part_of_complete_332_public_population"
"698ff8647af60943e086811d","Flava & Da Wig","protected","","Barbershop","","Beauty, Grooming and Personal Care","categories","Barbershop","direct:barbershop","high","{""status"":""approved"",""approved"":null,""alias"":""flava-and-da-wig-hi-honolulu"",""slug"":""flava-and-da-wig-hi-honolulu"",""isComplete"":true,""completenessScore"":70,""qualityScore"":70,""isTest"":null,""auditTag"":null,""business_name"":""Flava & Da Wig"",""address"":""1750 Kalakaua Ave #112, Honolulu, HI 96826"",""city"":""Honolulu"",""state"":""HI""}","unchanged","false","part_of_complete_332_public_population"
"698ff8647af60943e0868120","Clark St Barber Shop","protected","","Barbershop","","Beauty, Grooming and Personal Care","categories","Barbershop","direct:barbershop","high","{""status"":""approved"",""approved"":null,""alias"":""clark-st-barber-shop-il-chicago"",""slug"":""clark-st-barber-shop-il-chicago"",""isComplete"":true,""completenessScore"":70,""qualityScore"":70,""isTest"":null,""auditTag"":null,""business_name"":""Clark St Barber Shop"",""address"":""4737 N Clark St Unit 1N, Chicago, IL 60640"",""city"":""Chicago"",""state"":""IL""}","unchanged","false","part_of_complete_332_public_population"
"698ff8647af60943e0868121","Montez Barber Studio","protected","","Barbershop","","Beauty, Grooming and Personal Care","categories","Barbershop","direct:barbershop","high","{""status"":""approved"",""approved"":null,""alias"":""montez-barber-studio-il-chicago"",""slug"":""montez-barber-studio-il-chicago"",""isComplete"":true,""completenessScore"":70,""qualityScore"":70,""isTest"":null,""auditTag"":null,""business_name"":""Montez Barber Studio"",""address"":""2043 W Grand Ave, Chicago, IL 60612"",""city"":""Chicago"",""state"":""IL""}","unchanged","false","part_of_complete_332_public_population"
"698ff8647af60943e0868122","Pro-Scissions Barber, Beauty & Nail Salon","protected","","Barbershop","","Beauty, Grooming and Personal Care","categories","Barbershop","direct:barbershop","high","{""status"":""approved"",""approved"":null,""alias"":""pro-scissions-barber-beauty-nail-salon-il-homewood"",""slug"":null,""isComplete"":true,""completenessScore"":78,""qualityScore"":null,""isTest"":null,""auditTag"":null,""business_name"":""Pro-Scissions Barber, Beauty & Nail Salon"",""address"":""18831 Dixie Hwy, Homewood, IL 60430"",""city"":""Homewood"",""state"":""IL""}","unchanged","false","part_of_complete_332_public_population"
"698ff8647af60943e0868123","RSMBL BARBER STUDIO","protected","","Barbershop","","Beauty, Grooming and Personal Care","categories","Barbershop","direct:barbershop","high","{""status"":""approved"",""approved"":null,""alias"":""rsmbl-barber-studio-il-oak-brook"",""slug"":""rsmbl-barber-studio-il-oak-brook"",""isComplete"":true,""completenessScore"":70,""qualityScore"":70,""isTest"":null,""auditTag"":null,""business_name"":""RSMBL BARBER STUDIO"",""address"":""2044 York Rd Ste 105, Oak Brook, IL 60523"",""city"":""Oak Brook"",""state"":""IL""}","unchanged","false","part_of_complete_332_public_population"
"698ff8647af60943e0868124","Mondu barber suite","protected","","Barbershop","","Beauty, Grooming and Personal Care","categories","Barbershop","direct:barbershop","high","{""status"":""approved"",""approved"":null,""alias"":""mondu-barber-suite-il-skokie"",""slug"":null,""isComplete"":true,""completenessScore"":78,""qualityScore"":null,""isTest"":null,""auditTag"":null,""business_name"":""Mondu barber suite"",""address"":""8841 Lavergne Ave, Skokie, IL 60077"",""city"":""Skokie"",""state"":""IL""}","unchanged","false","part_of_complete_332_public_population"
"698ff8647af60943e0868125","The Gallery Hair & Barber Lounge","protected","","Barbershop","","Beauty, Grooming and Personal Care","categories","Barbershop","direct:barbershop","high","{""status"":""approved"",""approved"":null,""alias"":""the-gallery-hair-barber-lounge-in-fort-wayne"",""slug"":null,""isComplete"":true,""completenessScore"":78,""qualityScore"":null,""isTest"":null,""auditTag"":null,""business_name"":""The Gallery Hair & Barber Lounge"",""address"":""10346 Castile Rd, Fort Wayne, IN 46825"",""city"":""Fort Wayne"",""state"":""IN""}","unchanged","false","part_of_complete_332_public_population"
"698ff8647af60943e0868126","Willz Da Barber","protected","","Barbershop","","Beauty, Grooming and Personal Care","categories","Barbershop","direct:barbershop","high","{""status"":""approved"",""approved"":null,""alias"":""willz-da-barber-in-hammond"",""slug"":null,""isComplete"":true,""completenessScore"":78,""qualityScore"":null,""isTest"":null,""auditTag"":null,""business_name"":""Willz Da Barber"",""address"":""5636 Hohman Ave, Hammond, IN 46320"",""city"":""Hammond"",""state"":""IN""}","unchanged","false","part_of_complete_332_public_population"
"698ff8647af60943e0868127","Bullees Barber & Beauty Salon","protected","","Barbershop","","Beauty, Grooming and Personal Care","categories","Barbershop","direct:barbershop","high","{""status"":""approved"",""approved"":null,""alias"":""bullees-barber-beauty-salon-in-indianapolis"",""slug"":null,""isComplete"":true,""completenessScore"":78,""qualityScore"":null,""isTest"":null,""auditTag"":null,""business_name"":""Bullees Barber & Beauty Salon"",""address"":""3702 W 16th St Ste A&B, Indianapolis, IN 46222"",""city"":""Indianapolis"",""state"":""IN""}","unchanged","false","part_of_complete_332_public_population"
"698ff8647af60943e0868128","New Element Barber","protected","","Barbershop","","Beauty, Grooming and Personal Care","categories","Barbershop","direct:barbershop","high","{""status"":""approved"",""approved"":null,""alias"":""new-element-barber-in-indianapolis"",""slug"":""new-element-barber-in-indianapolis"",""isComplete"":true,""completenessScore"":70,""qualityScore"":70,""isTest"":null,""auditTag"":null,""business_name"":""New Element Barber"",""address"":""710 E 56th St, Indianapolis, IN 46220"",""city"":""Indianapolis"",""state"":""IN""}","unchanged","false","part_of_complete_332_public_population"
"698ff8647af60943e0868129","RobKie Studio Barber/Beauty","protected","","Barbershop","","Beauty, Grooming and Personal Care","categories","Barbershop","direct:barbershop","high","{""status"":""approved"",""approved"":null,""alias"":""robkie-studio-barber-beauty-in-indianapolis"",""slug"":null,""isComplete"":true,""completenessScore"":78,""qualityScore"":null,""isTest"":null,""auditTag"":null,""business_name"":""RobKie Studio Barber/Beauty"",""address"":""8095 W Washington St, Indianapolis, IN 46224"",""city"":""Indianapolis"",""state"":""IN""}","unchanged","false","part_of_complete_332_public_population"
"698ff8647af60943e086812b","Fades Barbershop","protected","","Barbershop","","Beauty, Grooming and Personal Care","categories","Barbershop","direct:barbershop","high","{""status"":""approved"",""approved"":null,""alias"":""fades-barbershop-ky-lexington"",""slug"":""fades-barbershop-ky-lexington"",""isComplete"":true,""completenessScore"":70,""qualityScore"":70,""isTest"":null,""auditTag"":null,""business_name"":""Fades Barbershop"",""address"":""200 W 3rd St, Lexington, KY 40508"",""city"":""Lexington"",""state"":""KY""}","unchanged","false","part_of_complete_332_public_population"
"698ff8647af60943e086812c","Katana Kutz","protected","","Barbershop","","Beauty, Grooming and Personal Care","categories","Barbershop","direct:barbershop","high","{""status"":""approved"",""approved"":null,""alias"":""katana-kutz-ky-lexington"",""slug"":null,""isComplete"":true,""completenessScore"":78,""qualityScore"":null,""isTest"":null,""auditTag"":null,""business_name"":""Katana Kutz"",""address"":""1070 Chinoe Rd #100, Lexington, KY 40502"",""city"":""Lexington"",""state"":""KY""}","unchanged","false","part_of_complete_332_public_population"
"698ff8647af60943e086812d","RexCutz Barbershop","protected","","Barbershop","","Beauty, Grooming and Personal Care","categories","Barbershop","direct:barbershop","high","{""status"":""approved"",""approved"":null,""alias"":""rexcutz-barbershop-ky-lexington"",""slug"":""rexcutz-barbershop-ky-lexington"",""isComplete"":true,""completenessScore"":70,""qualityScore"":70,""isTest"":null,""auditTag"":null,""business_name"":""RexCutz Barbershop"",""address"":""2308 Sir Barton Way Ste 120, Unit 205, Lexington, KY 40509"",""city"":""Lexington"",""state"":""KY""}","unchanged","false","part_of_complete_332_public_population"
"698ff8647af60943e086812e","Excellent Cuts","protected","","Barbershop","","Beauty, Grooming and Personal Care","categories","Barbershop","direct:barbershop","high","{""status"":""approved"",""approved"":null,""alias"":""excellent-cuts-ky-louisville"",""slug"":null,""isComplete"":true,""completenessScore"":78,""qualityScore"":null,""isTest"":null,""auditTag"":null,""business_name"":""Excellent Cuts"",""address"":""2810 Patti Ln, Louisville, KY 40299"",""city"":""Louisville"",""state"":""KY""}","unchanged","false","part_of_complete_332_public_population"
"698ff8647af60943e086812f","Julo The Barber","protected","","Barbershop","","Beauty, Grooming and Personal Care","categories","Barbershop","direct:barbershop","high","{""status"":""approved"",""approved"":null,""alias"":""julo-the-barber-ky-louisville"",""slug"":null,""isComplete"":true,""completenessScore"":78,""qualityScore"":null,""isTest"":null,""auditTag"":null,""business_name"":""Julo The Barber"",""address"":""3038 Hunsinger Ln Suite 101, Louisville, KY 40220"",""city"":""Louisville"",""state"":""KY""}","unchanged","false","part_of_complete_332_public_population"
"698ff8647af60943e0868130","Top of the Line Barbershop","protected","","Barbershop","","Beauty, Grooming and Personal Care","categories","Barbershop","direct:barbershop","high","{""status"":""approved"",""approved"":null,""alias"":""top-of-the-line-barbershop-la-baton-rouge"",""slug"":null,""isComplete"":true,""completenessScore"":78,""qualityScore"":null,""isTest"":null,""auditTag"":null,""business_name"":""Top of the Line Barbershop"",""address"":""Baton Rouge, LA"",""city"":""Baton Rouge"",""state"":""LA""}","unchanged","false","part_of_complete_332_public_population"
"698ff8647af60943e0868131","Who's Next? Inc. Barber, Beauty & Beyond","protected","","Barbershop","","Beauty, Grooming and Personal Care","categories","Barbershop","direct:barbershop","high","{""status"":""approved"",""approved"":null,""alias"":""who-s-next-inc-barber-beauty-beyond-la-lake-charles"",""slug"":null,""isComplete"":true,""completenessScore"":78,""qualityScore"":null,""isTest"":null,""auditTag"":null,""business_name"":""Who's Next? Inc. Barber, Beauty & Beyond"",""address"":""Lake Charles, LA 70601"",""city"":""Lake Charles"",""state"":""LA""}","unchanged","false","part_of_complete_332_public_population"
"698ff8647af60943e0868132","Canal Place Barber & Nail Salon","protected","","Barbershop","","Beauty, Grooming and Personal Care","categories","Barbershop","direct:barbershop","high","{""status"":""approved"",""approved"":null,""alias"":""canal-place-barber-nail-salon-la-new-orleans"",""slug"":""canal-place-barber-nail-salon-la-new-orleans"",""isComplete"":true,""completenessScore"":70,""qualityScore"":70,""isTest"":null,""auditTag"":null,""business_name"":""Canal Place Barber & Nail Salon"",""address"":""333 Canal St, New Orleans, LA 70130"",""city"":""New Orleans"",""state"":""LA""}","unchanged","false","part_of_complete_332_public_population"
"698ff8647af60943e0868134","WHO DAT Barbershop Inc.","protected","","Barbershop","","Beauty, Grooming and Personal Care","categories","Barbershop","direct:barbershop","high","{""status"":""approved"",""approved"":null,""alias"":""who-dat-barbershop-inc-la-new-orleans"",""slug"":""who-dat-barbershop-inc-la-new-orleans"",""isComplete"":true,""completenessScore"":70,""qualityScore"":70,""isTest"":null,""auditTag"":null,""business_name"":""WHO DAT Barbershop Inc."",""address"":""2855 N Claiborne Ave, New Orleans, LA 70122"",""city"":""New Orleans"",""state"":""LA""}","unchanged","false","part_of_complete_332_public_population"
"698ff8647af60943e0868135","Hair It Is","protected","","Barbershop","","Beauty, Grooming and Personal Care","categories","Barbershop","direct:barbershop","high","{""status"":""approved"",""approved"":null,""alias"":""hair-it-is-ma-boston"",""slug"":""hair-it-is-ma-boston"",""isComplete"":true,""completenessScore"":70,""qualityScore"":70,""isTest"":null,""auditTag"":null,""business_name"":""Hair It Is"",""address"":""1186 Blue Hill Ave., Boston, MA 2126.0"",""city"":""Boston"",""state"":""MA""}","unchanged","false","part_of_complete_332_public_population"
"698ff8647af60943e0868136","Tight Image Barber Shop","protected","","Barbershop","Grooming","","","","","","{""status"":""approved"",""approved"":null,""alias"":""tight-image-barber-shop-md-baltimore"",""slug"":""tight-image-barber-shop-md-baltimore"",""isComplete"":true,""completenessScore"":70,""qualityScore"":70,""isTest"":null,""auditTag"":null,""business_name"":""Tight Image Barber Shop"",""address"":""427 N Eutaw St, Baltimore, MD 21201"",""city"":""Baltimore"",""state"":""MD""}","unchanged","false","part_of_complete_332_public_population"
"698ff8647af60943e0868137","York Road Barbers","protected","","Barbershop","","Beauty, Grooming and Personal Care","categories","Barbershop","direct:barbershop","high","{""status"":""approved"",""approved"":null,""alias"":""york-road-barbers-md-baltimore"",""slug"":null,""isComplete"":true,""completenessScore"":78,""qualityScore"":null,""isTest"":null,""auditTag"":null,""business_name"":""York Road Barbers"",""address"":""4212 York Rd, Baltimore, MD 21212"",""city"":""Baltimore"",""state"":""MD""}","unchanged","false","part_of_complete_332_public_population"
"698ff8647af60943e0868138","Brandon The Barber Cut and Design","protected","","Barbershop","","Beauty, Grooming and Personal Care","categories","Barbershop","direct:barbershop","high","{""status"":""approved"",""approved"":null,""alias"":""brandon-the-barber-cut-and-design-md-greenbelt"",""slug"":""brandon-the-barber-cut-and-design-md-greenbelt"",""isComplete"":true,""completenessScore"":70,""qualityScore"":70,""isTest"":null,""auditTag"":null,""business_name"":""Brandon The Barber Cut and Design"",""address"":""7525 Greenbelt Rd, Greenbelt, MD 20770"",""city"":""Greenbelt"",""state"":""MD""}","unchanged","false","part_of_complete_332_public_population"
"698ff8647af60943e0868139","MD City Barbers","protected","","Barbershop","","Beauty, Grooming and Personal Care","categories","Barbershop","direct:barbershop","high","{""status"":""approved"",""approved"":null,""alias"":""md-city-barbers-md-laurel"",""slug"":null,""isComplete"":true,""completenessScore"":78,""qualityScore"":null,""isTest"":null,""auditTag"":null,""business_name"":""MD City Barbers"",""address"":""3419 Laurel Fort Meade Rd, Laurel, MD 20724"",""city"":""Laurel"",""state"":""MD""}","unchanged","false","part_of_complete_332_public_population"
"698ff8647af60943e086813a","Comfort Cuts","protected","","Barbershop","","Beauty, Grooming and Personal Care","categories","Barbershop","direct:barbershop","high","{""status"":""approved"",""approved"":null,""alias"":""comfort-cuts-md-towson"",""slug"":""comfort-cuts-md-towson"",""isComplete"":true,""completenessScore"":70,""qualityScore"":70,""isTest"":null,""auditTag"":null,""business_name"":""Comfort Cuts"",""address"":""400 York Rd Second Floor, Towson, MD 21204"",""city"":""Towson"",""state"":""MD""}","unchanged","false","part_of_complete_332_public_population"
"698ff8647af60943e086813d","Fades of Gray","protected","","Barbershop","","Beauty, Grooming and Personal Care","categories","Barbershop","direct:barbershop","high","{""status"":""approved"",""approved"":null,""alias"":""fades-of-gray-mn-minneapolis"",""slug"":""fades-of-gray-mn-minneapolis"",""isComplete"":true,""completenessScore"":70,""qualityScore"":70,""isTest"":null,""auditTag"":null,""business_name"":""Fades of Gray"",""address"":""715 S. 10th St., Minneapolis, MN 55404"",""city"":""Minneapolis"",""state"":""MN""}","unchanged","false","part_of_complete_332_public_population"
"698ff8647af60943e086813e","Straight Line Barbershop LLC","protected","","Barbershop","","Beauty, Grooming and Personal Care","categories","Barbershop","direct:barbershop","high","{""status"":""approved"",""approved"":null,""alias"":""straight-line-barbershop-llc-mo-blue-springs"",""slug"":""straight-line-barbershop-llc-mo-blue-springs"",""isComplete"":true,""completenessScore"":70,""qualityScore"":70,""isTest"":null,""auditTag"":null,""business_name"":""Straight Line Barbershop LLC"",""address"":""627 NW Mock Ave, Blue Springs, MO 64015"",""city"":""Blue Springs"",""state"":""MO""}","unchanged","false","part_of_complete_332_public_population"
"698ff8647af60943e086813f","The Solewtion Barbershop","protected","","Barbershop","","Beauty, Grooming and Personal Care","categories","Barbershop","direct:barbershop","high","{""status"":""approved"",""approved"":null,""alias"":""the-solewtion-barbershop-mo-independence"",""slug"":null,""isComplete"":true,""completenessScore"":78,""qualityScore"":null,""isTest"":null,""auditTag"":null,""business_name"":""The Solewtion Barbershop"",""address"":""18813 E US Highway 40, Independence, MO 64055"",""city"":""Independence"",""state"":""MO""}","unchanged","false","part_of_complete_332_public_population"
"698ff8647af60943e0868140","Truth Barbershop & Loc salon","protected","","Barbershop","","Beauty, Grooming and Personal Care","categories","Barbershop","direct:barbershop","high","{""status"":""approved"",""approved"":null,""alias"":""truth-barbershop-loc-salon-mo-independence"",""slug"":""truth-barbershop-loc-salon-mo-independence"",""isComplete"":true,""completenessScore"":70,""qualityScore"":70,""isTest"":null,""auditTag"":null,""business_name"":""Truth Barbershop & Loc salon"",""address"":""1218 S Noland Rd, Independence, MO 64055"",""city"":""Independence"",""state"":""MO""}","unchanged","false","part_of_complete_332_public_population"
"698ff8647af60943e0868141","Elegant Hair and Barbershop","protected","","Barbershop","","Beauty, Grooming and Personal Care","categories","Barbershop","direct:barbershop","high","{""status"":""approved"",""approved"":null,""alias"":""elegant-hair-and-barbershop-mo-kansas-city"",""slug"":null,""isComplete"":true,""completenessScore"":78,""qualityScore"":null,""isTest"":null,""auditTag"":null,""business_name"":""Elegant Hair and Barbershop"",""address"":""11128 Blue Ridge Blvd, Kansas City, MO 64134"",""city"":""Kansas City"",""state"":""MO""}","unchanged","false","part_of_complete_332_public_population"
"698ff8647af60943e0868142","2 K Styles Barber","protected","","Barbershop","","Beauty, Grooming and Personal Care","categories","Barbershop","direct:barbershop","high","{""status"":""approved"",""approved"":null,""alias"":""2-k-styles-barber-mo-st-ann"",""slug"":""2-k-styles-barber-mo-st-ann"",""isComplete"":true,""completenessScore"":70,""qualityScore"":70,""isTest"":null,""auditTag"":null,""business_name"":""2 K Styles Barber"",""address"":""10464 St Charles Rock Rd, St Ann, MO 63074"",""city"":""St Ann"",""state"":""MO""}","unchanged","false","part_of_complete_332_public_population"
"698ff8647af60943e0868143","D Lux Barber Studio","protected","","Barbershop","","Beauty, Grooming and Personal Care","categories","Barbershop","direct:barbershop","high","{""status"":""approved"",""approved"":null,""alias"":""d-lux-barber-studio-ms-clinton"",""slug"":""d-lux-barber-studio-ms-clinton"",""isComplete"":true,""completenessScore"":70,""qualityScore"":70,""isTest"":null,""auditTag"":null,""business_name"":""D Lux Barber Studio"",""address"":""Clinton, MS 39056"",""city"":""Clinton"",""state"":""MS""}","unchanged","false","part_of_complete_332_public_population"
"698ff8647af60943e0868144","One Call Paul Barber & Beauty Salon","protected","","Barbershop","","Beauty, Grooming and Personal Care","categories","Barbershop","direct:barbershop","high","{""status"":""approved"",""approved"":null,""alias"":""one-call-paul-barber-beauty-salon-ms-gulfport"",""slug"":null,""isComplete"":true,""completenessScore"":78,""qualityScore"":null,""isTest"":null,""auditTag"":null,""business_name"":""One Call Paul Barber & Beauty Salon"",""address"":""11310 Three Rivers Rd, Gulfport, MS 39503"",""city"":""Gulfport"",""state"":""MS""}","unchanged","false","part_of_complete_332_public_population"
"698ff8647af60943e0868145","Oasis Grooming Barbershop","protected","","Barbershop","","Beauty, Grooming and Personal Care","categories","Barbershop","direct:barbershop","high","{""status"":""approved"",""approved"":null,""alias"":""oasis-grooming-barbershop-ms-horn-lake"",""slug"":""oasis-grooming-barbershop-ms-horn-lake"",""isComplete"":true,""completenessScore"":70,""qualityScore"":70,""isTest"":null,""auditTag"":null,""business_name"":""Oasis Grooming Barbershop"",""address"":""3330 Goodman Rd W #C, Horn Lake, MS 38637"",""city"":""Horn Lake"",""state"":""MS""}","unchanged","false","part_of_complete_332_public_population"
"698ff8647af60943e0868146","Executive Hair Designs (Full Service Barber Shop & Hair Salon)","protected","","Barbershop","","Beauty, Grooming and Personal Care","categories","Barbershop","direct:barbershop","high","{""status"":""approved"",""approved"":null,""alias"":""executive-hair-designs-full-service-barber-shop-hair-salon-ms-jackson"",""slug"":null,""isComplete"":true,""completenessScore"":78,""qualityScore"":null,""isTest"":null,""auditTag"":null,""business_name"":""Executive Hair Designs (Full Service Barber Shop & Hair Salon)"",""address"":""2229 W Capitol St, Jackson, MS 39209"",""city"":""Jackson"",""state"":""MS""}","unchanged","false","part_of_complete_332_public_population"
"698ff8647af60943e0868147","Madam's Palace Beauty & Barber Salon","protected","","Barbershop","","Beauty, Grooming and Personal Care","categories","Barbershop","direct:barbershop","high","{""status"":""approved"",""approved"":null,""alias"":""madam-s-palace-beauty-barber-salon-ms-walls"",""slug"":""madam-s-palace-beauty-barber-salon-ms-walls"",""isComplete"":true,""completenessScore"":70,""qualityScore"":70,""isTest"":null,""auditTag"":null,""business_name"":""Madam's Palace Beauty & Barber Salon"",""address"":""6680 Hwy 305 N, Walls, MS 38680"",""city"":""Walls"",""state"":""MS""}","unchanged","false","part_of_complete_332_public_population"
"698ff8647af60943e0868148","VIP Barber Lounge (Belgrade)","protected","","Barbershop","","Beauty, Grooming and Personal Care","categories","Barbershop","direct:barbershop","high","{""status"":""approved"",""approved"":null,""alias"":""vip-barber-lounge-belgrade-mt-belgrade"",""slug"":""vip-barber-lounge-belgrade-mt-belgrade"",""isComplete"":true,""completenessScore"":70,""qualityScore"":70,""isTest"":null,""auditTag"":null,""business_name"":""VIP Barber Lounge (Belgrade)"",""address"":""6151 Jackrabbit Ln Suite 6B, Belgrade, MT 59714"",""city"":""Belgrade"",""state"":""MT""}","unchanged","false","part_of_complete_332_public_population"
"698ff8647af60943e0868149","VIP Barber Lounge (Bozeman)","protected","","Barbershop","","Beauty, Grooming and Personal Care","categories","Barbershop","direct:barbershop","high","{""status"":""approved"",""approved"":null,""alias"":""vip-barber-lounge-bozeman-mt-bozeman"",""slug"":""vip-barber-lounge-bozeman-mt-bozeman"",""isComplete"":true,""completenessScore"":70,""qualityScore"":70,""isTest"":null,""auditTag"":null,""business_name"":""VIP Barber Lounge (Bozeman)"",""address"":""910 N 7th Ave Suite 112E, Bozeman, MT 59715"",""city"":""Bozeman"",""state"":""MT""}","unchanged","false","part_of_complete_332_public_population"
"698ff8647af60943e086814a","Headlines Barbershop","protected","","Barbershop","","Beauty, Grooming and Personal Care","categories","Barbershop","direct:barbershop","high","{""status"":""approved"",""approved"":null,""alias"":""headlines-barbershop-nc-charlotte"",""slug"":null,""isComplete"":true,""completenessScore"":78,""qualityScore"":null,""isTest"":null,""auditTag"":null,""business_name"":""Headlines Barbershop"",""address"":""5309 E Independence Blvd Suite C, Charlotte, NC"",""city"":""Charlotte"",""state"":""NC""}","unchanged","false","part_of_complete_332_public_population"
"698ff8647af60943e086814b","Tobacco Road Barber & Beauty Shop","protected","","Barbershop","","Beauty, Grooming and Personal Care","categories","Barbershop","direct:barbershop","high","{""status"":""approved"",""approved"":null,""alias"":""tobacco-road-barber-beauty-shop-nc-durham"",""slug"":""tobacco-road-barber-beauty-shop-nc-durham"",""isComplete"":true,""completenessScore"":70,""qualityScore"":70,""isTest"":null,""auditTag"":null,""business_name"":""Tobacco Road Barber & Beauty Shop"",""address"":""2420 Guess Rd Suite 12, Durham, NC"",""city"":""Durham"",""state"":""NC""}","unchanged","false","part_of_complete_332_public_population"
"698ff8647af60943e086814c","Man Cave Barbershop","protected","","Barbershop","","Beauty, Grooming and Personal Care","categories","Barbershop","direct:barbershop","high","{""status"":""approved"",""approved"":null,""alias"":""man-cave-barbershop-nc-lillington"",""slug"":""man-cave-barbershop-nc-lillington"",""isComplete"":true,""completenessScore"":70,""qualityScore"":70,""isTest"":null,""auditTag"":null,""business_name"":""Man Cave Barbershop"",""address"":""1209 N Main St, Lillington, NC"",""city"":""Lillington"",""state"":""NC""}","unchanged","false","part_of_complete_332_public_population"
"698ff8647af60943e086814d","Creation N U Barber Studio","protected","","Barbershop","","Beauty, Grooming and Personal Care","categories","Barbershop","direct:barbershop","high","{""status"":""approved"",""approved"":null,""alias"":""creation-n-u-barber-studio-nc-raleigh"",""slug"":""creation-n-u-barber-studio-nc-raleigh"",""isComplete"":true,""completenessScore"":70,""qualityScore"":70,""isTest"":null,""auditTag"":null,""business_name"":""Creation N U Barber Studio"",""address"":""1033 S Rogers Ln #101, Raleigh, NC"",""city"":""Raleigh"",""state"":""NC""}","unchanged","false","part_of_complete_332_public_population"
"698ff8647af60943e086814e","Studio 108 Upscale Barber Shop","protected","","Barbershop","","Beauty, Grooming and Personal Care","categories","Barbershop","direct:barbershop","high","{""status"":""approved"",""approved"":null,""alias"":""studio-108-upscale-barber-shop-nc-wake-forest"",""slug"":""studio-108-upscale-barber-shop-nc-wake-forest"",""isComplete"":true,""completenessScore"":70,""qualityScore"":70,""isTest"":null,""auditTag"":null,""business_name"":""Studio 108 Upscale Barber Shop"",""address"":""1894 S Franklin St Suite 100, Wake Forest, NC"",""city"":""Wake Forest"",""state"":""NC""}","unchanged","false","part_of_complete_332_public_population"
"698ff8647af60943e086814f","Roots Barbershop & Salon","protected","","Barbershop","","Beauty, Grooming and Personal Care","categories","Barbershop","direct:barbershop","high","{""status"":""approved"",""approved"":null,""alias"":""roots-barbershop-and-salon-nd-west-fargo"",""slug"":null,""isComplete"":true,""completenessScore"":78,""qualityScore"":null,""isTest"":null,""auditTag"":null,""business_name"":""Roots Barbershop & Salon"",""address"":""1115 9th St E, Suite B, West Fargo, ND 58104"",""city"":""West Fargo"",""state"":""ND""}","unchanged","false","part_of_complete_332_public_population"
"698ff8647af60943e0868150","Heavi Hitters","protected","","Barbershop","","Beauty, Grooming and Personal Care","categories","Barbershop","direct:barbershop","high","{""status"":""approved"",""approved"":null,""alias"":""heavi-hitters-ne-omaha"",""slug"":""heavi-hitters-ne-omaha"",""isComplete"":true,""completenessScore"":70,""qualityScore"":70,""isTest"":null,""auditTag"":null,""business_name"":""Heavi Hitters"",""address"":""6570 Maple St, Omaha, NE 68104"",""city"":""Omaha"",""state"":""NE""}","unchanged","false","part_of_complete_332_public_population"
"698ff8647af60943e0868152","The People's Barbershop and Shave Parlor","protected","","Barbershop","","Beauty, Grooming and Personal Care","categories","Barbershop","direct:barbershop","high","{""status"":""approved"",""approved"":null,""alias"":""the-people-s-barbershop-and-shave-parlor-nh-hanover"",""slug"":""the-people-s-barbershop-and-shave-parlor-nh-hanover"",""isComplete"":true,""completenessScore"":70,""qualityScore"":70,""isTest"":null,""auditTag"":null,""business_name"":""The People's Barbershop and Shave Parlor"",""address"":""44 Main St, Hanover, NH 3755.0"",""city"":""Hanover"",""state"":""NH""}","unchanged","false","part_of_complete_332_public_population"
"698ff8647af60943e0868153","Complete Look","protected","","Barbershop","","Beauty, Grooming and Personal Care","categories","Barbershop","direct:barbershop","high","{""status"":""approved"",""approved"":null,""alias"":""complete-look-nj-camden"",""slug"":null,""isComplete"":true,""completenessScore"":78,""qualityScore"":null,""isTest"":null,""auditTag"":null,""business_name"":""Complete Look"",""address"":""118 N 3rd St, Camden, NJ 8102.0"",""city"":""Camden"",""state"":""NJ""}","unchanged","false","part_of_complete_332_public_population"
"698ff8647af60943e0868154","Essential Blends Hair Studio (Barber services)","protected","","Barbershop","","Beauty, Grooming and Personal Care","categories","Barbershop","direct:barbershop","high","{""status"":""approved"",""approved"":null,""alias"":""essential-blends-hair-studio-barber-services-nj-camden"",""slug"":""essential-blends-hair-studio-barber-services-nj-camden"",""isComplete"":true,""completenessScore"":70,""qualityScore"":70,""isTest"":null,""auditTag"":null,""business_name"":""Essential Blends Hair Studio (Barber services)"",""address"":""118 N 3rd St, Camden, NJ 8102.0"",""city"":""Camden"",""state"":""NJ""}","unchanged","false","part_of_complete_332_public_population"
"698ff8647af60943e0868155","American Trimmers Barbershop","protected","","Barbershop","","Beauty, Grooming and Personal Care","categories","Barbershop","direct:barbershop","high","{""status"":""approved"",""approved"":null,""alias"":""american-trimmers-barbershop-nj-jersey-city"",""slug"":""american-trimmers-barbershop-nj-jersey-city"",""isComplete"":true,""completenessScore"":70,""qualityScore"":70,""isTest"":null,""auditTag"":null,""business_name"":""American Trimmers Barbershop"",""address"":""410 Martin Luther King Jr Dr, Jersey City, NJ 7304.0"",""city"":""Jersey City"",""state"":""NJ""}","unchanged","false","part_of_complete_332_public_population"
"698ff8647af60943e0868156","KobeCuts","protected","","Barbershop","","Beauty, Grooming and Personal Care","categories","Barbershop","direct:barbershop","high","{""status"":""approved"",""approved"":null,""alias"":""kobecuts-nj-jersey-city"",""slug"":""kobecuts-nj-jersey-city"",""isComplete"":true,""completenessScore"":70,""qualityScore"":70,""isTest"":null,""auditTag"":null,""business_name"":""KobeCuts"",""address"":""197 Martin Luther King Dr, Jersey City, NJ 7305.0"",""city"":""Jersey City"",""state"":""NJ""}","unchanged","false","part_of_complete_332_public_population"
"698ff8647af60943e0868157","Sandy 09 Barbershop","protected","","Barbershop","","Beauty, Grooming and Personal Care","categories","Barbershop","direct:barbershop","high","{""status"":""approved"",""approved"":null,""alias"":""sandy-09-barbershop-nj-jersey-city"",""slug"":""sandy-09-barbershop-nj-jersey-city"",""isComplete"":true,""completenessScore"":70,""qualityScore"":70,""isTest"":null,""auditTag"":null,""business_name"":""Sandy 09 Barbershop"",""address"":""258 Newark Ave, Jersey City, NJ 7302.0"",""city"":""Jersey City"",""state"":""NJ""}","unchanged","false","part_of_complete_332_public_population"
"698ff8647af60943e0868158","All Eyes On Me Barbershop","protected","","Barbershop","","Beauty, Grooming and Personal Care","categories","Barbershop","direct:barbershop","high","{""status"":""approved"",""approved"":null,""alias"":""all-eyes-on-me-barbershop-nm-albuquerque"",""slug"":null,""isComplete"":true,""completenessScore"":78,""qualityScore"":null,""isTest"":null,""auditTag"":null,""business_name"":""All Eyes On Me Barbershop"",""address"":""600 Central Ave SW, Suite 107, Albuquerque, NM 87102"",""city"":""Albuquerque"",""state"":""NM""}","unchanged","false","part_of_complete_332_public_population"
"698ff8647af60943e086815a","Black Success Barber Shop","protected","","Barbershop","","Beauty, Grooming and Personal Care","categories","Barbershop","direct:barbershop","high","{""status"":""approved"",""approved"":null,""alias"":""black-success-barber-shop-ny-brooklyn"",""slug"":""black-success-barber-shop-ny-brooklyn"",""isComplete"":true,""completenessScore"":70,""qualityScore"":70,""isTest"":null,""auditTag"":null,""business_name"":""Black Success Barber Shop"",""address"":""729 Pennsylvania Ave, Brooklyn, NY 11207"",""city"":""Brooklyn"",""state"":""NY""}","unchanged","false","part_of_complete_332_public_population"
"698ff8647af60943e086815b","Kut City Barber Shop","protected","","Barbershop","","Beauty, Grooming and Personal Care","categories","Barbershop","direct:barbershop","high","{""status"":""approved"",""approved"":null,""alias"":""kut-city-barber-shop-oh-columbus"",""slug"":""kut-city-barber-shop-oh-columbus"",""isComplete"":true,""completenessScore"":70,""qualityScore"":70,""isTest"":null,""auditTag"":null,""business_name"":""Kut City Barber Shop"",""address"":""1485 E Dublin Granville Rd, Columbus, OH 43229"",""city"":""Columbus"",""state"":""OH""}","unchanged","false","part_of_complete_332_public_population"
"698ff8647af60943e086815c","Fades ""R"" Us","protected","","Barbershop","","Beauty, Grooming and Personal Care","categories","Barbershop","direct:barbershop","high","{""status"":""approved"",""approved"":null,""alias"":""fades-r-us-ok-oklahoma-city"",""slug"":""fades-r-us-ok-oklahoma-city"",""isComplete"":true,""completenessScore"":70,""qualityScore"":70,""isTest"":null,""auditTag"":null,""business_name"":""Fades \""R\"" Us"",""address"":""7916 N MacArthur Blvd, Oklahoma City, OK 73132"",""city"":""Oklahoma City"",""state"":""OK""}","unchanged","false","part_of_complete_332_public_population"
"698ff8647af60943e086815d","The Cut Connection Barbershop","protected","","Barbershop","","Beauty, Grooming and Personal Care","categories","Barbershop","direct:barbershop","high","{""status"":""approved"",""approved"":null,""alias"":""the-cut-connection-barbershop-or-salem"",""slug"":""the-cut-connection-barbershop-or-salem"",""isComplete"":true,""completenessScore"":70,""qualityScore"":70,""isTest"":null,""auditTag"":null,""business_name"":""The Cut Connection Barbershop"",""address"":""810 Commercial St SE, Salem, OR 97302"",""city"":""Salem"",""state"":""OR""}","unchanged","false","part_of_complete_332_public_population"
"698ff8647af60943e086815e","Another Planet Barber Shop, LLC","protected","","Barbershop","","Beauty, Grooming and Personal Care","categories","Barbershop","direct:barbershop","high","{""status"":""approved"",""approved"":null,""alias"":""another-planet-barber-shop-llc-pa-philadelphia"",""slug"":""another-planet-barber-shop-llc-pa-philadelphia"",""isComplete"":true,""completenessScore"":70,""qualityScore"":70,""isTest"":null,""auditTag"":null,""business_name"":""Another Planet Barber Shop, LLC"",""address"":""808 South St, 1st FL, Philadelphia, PA 19147"",""city"":""Philadelphia"",""state"":""PA""}","unchanged","false","part_of_complete_332_public_population"
"698ff8647af60943e086815f","DaPoint Barber Shop","protected","","Barbershop","","Beauty, Grooming and Personal Care","categories","Barbershop","direct:barbershop","high","{""status"":""approved"",""approved"":null,""alias"":""dapoint-barber-shop-ri-providence"",""slug"":""dapoint-barber-shop-ri-providence"",""isComplete"":true,""completenessScore"":70,""qualityScore"":70,""isTest"":null,""auditTag"":null,""business_name"":""DaPoint Barber Shop"",""address"":""107 1/2 Hope St, Providence, RI 2906.0"",""city"":""Providence"",""state"":""RI""}","unchanged","false","part_of_complete_332_public_population"
"698ff8647af60943e0868160","OG The Barber","protected","","Barbershop","","Beauty, Grooming and Personal Care","categories","Barbershop","direct:barbershop","high","{""status"":""approved"",""approved"":null,""alias"":""og-the-barber-sc-cayce"",""slug"":null,""isComplete"":true,""completenessScore"":78,""qualityScore"":null,""isTest"":null,""auditTag"":null,""business_name"":""OG The Barber"",""address"":""Cayce, SC 29033"",""city"":""Cayce"",""state"":""SC""}","unchanged","false","part_of_complete_332_public_population"
"698ff8647af60943e0868161","MarcMadness Barber Services","protected","","Barbershop","","Beauty, Grooming and Personal Care","categories","Barbershop","direct:barbershop","high","{""status"":""approved"",""approved"":null,""alias"":""marcmadness-barber-services-sc-elgin"",""slug"":null,""isComplete"":true,""completenessScore"":78,""qualityScore"":null,""isTest"":null,""auditTag"":null,""business_name"":""MarcMadness Barber Services"",""address"":""2684 Clemson Rd Suite A, Elgin, SC 29045"",""city"":""Elgin"",""state"":""SC""}","unchanged","false","part_of_complete_332_public_population"
"698ff8647af60943e0868162","Joey The Barber Barbershop","protected","","Barbershop","","Beauty, Grooming and Personal Care","categories","Barbershop","direct:barbershop","high","{""status"":""approved"",""approved"":null,""alias"":""joey-the-barber-barbershop-sc-greenville"",""slug"":null,""isComplete"":true,""completenessScore"":78,""qualityScore"":null,""isTest"":null,""auditTag"":null,""business_name"":""Joey The Barber Barbershop"",""address"":""1220 Woodruff Rd Ste F, Greenville, SC 29607"",""city"":""Greenville"",""state"":""SC""}","unchanged","false","part_of_complete_332_public_population"
"698ff8647af60943e0868163","Groom House Barber Lounge","protected","","Barbershop","","Beauty, Grooming and Personal Care","categories","Barbershop","direct:barbershop","high","{""status"":""approved"",""approved"":null,""alias"":""groom-house-barber-lounge-sc-mauldin"",""slug"":null,""isComplete"":true,""completenessScore"":78,""qualityScore"":null,""isTest"":null,""auditTag"":null,""business_name"":""Groom House Barber Lounge"",""address"":""200 E Butler Rd Ste A, Mauldin, SC 29662"",""city"":""Mauldin"",""state"":""SC""}","unchanged","false","part_of_complete_332_public_population"
"698ff8647af60943e0868164","Della's Glamour and Style Barbershop","protected","","Barbershop","","Beauty, Grooming and Personal Care","categories","Barbershop","direct:barbershop","high","{""status"":""approved"",""approved"":null,""alias"":""della-s-glamour-and-style-barbershop-sc-rock-hill"",""slug"":""della-s-glamour-and-style-barbershop-sc-rock-hill"",""isComplete"":true,""completenessScore"":70,""qualityScore"":70,""isTest"":null,""auditTag"":null,""business_name"":""Della's Glamour and Style Barbershop"",""address"":""1272 N Anderson Rd, Rock Hill, SC 29730"",""city"":""Rock Hill"",""state"":""SC""}","unchanged","false","part_of_complete_332_public_population"
"698ff8647af60943e0868165","5 Star Cutz N Salon","protected","","Barbershop","","Beauty, Grooming and Personal Care","categories","Barbershop","direct:barbershop","high","{""status"":""approved"",""approved"":null,""alias"":""5-star-cutz-n-salon-sd-sioux-falls"",""slug"":""5-star-cutz-n-salon-sd-sioux-falls"",""isComplete"":true,""completenessScore"":70,""qualityScore"":70,""isTest"":null,""auditTag"":null,""business_name"":""5 Star Cutz N Salon"",""address"":""2107 W. 49th St, Sioux Falls, SD 57105"",""city"":""Sioux Falls"",""state"":""SD""}","unchanged","false","part_of_complete_332_public_population"
"698ff8647af60943e0868166","Saleem & Sons Barber Shop","protected","","Barbershop","","Beauty, Grooming and Personal Care","categories","Barbershop","direct:barbershop","high","{""status"":""approved"",""approved"":null,""alias"":""saleem-sons-barber-shop-tn-knoxville"",""slug"":null,""isComplete"":true,""completenessScore"":78,""qualityScore"":null,""isTest"":null,""auditTag"":null,""business_name"":""Saleem & Sons Barber Shop"",""address"":""2408 E Magnolia Ave, Knoxville, TN"",""city"":""Knoxville"",""state"":""TN""}","unchanged","false","part_of_complete_332_public_population"
"698ff8647af60943e0868167","Bo Da Barber","protected","","Barbershop","","Beauty, Grooming and Personal Care","categories","Barbershop","direct:barbershop","high","{""status"":""approved"",""approved"":null,""alias"":""bo-da-barber-tn-memphis"",""slug"":null,""isComplete"":true,""completenessScore"":78,""qualityScore"":null,""isTest"":null,""auditTag"":null,""business_name"":""Bo Da Barber"",""address"":""1359 Ferguson Rd, Memphis, TN"",""city"":""Memphis"",""state"":""TN""}","unchanged","false","part_of_complete_332_public_population"
"698ff8647af60943e0868168","Dr. Chop Barber Shop","protected","","Barbershop","","Beauty, Grooming and Personal Care","categories","Barbershop","direct:barbershop","high","{""status"":""approved"",""approved"":null,""alias"":""dr-chop-barber-shop-tn-memphis"",""slug"":""dr-chop-barber-shop-tn-memphis"",""isComplete"":true,""completenessScore"":70,""qualityScore"":70,""isTest"":null,""auditTag"":null,""business_name"":""Dr. Chop Barber Shop"",""address"":""500 S Main St, Memphis, TN"",""city"":""Memphis"",""state"":""TN""}","unchanged","false","part_of_complete_332_public_population"
"698ff8647af60943e0868169","Anointed Handz Barbershop","protected","","Barbershop","","Beauty, Grooming and Personal Care","categories","Barbershop","direct:barbershop","high","{""status"":""approved"",""approved"":null,""alias"":""anointed-handz-barbershop-tn-nashville"",""slug"":""anointed-handz-barbershop-tn-nashville"",""isComplete"":true,""completenessScore"":70,""qualityScore"":70,""isTest"":null,""auditTag"":null,""business_name"":""Anointed Handz Barbershop"",""address"":""604 Gallatin Ave Suite 215, Nashville, TN"",""city"":""Nashville"",""state"":""TN""}","unchanged","false","part_of_complete_332_public_population"
"698ff8647af60943e086816a","Zelle's Barbershop LLC","protected","","Barbershop","","Beauty, Grooming and Personal Care","categories","Barbershop","direct:barbershop","high","{""status"":""approved"",""approved"":null,""alias"":""zelle-s-barbershop-llc-tn-smyrna"",""slug"":""zelle-s-barbershop-llc-tn-smyrna"",""isComplete"":true,""completenessScore"":70,""qualityScore"":70,""isTest"":null,""auditTag"":null,""business_name"":""Zelle's Barbershop LLC"",""address"":""138 N Lowry St #6, Smyrna, TN"",""city"":""Smyrna"",""state"":""TN""}","unchanged","false","part_of_complete_332_public_population"
"698ff8647af60943e086816b","Blendville Luxury Mobile Grooming Parlor","protected","","Barbershop","","Beauty, Grooming and Personal Care","categories","Barbershop","direct:barbershop","high","{""status"":""approved"",""approved"":null,""alias"":""blendville-luxury-mobile-grooming-parlor-tx-houston"",""slug"":""blendville-luxury-mobile-grooming-parlor-tx-houston"",""isComplete"":true,""completenessScore"":70,""qualityScore"":70,""isTest"":null,""auditTag"":null,""business_name"":""Blendville Luxury Mobile Grooming Parlor"",""address"":""12824 Willow Centre Drive, Houston, TX 77066"",""city"":""Houston"",""state"":""TX""}","unchanged","false","part_of_complete_332_public_population"
"698ff8647af60943e086816d","Mel's Barber Shop","protected","","Barbershop","","Beauty, Grooming and Personal Care","categories","Barbershop","direct:barbershop","high","{""status"":""approved"",""approved"":null,""alias"":""mel-s-barber-shop-va-charlottesville"",""slug"":null,""isComplete"":true,""completenessScore"":78,""qualityScore"":null,""isTest"":null,""auditTag"":null,""business_name"":""Mel's Barber Shop"",""address"":""311 Second Street SE, Charlottesville, VA"",""city"":""Charlottesville"",""state"":""VA""}","unchanged","false","part_of_complete_332_public_population"
"698ff8647af60943e086816e","Coastal Barber Atelier","protected","","Barbershop","","Beauty, Grooming and Personal Care","categories","Barbershop","direct:barbershop","high","{""status"":""approved"",""approved"":null,""alias"":""coastal-barber-atelier-va-norfolk"",""slug"":""coastal-barber-atelier-va-norfolk"",""isComplete"":true,""completenessScore"":70,""qualityScore"":70,""isTest"":null,""auditTag"":null,""business_name"":""Coastal Barber Atelier"",""address"":""2633 Wyoming Ave, Norfolk, VA"",""city"":""Norfolk"",""state"":""VA""}","unchanged","false","part_of_complete_332_public_population"
"698ff8647af60943e086816f","Slammin Cuts at the Courthouse","protected","","Barbershop","","Beauty, Grooming and Personal Care","categories","Barbershop","direct:barbershop","high","{""status"":""approved"",""approved"":null,""alias"":""slammin-cuts-at-the-courthouse-va-stafford"",""slug"":""slammin-cuts-at-the-courthouse-va-stafford"",""isComplete"":true,""completenessScore"":70,""qualityScore"":70,""isTest"":null,""auditTag"":null,""business_name"":""Slammin Cuts at the Courthouse"",""address"":""11 Hope Rd Suite 101, Stafford, VA"",""city"":""Stafford"",""state"":""VA""}","unchanged","false","part_of_complete_332_public_population"
"698ff8647af60943e0868170","True Barber","protected","","Barbershop","","Beauty, Grooming and Personal Care","categories","Barbershop","direct:barbershop","high","{""status"":""approved"",""approved"":null,""alias"":""true-barber-va-suffolk"",""slug"":""true-barber-va-suffolk"",""isComplete"":true,""completenessScore"":70,""qualityScore"":70,""isTest"":null,""auditTag"":null,""business_name"":""True Barber"",""address"":""300 N Broad St, Suffolk, VA"",""city"":""Suffolk"",""state"":""VA""}","unchanged","false","part_of_complete_332_public_population"
"698ff8647af60943e0868171","His Image Barber Shop","protected","","Barbershop","","Beauty, Grooming and Personal Care","categories","Barbershop","direct:barbershop","high","{""status"":""approved"",""approved"":null,""alias"":""his-image-barber-shop-va-virginia-beach"",""slug"":null,""isComplete"":true,""completenessScore"":78,""qualityScore"":null,""isTest"":null,""auditTag"":null,""business_name"":""His Image Barber Shop"",""address"":""2116-A Front St, Virginia Beach, VA"",""city"":""Virginia Beach"",""state"":""VA""}","unchanged","false","part_of_complete_332_public_population"