_id,business_name,group,current_category,current_categories,current_display_categories,proposed_display_categories,source_field,source_value,exact_mapping_rule,confidence,public_search_fields_before,projected_public_search_eligibility_after,manual_review_required,why_public_or_not
"67c9ead1818d604b84e5a463","Powder Beauty Los Angeles","remaining","Beauty","Nail Salons, Waxing, Eyelash Service","Beauty, Grooming and Personal Care","","","","","","{""status"":""approved"",""approved"":null,""alias"":""powder-beauty-los-angeles"",""slug"":""powder-beauty-los-angeles-los-angeles-ca"",""isComplete"":false,""completenessScore"":67,""qualityScore"":null,""isTest"":null,""auditTag"":null,""business_name"":""Powder Beauty Los Angeles"",""address"":""452 S La Brea Ave, Los Angeles, CA 90036"",""city"":""Los Angeles"",""state"":""CA""}","unchanged","false","incomplete_listing"
"67c9ead1818d604b84e5a47c","Starring By Ted Gibson Los Angeles","remaining","Beauty","Hair Salons","Beauty, Grooming and Personal Care","","","","","","{""status"":""approved"",""approved"":null,""alias"":""starring-by-ted-gibson-los-angeles"",""slug"":""starring-by-ted-gibson-los-angeles-los-angeles-ca"",""isComplete"":false,""completenessScore"":67,""qualityScore"":null,""isTest"":null,""auditTag"":null,""business_name"":""Starring By Ted Gibson Los Angeles"",""address"":""211 South La Brea Ave, Los Angeles, CA 90036"",""city"":""Los Angeles"",""state"":""CA""}","unchanged","false","incomplete_listing"
"67c9ead1818d604b84e5a4ca","Banadir Somali Restaurant Inglewood","remaining","Restaurants","Restaurants","Restaurants","","","","","","{""status"":""pending"",""approved"":null,""alias"":""banadir-somali-restaurant-inglewood"",""slug"":null,""isComplete"":false,""completenessScore"":56,""qualityScore"":null,""isTest"":null,""auditTag"":null,""business_name"":""Banadir Somali Restaurant Inglewood"",""address"":""137 W Arbor Vitae Unit C Inglewood, CA 90301"",""city"":"""",""state"":""CA""}","unchanged","false","status_not_public|incomplete_listing"
"67c9ead1818d604b84e5a4df","Bonnie Bs Smokin Pasadena 3","remaining","","Restaurants","Restaurants","","","","","","{""status"":""pending"",""approved"":null,""alias"":""bonnie-bs-smokin-pasadena-3"",""slug"":null,""isComplete"":false,""completenessScore"":56,""qualityScore"":null,""isTest"":null,""auditTag"":null,""business_name"":""Bonnie Bs Smokin Pasadena 3"",""address"":""1280 N Lake Ave Pasadena, CA 91104"",""city"":"""",""state"":""CA""}","unchanged","false","status_not_public|incomplete_listing"
"67c9ead1818d604b84e5a4f9","Cafe Ruisseau Los Angeles","remaining","","Restaurants","Restaurants","","","","","","{""status"":""approved"",""approved"":null,""alias"":""cafe-ruisseau-los-angeles"",""slug"":null,""isComplete"":false,""completenessScore"":67,""qualityScore"":null,""isTest"":null,""auditTag"":null,""business_name"":""Cafe Ruisseau Los Angeles"",""address"":""12150 Millennium Dr Los Angeles, CA 90094"",""city"":"""",""state"":""CA""}","unchanged","false","incomplete_listing"
"67c9ead1818d604b84e5a573","Jrs Barbeque Culver City","remaining","","Restaurants","Restaurants","","","","","","{""status"":""pending"",""approved"":null,""alias"":""jrs-barbeque-culver-city"",""slug"":null,""isComplete"":false,""completenessScore"":56,""qualityScore"":null,""isTest"":null,""auditTag"":null,""business_name"":""Jrs Barbeque Culver City"",""address"":""3055 La Cienega Blvd Culver City, CA 90232"",""city"":"""",""state"":""CA""}","unchanged","false","status_not_public|incomplete_listing"
"67c9ead1818d604b84e5a587","Kutula By Africana Los Angeles","remaining","","Shopping","Shopping","","","","","","{""status"":""approved"",""approved"":null,""alias"":""kutula-by-africana-los-angeles"",""slug"":null,""isComplete"":false,""completenessScore"":67,""qualityScore"":null,""isTest"":null,""auditTag"":null,""business_name"":""Kutula By Africana Los Angeles"",""address"":""4438 W Slauson Ave Los Angeles, CA 90043"",""city"":"""",""state"":""CA""}","unchanged","false","incomplete_listing"
"67c9ead1818d604b84e5a58a","","remaining","","Shopping","Shopping","","","","","","{""status"":""pending"",""approved"":null,""alias"":null,""slug"":null,""isComplete"":false,""completenessScore"":44,""qualityScore"":null,""isTest"":null,""auditTag"":null,""business_name"":"""",""address"":""7952 West 3rd Street, Los Angeles, California 90048"",""city"":"""",""state"":""CALIFORNIA""}","unchanged","false","status_not_public|missing_alias_or_slug|incomplete_listing"
"67c9ead1818d604b84e5a5a6","The Little Red Hen Coffee Shop Altadena","remaining","","Restaurants","Restaurants","","","","","","{""status"":""pending"",""approved"":null,""alias"":""the-little-red-hen-coffee-shop-altadena"",""slug"":null,""isComplete"":false,""completenessScore"":56,""qualityScore"":null,""isTest"":null,""auditTag"":null,""business_name"":""The Little Red Hen Coffee Shop Altadena"",""address"":""2697 Fair Oaks Ave Altadena, CA 91001"",""city"":"""",""state"":""CA""}","unchanged","false","status_not_public|incomplete_listing"
"67c9ead1818d604b84e5a5ab","Mdears Bakery And Bistro Los Angeles","remaining","","Restaurants","Restaurants","","","","","","{""status"":""pending"",""approved"":null,""alias"":""mdears-bakery-and-bistro-los-angeles"",""slug"":null,""isComplete"":false,""completenessScore"":56,""qualityScore"":null,""isTest"":null,""auditTag"":null,""business_name"":""Mdears Bakery And Bistro Los Angeles"",""address"":""7717 S Western Ave Los Angeles, CA 90047"",""city"":"""",""state"":""CA""}","unchanged","false","status_not_public|incomplete_listing"
"67c9ead1818d604b84e5a607","Reds Flavor Table Breakfast Take Out Inglewood","remaining","","Restaurants","Restaurants","","","","","","{""status"":""pending"",""approved"":null,""alias"":""reds-flavor-table-breakfast-take-out-inglewood"",""slug"":null,""isComplete"":false,""completenessScore"":56,""qualityScore"":null,""isTest"":null,""auditTag"":null,""business_name"":""Reds Flavor Table Breakfast Take Out Inglewood"",""address"":""254 N Market St Inglewood, CA 90301"",""city"":"""",""state"":""CA""}","unchanged","false","status_not_public|incomplete_listing"
"67c9ead1818d604b84e5a46d","The Londoner By Anthony Morrison Hermosa Beach 2","remaining","Beauty","Hair Salons","Beauty, Grooming and Personal Care","","","","","","{""status"":""pending"",""approved"":null,""alias"":""the-londoner-by-anthony-morrison-hermosa-beach-2"",""slug"":""the-londoner-by-anthony-morrison-hermosa-beach-2-hermosa-beach-ca"",""isComplete"":false,""completenessScore"":67,""qualityScore"":null,""isTest"":null,""auditTag"":null,""business_name"":""The Londoner By Anthony Morrison Hermosa Beach 2"",""address"":""1049 Aviation Blvd, Hermosa Beach, CA 90254"",""city"":""Hermosa Beach"",""state"":""CA""}","unchanged","false","status_not_public|incomplete_listing"
"67c9ead1818d604b84e5a4ec","","remaining","","Shopping","Shopping","","","","","","{""status"":""pending"",""approved"":null,""alias"":null,""slug"":null,""isComplete"":false,""completenessScore"":44,""qualityScore"":null,""isTest"":null,""auditTag"":null,""business_name"":"""",""address"":""2524 10th Ave Los Angeles, CA 90018"",""city"":"""",""state"":""CA""}","unchanged","false","status_not_public|missing_alias_or_slug|incomplete_listing"
"67c9ead1818d604b84e5a4ed","","remaining","","Shopping","Shopping","","","","","","{""status"":""pending"",""approved"":null,""alias"":null,""slug"":null,""isComplete"":false,""completenessScore"":44,""qualityScore"":null,""isTest"":null,""auditTag"":null,""business_name"":"""",""address"":""8950 W Olympic Blvd #293 Beverly Hills, CA 90211"",""city"":"""",""state"":""CA""}","unchanged","false","status_not_public|missing_alias_or_slug|incomplete_listing"
"67c9ead1818d604b84e5a504","Charli Beauty Bar Los Angeles","remaining","","Beauty, Grooming and Personal Care","Beauty, Grooming and Personal Care","","","","","","{""status"":""approved"",""approved"":null,""alias"":""charli-beauty-bar-los-angeles"",""slug"":null,""isComplete"":false,""completenessScore"":67,""qualityScore"":null,""isTest"":null,""auditTag"":null,""business_name"":""Charli Beauty Bar Los Angeles"",""address"":""5074 West Pico Blvd Los Angeles, CA 90019"",""city"":"""",""state"":""CA""}","unchanged","false","incomplete_listing"
"67c9ead1818d604b84e5a565","Island Reggae Kitchen Gardena","remaining","","Restaurants","Restaurants","","","","","","{""status"":""approved"",""approved"":null,""alias"":""island-reggae-kitchen-gardena"",""slug"":null,""isComplete"":false,""completenessScore"":67,""qualityScore"":null,""isTest"":null,""auditTag"":null,""business_name"":""Island Reggae Kitchen Gardena"",""address"":""14426 Crenshaw Blvd Gardena, CA 90249"",""city"":"""",""state"":""CA""}","unchanged","false","incomplete_listing"
"67c9ead1818d604b84e5a580","","remaining","","Gym, Fitness Health and Wellness","Gym, Fitness Health and Wellness","","","","","","{""status"":""pending"",""approved"":null,""alias"":null,""slug"":null,""isComplete"":false,""completenessScore"":44,""qualityScore"":null,""isTest"":null,""auditTag"":null,""business_name"":"""",""address"":""11218 La Maida St North Hollywood, CA 91601"",""city"":"""",""state"":""CA""}","unchanged","false","status_not_public|missing_alias_or_slug|incomplete_listing"
"67c9ead1818d604b84e5a5bc","Messob Ethiopian Restaurant Los Angeles","remaining","","Restaurants","Restaurants","","","","","","{""status"":""pending"",""approved"":null,""alias"":""messob-ethiopian-restaurant-los-angeles"",""slug"":null,""isComplete"":false,""completenessScore"":56,""qualityScore"":null,""isTest"":null,""auditTag"":null,""business_name"":""Messob Ethiopian Restaurant Los Angeles"",""address"":""1041 S Fairfax Ave Los Angeles, CA 90019"",""city"":"""",""state"":""CA""}","unchanged","false","status_not_public|incomplete_listing"
"67c9ead1818d604b84e5a5e4","Patria Coffee Roasters Compton 2","remaining","","Restaurants","Restaurants","","","","","","{""status"":""pending"",""approved"":null,""alias"":""patria-coffee-roasters-compton-2"",""slug"":null,""isComplete"":false,""completenessScore"":56,""qualityScore"":null,""isTest"":null,""auditTag"":null,""business_name"":""Patria Coffee Roasters Compton 2"",""address"":""108 N Alameda St E Compton, CA 90221"",""city"":"""",""state"":""CA""}","unchanged","false","status_not_public|incomplete_listing"
"67c9ead1818d604b84e5a478","Taylor Rose Hair Studio West Hollywood","remaining","Beauty","Hair Extensions, Eyelash Service, Waxing","Beauty, Grooming and Personal Care","","","","","","{""status"":""approved"",""approved"":null,""alias"":""taylor-rose-hair-studio-west-hollywood"",""slug"":""taylor-rose-hair-studio-west-hollywood-west-hollywood-ca"",""isComplete"":false,""completenessScore"":67,""qualityScore"":null,""isTest"":null,""auditTag"":null,""business_name"":""Taylor Rose Hair Studio West Hollywood"",""address"":""7739 1/2 Santa Monica Blvd, West Hollywood, CA 90046"",""city"":""West Hollywood"",""state"":""CA""}","unchanged","false","incomplete_listing"
"67c9ead1818d604b84e5a480","Veenus Beauty Lounge La Habra","remaining","Beauty","Hair Salons, Makeup Artists, Eyelash Service","Beauty, Grooming and Personal Care","","","","","","{""status"":""approved"",""approved"":null,""alias"":""veenus-beauty-lounge-la-habra"",""slug"":""veenus-beauty-lounge-la-habra-la-habra-ca"",""isComplete"":false,""completenessScore"":67,""qualityScore"":null,""isTest"":null,""auditTag"":null,""business_name"":""Veenus Beauty Lounge La Habra"",""address"":""1626 W Whittier Blvd, La Habra, CA 90631"",""city"":""La Habra"",""state"":""CA""}","unchanged","false","incomplete_listing"
"67c9ead1818d604b84e5a4a6","2Nd Healthy Eatery Bellflower","remaining","Restaurants","Restaurants","Restaurants","","","","","","{""status"":""pending"",""approved"":null,""alias"":""2nd-healthy-eatery-bellflower"",""slug"":null,""isComplete"":false,""completenessScore"":56,""qualityScore"":null,""isTest"":null,""auditTag"":null,""business_name"":""2Nd Healthy Eatery Bellflower"",""address"":""16203 Clark Ave Ste A Bellflower, CA 90706"",""city"":"""",""state"":""CA""}","unchanged","false","status_not_public|incomplete_listing"
"67c9ead1818d604b84e5a4b1","Aduke Nigerian Cuisine Inglewood 3","remaining","Restaurants","Restaurants","Restaurants","","","","","","{""status"":""pending"",""approved"":null,""alias"":""aduke-nigerian-cuisine-inglewood-3"",""slug"":null,""isComplete"":false,""completenessScore"":56,""qualityScore"":null,""isTest"":null,""auditTag"":null,""business_name"":""Aduke Nigerian Cuisine Inglewood 3"",""address"":""1117 W Manchester Blvd Ste C Inglewood, CA 90301"",""city"":"""",""state"":""CA""}","unchanged","false","status_not_public|incomplete_listing"
"67c9ead1818d604b84e5a50e","Chipper And Cheeky Los Angeles","remaining","","Restaurants","Restaurants","","","","","","{""status"":""pending"",""approved"":null,""alias"":""chipper-and-cheeky-los-angeles"",""slug"":null,""isComplete"":false,""completenessScore"":56,""qualityScore"":null,""isTest"":null,""auditTag"":null,""business_name"":""Chipper And Cheeky Los Angeles"",""address"":""Los Angeles, CA 91353"",""city"":"""",""state"":""CA""}","unchanged","false","status_not_public|incomplete_listing"
"67c9ead1818d604b84e5a547","Fresh And Meaty Burgers Los Angeles 4","remaining","","Restaurants","Restaurants","","","","","","{""status"":""approved"",""approved"":null,""alias"":""fresh-and-meaty-burgers-los-angeles-4"",""slug"":null,""isComplete"":false,""completenessScore"":67,""qualityScore"":null,""isTest"":null,""auditTag"":null,""business_name"":""Fresh And Meaty Burgers Los Angeles 4"",""address"":""3016 W Florence Ave Los Angeles, CA 90043"",""city"":"""",""state"":""CA""}","unchanged","false","incomplete_listing"
"67c9ead1818d604b84e5a55d","Hyperion Public Los Angeles 5","remaining","","Nightlife","Nightlife","","","","","","{""status"":""approved"",""approved"":null,""alias"":""hyperion-public-los-angeles-5"",""slug"":null,""isComplete"":false,""completenessScore"":67,""qualityScore"":null,""isTest"":null,""auditTag"":null,""business_name"":""Hyperion Public Los Angeles 5"",""address"":""2538 Hyperion Ave Los Angeles, CA 90027"",""city"":"""",""state"":""CA""}","unchanged","false","incomplete_listing"
"67c9ead1818d604b84e5a569","Jaliz Cuisine Of East Africa Van Nuys 2","remaining","","Restaurants","Restaurants","","","","","","{""status"":""pending"",""approved"":null,""alias"":""jaliz-cuisine-of-east-africa-van-nuys-2"",""slug"":null,""isComplete"":false,""completenessScore"":56,""qualityScore"":null,""isTest"":null,""auditTag"":null,""business_name"":""Jaliz Cuisine Of East Africa Van Nuys 2"",""address"":""14747 Kittridge St Van Nuys, CA 91405"",""city"":"""",""state"":""CA""}","unchanged","false","status_not_public|incomplete_listing"
"67c9ead1818d604b84e5a593","Lee Esthers Creole And Cajun Cooking Palmdale","remaining","","Restaurants","Restaurants","","","","","","{""status"":""pending"",""approved"":null,""alias"":""lee-esthers-creole-and-cajun-cooking-palmdale"",""slug"":null,""isComplete"":false,""completenessScore"":56,""qualityScore"":null,""isTest"":null,""auditTag"":null,""business_name"":""Lee Esthers Creole And Cajun Cooking Palmdale"",""address"":""830 1/2 E Ave Q6 Palmdale, CA 93550"",""city"":"""",""state"":""CA""}","unchanged","false","status_not_public|incomplete_listing"
"67c9ead1818d604b84e5a639","Swift Cafe Los Angeles","remaining","","Restaurants","Restaurants","","","","","","{""status"":""pending"",""approved"":null,""alias"":""swift-cafe-los-angeles"",""slug"":null,""isComplete"":false,""completenessScore"":56,""qualityScore"":null,""isTest"":null,""auditTag"":null,""business_name"":""Swift Cafe Los Angeles"",""address"":""4279 1/2 Crenshaw Blvd Los Angeles, CA 90008"",""city"":"""",""state"":""CA""}","unchanged","false","status_not_public|incomplete_listing"
"67c9ead1818d604b84e5a63a","Sweet Red Peach Inglewood 2","remaining","","Restaurants","Restaurants","","","","","","{""status"":""pending"",""approved"":null,""alias"":""sweet-red-peach-inglewood-2"",""slug"":null,""isComplete"":false,""completenessScore"":56,""qualityScore"":null,""isTest"":null,""auditTag"":null,""business_name"":""Sweet Red Peach Inglewood 2"",""address"":""1035 S Prairie Ave Unit 2 Inglewood, CA 90301"",""city"":"""",""state"":""CA""}","unchanged","false","status_not_public|incomplete_listing"
"67c9ead1818d604b84e5a644","","remaining","","Restaurants","Restaurants","","","","","","{""status"":""pending"",""approved"":null,""alias"":null,""slug"":null,""isComplete"":false,""completenessScore"":33,""qualityScore"":null,""isTest"":null,""auditTag"":null,""business_name"":"""",""address"":""16527 S Harris Ave Compton, CA 90221"",""city"":"""",""state"":""CA""}","unchanged","false","status_not_public|missing_alias_or_slug|incomplete_listing"
"67c9ead1818d604b84e5a472","Love Your Hair By Rachel Carter Los Angeles","remaining","Beauty","Hair Stylists, Blow Dry/Out Services","Beauty, Grooming and Personal Care","","","","","","{""status"":""pending"",""approved"":null,""alias"":""love-your-hair-by-rachel-carter-los-angeles"",""slug"":""love-your-hair-by-rachel-carter-los-angeles-los-angeles-ca"",""isComplete"":false,""completenessScore"":56,""qualityScore"":null,""isTest"":null,""auditTag"":null,""business_name"":""Love Your Hair By Rachel Carter Los Angeles"",""address"":""3265 Fletcher Dr., Los Angeles, CA 90065"",""city"":""Los Angeles"",""state"":""CA""}","unchanged","false","status_not_public|incomplete_listing"
"67c9ead1818d604b84e5a497","Render Pasadena Pasadena 2","remaining","Beauty","Barbershop","Beauty, Grooming and Personal Care","","","","","","{""status"":""pending"",""approved"":null,""alias"":""render-pasadena-pasadena-2"",""slug"":""render-pasadena-pasadena-2-pasadena-ca"",""isComplete"":false,""completenessScore"":67,""qualityScore"":null,""isTest"":null,""auditTag"":null,""business_name"":""Render Pasadena Pasadena 2"",""address"":""638 Colorado Blvd, Ste 301 1/4, Dimensions Pasadena, Pasadena, CA 91101"",""city"":""Pasadena"",""state"":""CA""}","unchanged","false","status_not_public|incomplete_listing"
"67c9ead1818d604b84e5a4bb","Annies Soul Delicious Los Angeles","remaining","Restaurants","Restaurants","Restaurants","","","","","","{""status"":""pending"",""approved"":null,""alias"":""annies-soul-delicious-los-angeles"",""slug"":null,""isComplete"":false,""completenessScore"":56,""qualityScore"":null,""isTest"":null,""auditTag"":null,""business_name"":""Annies Soul Delicious Los Angeles"",""address"":""1066 S Fairfax Ave Los Angeles, CA 90019"",""city"":"""",""state"":""CA""}","unchanged","false","status_not_public|incomplete_listing"
"67c9ead1818d604b84e5a4c1","Ayda Ethiopian Restaurant Loma Linda","remaining","Restaurants","Restaurants","Restaurants","","","","","","{""status"":""pending"",""approved"":null,""alias"":""ayda-ethiopian-restaurant-loma-linda"",""slug"":null,""isComplete"":false,""completenessScore"":56,""qualityScore"":null,""isTest"":null,""auditTag"":null,""business_name"":""Ayda Ethiopian Restaurant Loma Linda"",""address"":""24940 Redlands Blvd Loma Linda, CA 92354"",""city"":"""",""state"":""CA""}","unchanged","false","status_not_public|incomplete_listing"
"67c9ead1818d604b84e5a552","Gloveworx Los Angeles","remaining","","Gym, Fitness Health and Wellness","Gym, Fitness Health and Wellness","","","","","","{""status"":""approved"",""approved"":null,""alias"":""gloveworx-los-angeles"",""slug"":null,""isComplete"":false,""completenessScore"":67,""qualityScore"":null,""isTest"":null,""auditTag"":null,""business_name"":""Gloveworx Los Angeles"",""address"":""10250 Santa Monica Blvd Los Angeles, CA 90067"",""city"":"""",""state"":""CA""}","unchanged","false","incomplete_listing"
"67c9ead1818d604b84e5a554","Harun Coffee Los Angeles 2","remaining","","Restaurants","Restaurants","","","","","","{""status"":""approved"",""approved"":null,""alias"":""harun-coffee-los-angeles-2"",""slug"":null,""isComplete"":false,""completenessScore"":67,""qualityScore"":null,""isTest"":null,""auditTag"":null,""business_name"":""Harun Coffee Los Angeles 2"",""address"":""4336 Degnan Blvd Los Angeles, CA 90008"",""city"":"""",""state"":""CA""}","unchanged","false","incomplete_listing"
"67c9ead1818d604b84e5a5c2","Moms Haus Van Nuys","remaining","","Restaurants","Restaurants","","","","","","{""status"":""pending"",""approved"":null,""alias"":""moms-haus-van-nuys"",""slug"":null,""isComplete"":false,""completenessScore"":56,""qualityScore"":null,""isTest"":null,""auditTag"":null,""business_name"":""Moms Haus Van Nuys"",""address"":""14062 Vanowen St Van Nuys, CA 91405"",""city"":"""",""state"":""CA""}","unchanged","false","status_not_public|incomplete_listing"
"67c9ead1818d604b84e5a5e0","Obet And Dels Coffee Los Angeles","remaining","","Restaurants","Restaurants","","","","","","{""status"":""pending"",""approved"":null,""alias"":""obet-and-dels-coffee-los-angeles"",""slug"":null,""isComplete"":false,""completenessScore"":56,""qualityScore"":null,""isTest"":null,""auditTag"":null,""business_name"":""Obet And Dels Coffee Los Angeles"",""address"":""5233 Hollywood Blvd Los Angeles, CA 90027"",""city"":"""",""state"":""CA""}","unchanged","false","status_not_public|incomplete_listing"
"67c9ead1818d604b84e5a5e2","Park Bench Grill Altadena 2","remaining","","Restaurants","Restaurants","","","","","","{""status"":""pending"",""approved"":null,""alias"":""park-bench-grill-altadena-2"",""slug"":null,""isComplete"":false,""completenessScore"":56,""qualityScore"":null,""isTest"":null,""auditTag"":null,""business_name"":""Park Bench Grill Altadena 2"",""address"":""2470 N Lake Ave Altadena, CA 91001"",""city"":"""",""state"":""CA""}","unchanged","false","status_not_public|incomplete_listing"
"67c9ead1818d604b84e5a5f3","","remaining","","Shopping","Shopping","","","","","","{""status"":""pending"",""approved"":null,""alias"":null,""slug"":null,""isComplete"":false,""completenessScore"":44,""qualityScore"":null,""isTest"":null,""auditTag"":null,""business_name"":"""",""address"":""201 S Market St., Inglewood, CA 90301"",""city"":"""",""state"":""CA""}","unchanged","false","status_not_public|missing_alias_or_slug|incomplete_listing"
"67c9ead1818d604b84e5a60b","Ride On Bike Co Op Los Angeles","remaining","","Services","Services","","","","","","{""status"":""approved"",""approved"":null,""alias"":""ride-on-bike-co-op-los-angeles"",""slug"":null,""isComplete"":false,""completenessScore"":67,""qualityScore"":null,""isTest"":null,""auditTag"":null,""business_name"":""Ride On Bike Co Op Los Angeles"",""address"":""4319 Degnan Blvd Los Angeles, CA 90008"",""city"":"""",""state"":""CA""}","unchanged","false","incomplete_listing"
"67c9ead1818d604b84e5a622","Royal Gourmet Cookies Long Beach","remaining","","Restaurants","Restaurants","","","","","","{""status"":""pending"",""approved"":null,""alias"":""royal-gourmet-cookies-long-beach"",""slug"":null,""isComplete"":false,""completenessScore"":56,""qualityScore"":null,""isTest"":null,""auditTag"":null,""business_name"":""Royal Gourmet Cookies Long Beach"",""address"":""Long Beach, CA 90807"",""city"":"""",""state"":""CA""}","unchanged","false","status_not_public|incomplete_listing"
"67c9ead1818d604b84e5a542","Freaky Fruit Pizza Los Angeles","remaining","","Restaurants","Restaurants","","","","","","{""status"":""pending"",""approved"":null,""alias"":""freaky-fruit-pizza-los-angeles"",""slug"":null,""isComplete"":false,""completenessScore"":56,""qualityScore"":null,""isTest"":null,""auditTag"":null,""business_name"":""Freaky Fruit Pizza Los Angeles"",""address"":""8301 S Western Los Angeles, CA 90047"",""city"":"""",""state"":""CA""}","unchanged","false","status_not_public|incomplete_listing"
"67c9ead1818d604b84e5a5c0","Mo Better Burgers South Bay Hawthorne","remaining","","Restaurants","Restaurants","","","","","","{""status"":""approved"",""approved"":null,""alias"":""mo-better-burgers-south-bay-hawthorne"",""slug"":null,""isComplete"":false,""completenessScore"":67,""qualityScore"":null,""isTest"":null,""auditTag"":null,""business_name"":""Mo Better Burgers South Bay Hawthorne"",""address"":""12734 Crenshaw Blvd Hawthorne, CA 90250"",""city"":"""",""state"":""CA""}","unchanged","false","incomplete_listing"
"67c9ead1818d604b84e5a5ca","Natraliart Jamaican Restaurant And Market Los Angeles","remaining","","Restaurants","Restaurants","","","","","","{""status"":""pending"",""approved"":null,""alias"":""natraliart-jamaican-restaurant-and-market-los-angeles"",""slug"":null,""isComplete"":false,""completenessScore"":56,""qualityScore"":null,""isTest"":null,""auditTag"":null,""business_name"":""Natraliart Jamaican Restaurant And Market Los Angeles"",""address"":""3426 W Washington Blvd Los Angeles, CA 90018"",""city"":"""",""state"":""CA""}","unchanged","false","status_not_public|incomplete_listing"
"67c9ead1818d604b84e5a5f9","Pizza Of Venice Altadena 2","remaining","","Restaurants","Restaurants","","","","","","{""status"":""pending"",""approved"":null,""alias"":""pizza-of-venice-altadena-2"",""slug"":null,""isComplete"":false,""completenessScore"":56,""qualityScore"":null,""isTest"":null,""auditTag"":null,""business_name"":""Pizza Of Venice Altadena 2"",""address"":""2545 N Fair Oaks Ave Altadena, CA 91001"",""city"":"""",""state"":""CA""}","unchanged","false","status_not_public|incomplete_listing"
"67c9ead1818d604b84e5a63f","","remaining","","Shopping","Shopping","","","","","","{""status"":""pending"",""approved"":null,""alias"":null,""slug"":null,""isComplete"":false,""completenessScore"":22,""qualityScore"":null,""isTest"":null,""auditTag"":null,""business_name"":"""",""address"":"""",""city"":"""",""state"":""""}","unchanged","false","status_not_public|missing_alias_or_slug|incomplete_listing"
"67c9ead1818d604b84e5a641","The 8Th Notch Los Angeles","remaining","","Nightlife","Nightlife","","","","","","{""status"":""pending"",""approved"":null,""alias"":""the-8th-notch-los-angeles"",""slug"":null,""isComplete"":false,""completenessScore"":56,""qualityScore"":null,""isTest"":null,""auditTag"":null,""business_name"":""The 8Th Notch Los Angeles"",""address"":""3500 Wilshire Blvd Second Floor Los Angeles, CA 90010"",""city"":"""",""state"":""CA""}","unchanged","false","status_not_public|incomplete_listing"
"67c9ead1818d604b84e5a487","Melvinas Golden Touch Inglewood 2","remaining","Beauty","Hair Salons","Beauty, Grooming and Personal Care","","","","","","{""status"":""pending"",""approved"":null,""alias"":""melvinas-golden-touch-inglewood-2"",""slug"":""melvinas-golden-touch-inglewood-2-inglewood-ca"",""isComplete"":false,""completenessScore"":67,""qualityScore"":null,""isTest"":null,""auditTag"":null,""business_name"":""Melvinas Golden Touch Inglewood 2"",""address"":""2900 W Manchester Blvd, Inglewood, CA 90305"",""city"":""Inglewood"",""state"":""CA""}","unchanged","false","status_not_public|incomplete_listing"
"67c9ead1818d604b84e5a4c9","Barsha Hermosa Beach","remaining","Restaurants","Restaurants","Restaurants","","","","","","{""status"":""pending"",""approved"":null,""alias"":""barsha-hermosa-beach"",""slug"":null,""isComplete"":false,""completenessScore"":56,""qualityScore"":null,""isTest"":null,""auditTag"":null,""business_name"":""Barsha Hermosa Beach"",""address"":""1141 Aviation Blvd Hermosa Beach, CA 90254"",""city"":"""",""state"":""CA""}","unchanged","false","status_not_public|incomplete_listing"
"67c9ead1818d604b84e5a4e4","Brandoni Pepperoni West Hollywood","remaining","","Restaurants","Restaurants","","","","","","{""status"":""approved"",""approved"":null,""alias"":""brandoni-pepperoni-west-hollywood"",""slug"":null,""isComplete"":false,""completenessScore"":67,""qualityScore"":null,""isTest"":null,""auditTag"":null,""business_name"":""Brandoni Pepperoni West Hollywood"",""address"":""7100 Santa Monica Blvd West Hollywood, CA 90046"",""city"":"""",""state"":""CA""}","unchanged","false","incomplete_listing"
"67c9ead1818d604b84e5a4f1","Beyond Vegan Los Angeles 2","remaining","","Restaurants","Restaurants","","","","","","{""status"":""pending"",""approved"":null,""alias"":""beyond-vegan-los-angeles-2"",""slug"":null,""isComplete"":false,""completenessScore"":56,""qualityScore"":null,""isTest"":null,""auditTag"":null,""business_name"":""Beyond Vegan Los Angeles 2"",""address"":""485 S Fairfax Ave Los Angeles, CA 90036"",""city"":"""",""state"":""CA""}","unchanged","false","status_not_public|incomplete_listing"
"67c9ead1818d604b84e5a559","Grams Mission Bbq Riverside","remaining","","Restaurants","Restaurants","","","","","","{""status"":""pending"",""approved"":null,""alias"":""grams-mission-bbq-riverside"",""slug"":null,""isComplete"":false,""completenessScore"":56,""qualityScore"":null,""isTest"":null,""auditTag"":null,""business_name"":""Grams Mission Bbq Riverside"",""address"":""3527 Main St Riverside, CA 92501"",""city"":"""",""state"":""CA""}","unchanged","false","status_not_public|incomplete_listing"
"67c9ead1818d604b84e5a564","Industry Cafe And Jazz Culver City","remaining","","Restaurants","Restaurants","","","","","","{""status"":""pending"",""approved"":null,""alias"":""industry-cafe-and-jazz-culver-city"",""slug"":null,""isComplete"":false,""completenessScore"":56,""qualityScore"":null,""isTest"":null,""auditTag"":null,""business_name"":""Industry Cafe And Jazz Culver City"",""address"":""6039 Washington Blvd Culver City, CA 90232"",""city"":"""",""state"":""CA""}","unchanged","false","status_not_public|incomplete_listing"
"67c9ead1818d604b84e5a56c","Janga By Derricks Jamaican Cuisine Culver City","remaining","","Restaurants","Restaurants","","","","","","{""status"":""pending"",""approved"":null,""alias"":""janga-by-derricks-jamaican-cuisine-culver-city"",""slug"":null,""isComplete"":false,""completenessScore"":56,""qualityScore"":null,""isTest"":null,""auditTag"":null,""business_name"":""Janga By Derricks Jamaican Cuisine Culver City"",""address"":""3850 Main St Culver City, CA 90232"",""city"":"""",""state"":""CA""}","unchanged","false","status_not_public|incomplete_listing"
"67c9ead1818d604b84e5a56e","J Looneys Long Beach 2","remaining","","Restaurants","Restaurants","","","","","","{""status"":""pending"",""approved"":null,""alias"":""j-looneys-long-beach-2"",""slug"":null,""isComplete"":false,""completenessScore"":56,""qualityScore"":null,""isTest"":null,""auditTag"":null,""business_name"":""J Looneys Long Beach 2"",""address"":""5204 Orange Ave Long Beach, CA 90805"",""city"":"""",""state"":""CA""}","unchanged","false","status_not_public|incomplete_listing"
"67c9ead1818d604b84e5a5c8","Museum Of African American Art Los Angeles","remaining","","Museums, Cultural Institutions, and Shared Spaces","Museums, Cultural Institutions, and Shared Spaces","","","","","","{""status"":""approved"",""approved"":null,""alias"":""museum-of-african-american-art-los-angeles"",""slug"":null,""isComplete"":false,""completenessScore"":67,""qualityScore"":null,""isTest"":null,""auditTag"":null,""business_name"":""Museum Of African American Art Los Angeles"",""address"":""4005 Crenshaw Blvd Los Angeles, CA 90008"",""city"":"""",""state"":""CA""}","unchanged","false","incomplete_listing"
"67c9ead1818d604b84e5a60e","","remaining","","Shopping","Shopping","","","","","","{""status"":""pending"",""approved"":null,""alias"":null,""slug"":null,""isComplete"":false,""completenessScore"":44,""qualityScore"":null,""isTest"":null,""auditTag"":null,""business_name"":"""",""address"":""837 S Windsor Blvd Los Angeles, CA 90005"",""city"":"""",""state"":""CA""}","unchanged","false","status_not_public|missing_alias_or_slug|incomplete_listing"
"67c9ead1818d604b84e5a493","The Hive Barber Studio West Hollywood","remaining","Beauty","Barbershop","Beauty, Grooming and Personal Care","","","","","","{""status"":""pending"",""approved"":null,""alias"":""the-hive-barber-studio-west-hollywood"",""slug"":""the-hive-barber-studio-west-hollywood-west-hollywood-ca"",""isComplete"":false,""completenessScore"":67,""qualityScore"":null,""isTest"":null,""auditTag"":null,""business_name"":""The Hive Barber Studio West Hollywood"",""address"":""1250 N La Brea Ave, Ste 135, West Hollywood, CA 90038"",""city"":""West Hollywood"",""state"":""CA""}","unchanged","false","status_not_public|incomplete_listing"
"67c9ead1818d604b84e5a499","Jason Scott The Barber Gardena 3","remaining","Beauty","Barbershop","Beauty, Grooming and Personal Care","","","","","","{""status"":""pending"",""approved"":null,""alias"":""jason-scott-the-barber-gardena-3"",""slug"":""jason-scott-the-barber-gardena-3-gardena-ca"",""isComplete"":false,""completenessScore"":67,""qualityScore"":null,""isTest"":null,""auditTag"":null,""business_name"":""Jason Scott The Barber Gardena 3"",""address"":""15217 S Western Ave, Gardena, CA 90249"",""city"":""Gardena"",""state"":""CA""}","unchanged","false","status_not_public|incomplete_listing"
"67c9ead1818d604b84e5a4b2","","remaining","Shopping","Shopping","Shopping","","","","","","{""status"":""pending"",""approved"":null,""alias"":null,""slug"":null,""isComplete"":false,""completenessScore"":44,""qualityScore"":null,""isTest"":null,""auditTag"":null,""business_name"":"""",""address"":""8500 Burton Way #612 Los Angeles Beverly Hills, CA 90048"",""city"":""Los Angeles Beverly Hills"",""state"":""CA""}","unchanged","false","status_not_public|missing_alias_or_slug|incomplete_listing"
"67c9ead1818d604b84e5a4b8","Alex Fish Market Los Angeles","remaining","Restaurants","Restaurants","Restaurants","","","","","","{""status"":""pending"",""approved"":null,""alias"":""alex-fish-market-los-angeles"",""slug"":null,""isComplete"":false,""completenessScore"":56,""qualityScore"":null,""isTest"":null,""auditTag"":null,""business_name"":""Alex Fish Market Los Angeles"",""address"":""1451 W Martin Luther King Jr Blvd Los Angeles, CA 90062"",""city"":"""",""state"":""CA""}","unchanged","false","status_not_public|incomplete_listing"
"67c9ead1818d604b84e5a4d9","Bo Daddy S Bbq Los Angeles","remaining","","Restaurants","Restaurants","","","","","","{""status"":""pending"",""approved"":null,""alias"":""bo-daddy-s-bbq-los-angeles"",""slug"":null,""isComplete"":false,""completenessScore"":56,""qualityScore"":null,""isTest"":null,""auditTag"":null,""business_name"":""Bo Daddy S Bbq Los Angeles"",""address"":""1415 S Hill St Los Angeles, CA 90015"",""city"":"""",""state"":""CA""}","unchanged","false","status_not_public|incomplete_listing"
"67c9ead1818d604b84e5a4f4","","remaining","","Shopping","Shopping","","","","","","{""status"":""pending"",""approved"":null,""alias"":null,""slug"":null,""isComplete"":false,""completenessScore"":44,""qualityScore"":null,""isTest"":null,""auditTag"":null,""business_name"":"""",""address"":""600 S Spring St Los Angeles, CA 90014"",""city"":"""",""state"":""CA""}","unchanged","false","status_not_public|missing_alias_or_slug|incomplete_listing"
"67c9ead1818d604b84e5a540","","remaining","","Restaurants","Restaurants","","","","","","{""status"":""pending"",""approved"":null,""alias"":null,""slug"":null,""isComplete"":false,""completenessScore"":33,""qualityScore"":null,""isTest"":null,""auditTag"":null,""business_name"":"""",""address"":""4807 W Adams Blvd Los Angeles, CA 90016"",""city"":"""",""state"":""CA""}","unchanged","false","status_not_public|missing_alias_or_slug|incomplete_listing"
"67c9ead1818d604b84e5a57c","Kens Ice Cream Parlor Carson","remaining","","Restaurants","Restaurants","","","","","","{""status"":""pending"",""approved"":null,""alias"":""kens-ice-cream-parlor-carson"",""slug"":null,""isComplete"":false,""completenessScore"":56,""qualityScore"":null,""isTest"":null,""auditTag"":null,""business_name"":""Kens Ice Cream Parlor Carson"",""address"":""18511 S Avalon Blvd Carson, CA 90746"",""city"":"""",""state"":""CA""}","unchanged","false","status_not_public|incomplete_listing"
"67c9ead1818d604b84e5a590","","remaining","","Shopping","Shopping","","","","","","{""status"":""pending"",""approved"":null,""alias"":null,""slug"":null,""isComplete"":false,""completenessScore"":44,""qualityScore"":null,""isTest"":null,""auditTag"":null,""business_name"":"""",""address"":""4193 Redondo Beach Blvd. Lawndale, CA 90260"",""city"":"""",""state"":""CA""}","unchanged","false","status_not_public|missing_alias_or_slug|incomplete_listing"
"67c9ead1818d604b84e5a5ba","Melkam Ethiopian Restaurant Los Angeles","remaining","","Restaurants","Restaurants","","","","","","{""status"":""pending"",""approved"":null,""alias"":""melkam-ethiopian-restaurant-los-angeles"",""slug"":null,""isComplete"":false,""completenessScore"":56,""qualityScore"":null,""isTest"":null,""auditTag"":null,""business_name"":""Melkam Ethiopian Restaurant Los Angeles"",""address"":""3182 W Pico Blvd Los Angeles, CA 90019"",""city"":"""",""state"":""CA""}","unchanged","false","status_not_public|incomplete_listing"
"67c9ead1818d604b84e5a5c6","Munchies Vegan Diner Santa Ana","remaining","","Restaurants","Restaurants","","","","","","{""status"":""pending"",""approved"":null,""alias"":""munchies-vegan-diner-santa-ana"",""slug"":null,""isComplete"":false,""completenessScore"":56,""qualityScore"":null,""isTest"":null,""auditTag"":null,""business_name"":""Munchies Vegan Diner Santa Ana"",""address"":""313 N Bush St Santa Ana, CA 92701"",""city"":"""",""state"":""CA""}","unchanged","false","status_not_public|incomplete_listing"
"67c9ead1818d604b84e5a61a","Silverback Coffee Of Rwanda Los Angeles 3","remaining","","Restaurants","Restaurants","","","","","","{""status"":""pending"",""approved"":null,""alias"":""silverback-coffee-of-rwanda-los-angeles-3"",""slug"":null,""isComplete"":false,""completenessScore"":56,""qualityScore"":null,""isTest"":null,""auditTag"":null,""business_name"":""Silverback Coffee Of Rwanda Los Angeles 3"",""address"":""1712 W Sunset Blvd Los Angeles, CA 90026"",""city"":"""",""state"":""CA""}","unchanged","false","status_not_public|incomplete_listing"
"67c9ead1818d604b84e5a469","The Hair Bar Of Beverly Hills Beverly Hills","remaining","Beauty","Hair Salons","Beauty, Grooming and Personal Care","","","","","","{""status"":""pending"",""approved"":null,""alias"":""the-hair-bar-of-beverly-hills-beverly-hills"",""slug"":""the-hair-bar-of-beverly-hills-beverly-hills-beverly-hills-ca"",""isComplete"":false,""completenessScore"":67,""qualityScore"":null,""isTest"":null,""auditTag"":null,""business_name"":""The Hair Bar Of Beverly Hills Beverly Hills"",""address"":""151 S Doheny Dr, Studio 26, Beverly Hills, CA 90211"",""city"":""Beverly Hills"",""state"":""CA""}","unchanged","false","status_not_public|incomplete_listing"
"67c9ead1818d604b84e5a46e","Michael Sixteenthirtysix Los Angeles 3","remaining","Beauty","Hair Stylists","Beauty, Grooming and Personal Care","","","","","","{""status"":""pending"",""approved"":null,""alias"":""michael-sixteenthirtysix-los-angeles-3"",""slug"":""michael-sixteenthirtysix-los-angeles-3-los-angeles-ca"",""isComplete"":false,""completenessScore"":67,""qualityScore"":null,""isTest"":null,""auditTag"":null,""business_name"":""Michael Sixteenthirtysix Los Angeles 3"",""address"":""1636 Abbott Kinney Blvd, Sixteen Thirty Six, Los Angeles, CA 90291"",""city"":""Los Angeles"",""state"":""CA""}","unchanged","false","status_not_public|incomplete_listing"
"67c9ead1818d604b84e5a4fc","Camilles Burbank 2","remaining","","Restaurants","Restaurants","","","","","","{""status"":""pending"",""approved"":null,""alias"":""camilles-burbank-2"",""slug"":null,""isComplete"":false,""completenessScore"":56,""qualityScore"":null,""isTest"":null,""auditTag"":null,""business_name"":""Camilles Burbank 2"",""address"":""2713 W Olive Ave Burbank, CA 91505"",""city"":"""",""state"":""CA""}","unchanged","false","status_not_public|incomplete_listing"
"67c9ead1818d604b84e5a548","Fourfortyfour Catering And Curation Los Angeles","remaining","","Restaurants","Restaurants","","","","","","{""status"":""pending"",""approved"":null,""alias"":""fourfortyfour-catering-and-curation-los-angeles"",""slug"":null,""isComplete"":false,""completenessScore"":56,""qualityScore"":null,""isTest"":null,""auditTag"":null,""business_name"":""Fourfortyfour Catering And Curation Los Angeles"",""address"":""Los Angeles, CA 91604"",""city"":"""",""state"":""CA""}","unchanged","false","status_not_public|incomplete_listing"
"67c9ead1818d604b84e5a567","J And Js Bbq And Fish Pomona","remaining","","Restaurants","Restaurants","","","","","","{""status"":""pending"",""approved"":null,""alias"":""j-and-js-bbq-and-fish-pomona"",""slug"":null,""isComplete"":false,""completenessScore"":56,""qualityScore"":null,""isTest"":null,""auditTag"":null,""business_name"":""J And Js Bbq And Fish Pomona"",""address"":""751 Indian Hill Blvd Pomona, CA 91767"",""city"":"""",""state"":""CA""}","unchanged","false","status_not_public|incomplete_listing"
"67c9ead1818d604b84e5a57a","Keiths Kettle Corn Azusa","remaining","","Restaurants","Restaurants","","","","","","{""status"":""pending"",""approved"":null,""alias"":""keiths-kettle-corn-azusa"",""slug"":null,""isComplete"":false,""completenessScore"":56,""qualityScore"":null,""isTest"":null,""auditTag"":null,""business_name"":""Keiths Kettle Corn Azusa"",""address"":""200 W Foothill Blvd Ste 3 Azusa, CA 91702"",""city"":"""",""state"":""CA""}","unchanged","false","status_not_public|incomplete_listing"
"67c9ead1818d604b84e5a5dd","Orleans And York Deli Los Angeles 3","remaining","","Restaurants","Restaurants","","","","","","{""status"":""pending"",""approved"":null,""alias"":""orleans-and-york-deli-los-angeles-3"",""slug"":null,""isComplete"":false,""completenessScore"":56,""qualityScore"":null,""isTest"":null,""auditTag"":null,""business_name"":""Orleans And York Deli Los Angeles 3"",""address"":""333 S Spring St Los Angeles, CA 90013"",""city"":"""",""state"":""CA""}","unchanged","false","status_not_public|incomplete_listing"
"67c9ead1818d604b84e5a615","Shades Of Afrika Long Beach 2","remaining","","Shopping","Shopping","","","","","","{""status"":""approved"",""approved"":null,""alias"":""shades-of-afrika-long-beach-2"",""slug"":null,""isComplete"":false,""completenessScore"":67,""qualityScore"":null,""isTest"":null,""auditTag"":null,""business_name"":""Shades Of Afrika Long Beach 2"",""address"":""1001 E 4th St Long Beach, CA 90802"",""city"":"""",""state"":""CA""}","unchanged","false","incomplete_listing"
"67c9ead1818d604b84e5a63d","Taco Bar Los Angeles 2","remaining","","Restaurants","Restaurants","","","","","","{""status"":""pending"",""approved"":null,""alias"":""taco-bar-los-angeles-2"",""slug"":null,""isComplete"":false,""completenessScore"":56,""qualityScore"":null,""isTest"":null,""auditTag"":null,""business_name"":""Taco Bar Los Angeles 2"",""address"":""5815 West Pico Blvd Los Angeles, CA 90019"",""city"":"""",""state"":""CA""}","unchanged","false","status_not_public|incomplete_listing"
"67c9ead1818d604b84e5a4de","Big Ants Bbq Los Angeles 2","remaining","","Restaurants","Restaurants","","","","","","{""status"":""pending"",""approved"":null,""alias"":""big-ants-bbq-los-angeles-2"",""slug"":null,""isComplete"":false,""completenessScore"":56,""qualityScore"":null,""isTest"":null,""auditTag"":null,""business_name"":""Big Ants Bbq Los Angeles 2"",""address"":""2207 N San Fernando Rd Los Angeles, CA 90065"",""city"":"""",""state"":""CA""}","unchanged","false","status_not_public|incomplete_listing"
"67c9ead1818d604b84e5a4e6","","remaining","","Services","Services","","","","","","{""status"":""pending"",""approved"":null,""alias"":null,""slug"":null,""isComplete"":false,""completenessScore"":56,""qualityScore"":null,""isTest"":null,""auditTag"":null,""business_name"":"""",""address"":""1112 Montana Ave #432, Santa Monica, CA 90403"",""city"":"""",""state"":""CA""}","unchanged","false","status_not_public|missing_alias_or_slug|incomplete_listing"
"67c9ead1818d604b84e5a4f5","Busy Baking Hawthorne","remaining","","Restaurants","Restaurants","","","","","","{""status"":""approved"",""approved"":null,""alias"":""busy-baking-hawthorne"",""slug"":null,""isComplete"":false,""completenessScore"":67,""qualityScore"":null,""isTest"":null,""auditTag"":null,""business_name"":""Busy Baking Hawthorne"",""address"":""11861 Inglewood Ave Hawthorne, CA 90250"",""city"":"""",""state"":""CA""}","unchanged","false","incomplete_listing"
"67c9ead1818d604b84e5a4fe","","remaining","","Services","Services","","","","","","{""status"":""pending"",""approved"":null,""alias"":null,""slug"":null,""isComplete"":false,""completenessScore"":56,""qualityScore"":null,""isTest"":null,""auditTag"":null,""business_name"":"""",""address"":""406 N La Cienega Blvd, West Hollywood, CA 90048"",""city"":"""",""state"":""CA""}","unchanged","false","status_not_public|missing_alias_or_slug|incomplete_listing"
"67c9ead1818d604b84e5a522","","remaining","","Restaurants","Restaurants","","","","","","{""status"":""pending"",""approved"":null,""alias"":null,""slug"":null,""isComplete"":false,""completenessScore"":44,""qualityScore"":null,""isTest"":null,""auditTag"":null,""business_name"":"""",""address"":""315 N Sierra Bonita Ave Los Angeles, CA 90036"",""city"":"""",""state"":""CA""}","unchanged","false","status_not_public|missing_alias_or_slug|incomplete_listing"
"67c9ead1818d604b84e5a54b","Grilled Fraiche Hyde Park Los Angeles","remaining","","Restaurants","Restaurants","","","","","","{""status"":""approved"",""approved"":null,""alias"":""grilled-fraiche-hyde-park-los-angeles"",""slug"":null,""isComplete"":false,""completenessScore"":67,""qualityScore"":null,""isTest"":null,""auditTag"":null,""business_name"":""Grilled Fraiche Hyde Park Los Angeles"",""address"":""5800 W Blvd Los Angeles, CA 90043"",""city"":"""",""state"":""CA""}","unchanged","false","incomplete_listing"
"67c9ead1818d604b84e5a55a","Hotville Chicken Los Angeles 2","remaining","","Restaurants","Restaurants","","","","","","{""status"":""approved"",""approved"":null,""alias"":""hotville-chicken-los-angeles-2"",""slug"":null,""isComplete"":false,""completenessScore"":67,""qualityScore"":null,""isTest"":null,""auditTag"":null,""business_name"":""Hotville Chicken Los Angeles 2"",""address"":""4070 Marlton Ave Los Angeles, CA 90008"",""city"":"""",""state"":""CA""}","unchanged","false","incomplete_listing"
"67c9ead1818d604b84e5a57d","Kennys Q Bar B Que And More Inglewood","remaining","","Restaurants","Restaurants","","","","","","{""status"":""pending"",""approved"":null,""alias"":""kennys-q-bar-b-que-and-more-inglewood"",""slug"":null,""isComplete"":false,""completenessScore"":56,""qualityScore"":null,""isTest"":null,""auditTag"":null,""business_name"":""Kennys Q Bar B Que And More Inglewood"",""address"":""11010 S Prairie Ave Inglewood, CA 90303"",""city"":"""",""state"":""CA""}","unchanged","false","status_not_public|incomplete_listing"
"67c9ead1818d604b84e5a60c","Ribtown B B Q Los Angeles","remaining","","Restaurants","Restaurants","","","","","","{""status"":""pending"",""approved"":null,""alias"":""ribtown-b-b-q-los-angeles"",""slug"":null,""isComplete"":false,""completenessScore"":44,""qualityScore"":null,""isTest"":null,""auditTag"":null,""business_name"":""Ribtown B B Q Los Angeles"",""address"":""2125 W Jefferson Blvd Los Angeles, CA 90018"",""city"":"""",""state"":""CA""}","unchanged","false","status_not_public|incomplete_listing"
"67c9ead1818d604b84e5a611","Robert Earls Bbq Long Beach","remaining","","Restaurants","Restaurants","","","","","","{""status"":""pending"",""approved"":null,""alias"":""robert-earls-bbq-long-beach"",""slug"":null,""isComplete"":false,""completenessScore"":56,""qualityScore"":null,""isTest"":null,""auditTag"":null,""business_name"":""Robert Earls Bbq Long Beach"",""address"":""703 E Artesia Blvd Long Beach, CA 90805"",""city"":"""",""state"":""CA""}","unchanged","false","status_not_public|incomplete_listing"
"67c9ead1818d604b84e5a47f","Saints Los Angeles 2","remaining","Beauty","Barbershop","Beauty, Grooming and Personal Care","","","","","","{""status"":""approved"",""approved"":null,""alias"":""saints-los-angeles-2"",""slug"":""saints-los-angeles-2-los-angeles-ca"",""isComplete"":false,""completenessScore"":67,""qualityScore"":null,""isTest"":null,""auditTag"":null,""business_name"":""Saints Los Angeles 2"",""address"":""12796 Washington Blvd, Los Angeles, CA 90066"",""city"":""Los Angeles"",""state"":""CA""}","unchanged","false","incomplete_listing"
"67c9ead1818d604b84e5a481","Dysonna Hair Studio Los Angeles 2","remaining","Beauty","Hair Salons","Beauty, Grooming and Personal Care","","","","","","{""status"":""pending"",""approved"":null,""alias"":""dysonna-hair-studio-los-angeles-2"",""slug"":""dysonna-hair-studio-los-angeles-2-los-angeles-ca"",""isComplete"":false,""completenessScore"":67,""qualityScore"":null,""isTest"":null,""auditTag"":null,""business_name"":""Dysonna Hair Studio Los Angeles 2"",""address"":""4562 W Washington Blvd, Los Angeles, CA 90016"",""city"":""Los Angeles"",""state"":""CA""}","unchanged","false","status_not_public|incomplete_listing"
"67c9ead1818d604b84e5a498","Quo Vadis Shave Studio Los Angeles","remaining","Beauty","Barbershop","Beauty, Grooming and Personal Care","","","","","","{""status"":""pending"",""approved"":null,""alias"":""quo-vadis-shave-studio-los-angeles"",""slug"":""quo-vadis-shave-studio-los-angeles-los-angeles-ca"",""isComplete"":false,""completenessScore"":67,""qualityScore"":null,""isTest"":null,""auditTag"":null,""business_name"":""Quo Vadis Shave Studio Los Angeles"",""address"":""13677 Foothill Blvd, Ste A, Los Angeles, CA 91342"",""city"":""Los Angeles"",""state"":""CA""}","unchanged","false","status_not_public|incomplete_listing"
"67c9ead1818d604b84e5a49f","The Galaxy Hair Salon Barbershop Carson","remaining","Beauty","Barbershop","Beauty, Grooming and Personal Care","","","","","","{""status"":""pending"",""approved"":null,""alias"":""the-galaxy-hair-salon-barbershop-carson"",""slug"":""the-galaxy-hair-salon-barbershop-carson-carson-ca"",""isComplete"":false,""completenessScore"":67,""qualityScore"":null,""isTest"":null,""auditTag"":null,""business_name"":""The Galaxy Hair Salon Barbershop Carson"",""address"":""234 E Carson St, Ste 1, Carson, CA 90745"",""city"":""Carson"",""state"":""CA""}","unchanged","false","status_not_public|incomplete_listing"
"67c9ead1818d604b84e5a4e1","Brees Cakes Reseda 2","remaining","","Restaurants","Restaurants","","","","","","{""status"":""pending"",""approved"":null,""alias"":""brees-cakes-reseda-2"",""slug"":null,""isComplete"":false,""completenessScore"":56,""qualityScore"":null,""isTest"":null,""auditTag"":null,""business_name"":""Brees Cakes Reseda 2"",""address"":""6740 Reseda Blvd Unit D Reseda, CA 91335"",""city"":"""",""state"":""CA""}","unchanged","false","status_not_public|incomplete_listing"
"67c9ead1818d604b84e5a4f2","Buna Ethiopian Restaurant And Market Los Angeles 2","remaining","","Restaurants","Restaurants","","","","","","{""status"":""pending"",""approved"":null,""alias"":""buna-ethiopian-restaurant-and-market-los-angeles-2"",""slug"":null,""isComplete"":false,""completenessScore"":56,""qualityScore"":null,""isTest"":null,""auditTag"":null,""business_name"":""Buna Ethiopian Restaurant And Market Los Angeles 2"",""address"":""1034 S Fairfax Ave Los Angeles, CA 90019"",""city"":"""",""state"":""CA""}","unchanged","false","status_not_public|incomplete_listing"
"67c9ead1818d604b84e5a51c","Country Style Jamaican Restaurant Inglewood","remaining","","Restaurants","Restaurants","","","","","","{""status"":""pending"",""approved"":null,""alias"":""country-style-jamaican-restaurant-inglewood"",""slug"":null,""isComplete"":false,""completenessScore"":56,""qualityScore"":null,""isTest"":null,""auditTag"":null,""business_name"":""Country Style Jamaican Restaurant Inglewood"",""address"":""630 N La Brea Ave Inglewood, CA 90302"",""city"":"""",""state"":""CA""}","unchanged","false","status_not_public|incomplete_listing"
"67c9ead1818d604b84e5a51f","Darrows New Orleans Grill Carson","remaining","","Restaurants","Restaurants","","","","","","{""status"":""pending"",""approved"":null,""alias"":""darrows-new-orleans-grill-carson"",""slug"":null,""isComplete"":false,""completenessScore"":56,""qualityScore"":null,""isTest"":null,""auditTag"":null,""business_name"":""Darrows New Orleans Grill Carson"",""address"":""21720 Avalon Blvd Ste 102B Carson, CA 90745"",""city"":"""",""state"":""CA""}","unchanged","false","status_not_public|incomplete_listing"
"67c9ead1818d604b84e5a532","","remaining","","Restaurants","Restaurants","","","","","","{""status"":""pending"",""approved"":null,""alias"":null,""slug"":null,""isComplete"":false,""completenessScore"":44,""qualityScore"":null,""isTest"":null,""auditTag"":null,""business_name"":"""",""address"":""2635 East 4th StLos Angeles, CA 90033"",""city"":"""",""state"":""CA""}","unchanged","false","status_not_public|missing_alias_or_slug|incomplete_listing"
"67c9ead1818d604b84e5a560","Hilltop Coffee And Kitchen Los Angeles","remaining","","Restaurants","Restaurants","","","","","","{""status"":""approved"",""approved"":null,""alias"":""hilltop-coffee-and-kitchen-los-angeles"",""slug"":null,""isComplete"":false,""completenessScore"":67,""qualityScore"":null,""isTest"":null,""auditTag"":null,""business_name"":""Hilltop Coffee And Kitchen Los Angeles"",""address"":""4427 W Slauson Ave Los Angeles, CA 90043"",""city"":"""",""state"":""CA""}","unchanged","false","incomplete_listing"
"67c9ead1818d604b84e5a56d","Jay Bees Bar B Q Gardena 3","remaining","","Restaurants","Restaurants","","","","","","{""status"":""approved"",""approved"":null,""alias"":""jay-bees-bar-b-q-gardena-3"",""slug"":null,""isComplete"":false,""completenessScore"":67,""qualityScore"":null,""isTest"":null,""auditTag"":null,""business_name"":""Jay Bees Bar B Q Gardena 3"",""address"":""15911 S Avalon Blvd Gardena, CA 90247"",""city"":"""",""state"":""CA""}","unchanged","false","incomplete_listing"
"67c9ead1818d604b84e5a594","Lêberry Bakery And Donut Pasadena 2","remaining","","Restaurants","Restaurants","","","","","","{""status"":""pending"",""approved"":null,""alias"":""lêberry-bakery-and-donut-pasadena-2"",""slug"":null,""isComplete"":false,""completenessScore"":56,""qualityScore"":null,""isTest"":null,""auditTag"":null,""business_name"":""Lêberry Bakery And Donut Pasadena 2"",""address"":""445 E Colorado Blvd Pasadena, CA 91101"",""city"":"""",""state"":""CA""}","unchanged","false","status_not_public|incomplete_listing"
"67c9ead1818d604b84e5a596","Lees Market Los Angeles 2","remaining","","Restaurants","Restaurants","","","","","","{""status"":""pending"",""approved"":null,""alias"":""lees-market-los-angeles-2"",""slug"":null,""isComplete"":false,""completenessScore"":56,""qualityScore"":null,""isTest"":null,""auditTag"":null,""business_name"":""Lees Market Los Angeles 2"",""address"":""1908 E 110th St Los Angeles, CA 90059"",""city"":"""",""state"":""CA""}","unchanged","false","status_not_public|incomplete_listing"
"67c9ead1818d604b84e5a647","The Corner 10Th S Bbq Long Beach","remaining","","Restaurants","Restaurants","","","","","","{""status"":""pending"",""approved"":null,""alias"":""the-corner-10th-s-bbq-long-beach"",""slug"":null,""isComplete"":false,""completenessScore"":56,""qualityScore"":null,""isTest"":null,""auditTag"":null,""business_name"":""The Corner 10Th S Bbq Long Beach"",""address"":""3200 E 10th St Long Beach, CA 90804"",""city"":"""",""state"":""CA""}","unchanged","false","status_not_public|incomplete_listing"
"67c9ead1818d604b84e5a467","Lashannas Braid Parlor Los Angeles","remaining","Beauty","Hair Extensions, Hair Stylists","Beauty, Grooming and Personal Care","","","","","","{""status"":""approved"",""approved"":null,""alias"":""lashannas-braid-parlor-los-angeles"",""slug"":""lashannas-braid-parlor-los-angeles-los-angeles-ca"",""isComplete"":false,""completenessScore"":67,""qualityScore"":null,""isTest"":null,""auditTag"":null,""business_name"":""Lashannas Braid Parlor Los Angeles"",""address"":""1938 W Florence Ave, Los Angeles, CA 90047"",""city"":""Los Angeles"",""state"":""CA""}","unchanged","false","incomplete_listing"
"67c9ead1818d604b84e5a484","Cocoaloveshair Torrance","remaining","Beauty","Hair Stylists","Beauty, Grooming and Personal Care","","","","","","{""status"":""pending"",""approved"":null,""alias"":""cocoaloveshair-torrance"",""slug"":""cocoaloveshair-torrance-torrance-ca"",""isComplete"":false,""completenessScore"":67,""qualityScore"":null,""isTest"":null,""auditTag"":null,""business_name"":""Cocoaloveshair Torrance"",""address"":""21250 Hawthorne Blvd, Ste 170, Studio 305, Torrance, CA 90503"",""city"":""Torrance"",""state"":""CA""}","unchanged","false","status_not_public|incomplete_listing"
"67c9ead1818d604b84e5a48b","Dc Lux Hair Studio Beverly Hills","remaining","Beauty","Hair Salons","Beauty, Grooming and Personal Care","","","","","","{""status"":""pending"",""approved"":null,""alias"":""dc-lux-hair-studio-beverly-hills"",""slug"":""dc-lux-hair-studio-beverly-hills-beverly-hills-ca"",""isComplete"":false,""completenessScore"":67,""qualityScore"":null,""isTest"":null,""auditTag"":null,""business_name"":""Dc Lux Hair Studio Beverly Hills"",""address"":""8383 Wilshire Blvd, Ste 75, Beverly Hills, CA 90211"",""city"":""Beverly Hills"",""state"":""CA""}","unchanged","false","status_not_public|incomplete_listing"
"67c9ead1818d604b84e5a491","The Parlor Room Beverly Hills","remaining","Beauty","Men's Hair Salons","Beauty, Grooming and Personal Care","","","","","","{""status"":""pending"",""approved"":null,""alias"":""the-parlor-room-beverly-hills"",""slug"":""the-parlor-room-beverly-hills-beverly-hills-ca"",""isComplete"":false,""completenessScore"":67,""qualityScore"":null,""isTest"":null,""auditTag"":null,""business_name"":""The Parlor Room Beverly Hills"",""address"":""8383 Wilshire Blvd, Ste 110, Beverly Hills, CA 90211"",""city"":""Beverly Hills"",""state"":""CA""}","unchanged","false","status_not_public|incomplete_listing"
"67c9ead1818d604b84e5a4ab","A Beautiful California Florist Long Beach","remaining","Shopping","Shopping","Shopping","","","","","","{""status"":""approved"",""approved"":null,""alias"":""a-beautiful-california-florist-long-beach"",""slug"":null,""isComplete"":false,""completenessScore"":67,""qualityScore"":null,""isTest"":null,""auditTag"":null,""business_name"":""A Beautiful California Florist Long Beach"",""address"":""455 Atlantic Ave Long Beach, CA 90802"",""city"":"""",""state"":""CA""}","unchanged","false","incomplete_listing"
"67c9ead1818d604b84e5a4ad","Abeautifullife Jamaican Cafe Los Angeles","remaining","Restaurants","Restaurants","Restaurants","","","","","","{""status"":""pending"",""approved"":null,""alias"":""abeautifullife-jamaican-cafe-los-angeles"",""slug"":null,""isComplete"":false,""completenessScore"":56,""qualityScore"":null,""isTest"":null,""auditTag"":null,""business_name"":""Abeautifullife Jamaican Cafe Los Angeles"",""address"":""216 S Spring St Los Angeles, CA 90012"",""city"":"""",""state"":""CA""}","unchanged","false","status_not_public|incomplete_listing"
"67c9ead1818d604b84e5a4bc","Antidote Eats Los Angeles","remaining","Restaurants","Restaurants","Restaurants","","","","","","{""status"":""pending"",""approved"":null,""alias"":""antidote-eats-los-angeles"",""slug"":null,""isComplete"":false,""completenessScore"":56,""qualityScore"":null,""isTest"":null,""auditTag"":null,""business_name"":""Antidote Eats Los Angeles"",""address"":""Los Angeles, CA 90012"",""city"":"""",""state"":""CA""}","unchanged","false","status_not_public|incomplete_listing"
"67c9ead1818d604b84e5a4c0","Awash Restaurant Los Angeles","remaining","Restaurants","Restaurants","Restaurants","","","","","","{""status"":""approved"",""approved"":null,""alias"":""awash-restaurant-los-angeles"",""slug"":null,""isComplete"":false,""completenessScore"":67,""qualityScore"":null,""isTest"":null,""auditTag"":null,""business_name"":""Awash Restaurant Los Angeles"",""address"":""5990 1/2 W Pico Blvd Los Angeles, CA 90035"",""city"":"""",""state"":""CA""}","unchanged","false","incomplete_listing"
"67c9ead1818d604b84e5a4d7","Big Daddys Kickin Chicken Inglewood","remaining","Restaurants","Restaurants","Restaurants","","","","","","{""status"":""approved"",""approved"":null,""alias"":""big-daddys-kickin-chicken-inglewood"",""slug"":null,""isComplete"":false,""completenessScore"":67,""qualityScore"":null,""isTest"":null,""auditTag"":null,""business_name"":""Big Daddys Kickin Chicken Inglewood"",""address"":""214 E Nutwood St Inglewood, CA 90301"",""city"":"""",""state"":""CA""}","unchanged","false","incomplete_listing"
"67c9ead1818d604b84e5a516","Crustees Eatery Los Angeles","remaining","","Restaurants","Restaurants","","","","","","{""status"":""pending"",""approved"":null,""alias"":""crustees-eatery-los-angeles"",""slug"":null,""isComplete"":false,""completenessScore"":56,""qualityScore"":null,""isTest"":null,""auditTag"":null,""business_name"":""Crustees Eatery Los Angeles"",""address"":""4442 W Slauson Ave Los Angeles, CA 90043"",""city"":"""",""state"":""CA""}","unchanged","false","status_not_public|incomplete_listing"
"67c9ead1818d604b84e5a525","Devis Donuts And Sweets Long Beach","remaining","","Restaurants","Restaurants","","","","","","{""status"":""pending"",""approved"":null,""alias"":""devis-donuts-and-sweets-long-beach"",""slug"":null,""isComplete"":false,""completenessScore"":56,""qualityScore"":null,""isTest"":null,""auditTag"":null,""business_name"":""Devis Donuts And Sweets Long Beach"",""address"":""130 Cherry Ave Long Beach, CA 90813"",""city"":"""",""state"":""CA""}","unchanged","false","status_not_public|incomplete_listing"
"67c9ead1818d604b84e5a533","Eso Won Books Los Angeles 2","remaining","","Shopping","Shopping","","","","","","{""status"":""approved"",""approved"":null,""alias"":""eso-won-books-los-angeles-2"",""slug"":null,""isComplete"":false,""completenessScore"":67,""qualityScore"":null,""isTest"":null,""auditTag"":null,""business_name"":""Eso Won Books Los Angeles 2"",""address"":""4327 Degnan Blvd Los Angeles, CA 90008"",""city"":"""",""state"":""CA""}","unchanged","false","incomplete_listing"
"67c9ead1818d604b84e5a55e","Grannys Kitchen Los Angeles","remaining","","Restaurants","Restaurants","","","","","","{""status"":""pending"",""approved"":null,""alias"":""grannys-kitchen-los-angeles"",""slug"":null,""isComplete"":false,""completenessScore"":56,""qualityScore"":null,""isTest"":null,""auditTag"":null,""business_name"":""Grannys Kitchen Los Angeles"",""address"":""5440 S Central Ave Los Angeles, CA 90011"",""city"":"""",""state"":""CA""}","unchanged","false","status_not_public|incomplete_listing"
"67c9ead1818d604b84e5a576","","remaining","","Shopping","Shopping","","","","","","{""status"":""pending"",""approved"":null,""alias"":null,""slug"":null,""isComplete"":false,""completenessScore"":44,""qualityScore"":null,""isTest"":null,""auditTag"":null,""business_name"":"""",""address"":""1030 Sanborn Ave Los Angeles, CA 90029"",""city"":"""",""state"":""CA""}","unchanged","false","status_not_public|missing_alias_or_slug|incomplete_listing"
"67c9ead1818d604b84e5a58f","Lavender Blue Inglewood","remaining","","Nightlife","Nightlife","","","","","","{""status"":""pending"",""approved"":null,""alias"":""lavender-blue-inglewood"",""slug"":null,""isComplete"":false,""completenessScore"":56,""qualityScore"":null,""isTest"":null,""auditTag"":null,""business_name"":""Lavender Blue Inglewood"",""address"":""3310 W Manchester Blvd Inglewood, CA 90305"",""city"":"""",""state"":""CA""}","unchanged","false","status_not_public|incomplete_listing"
"67c9ead1818d604b84e5a59d","Les Sisters Southern Kitchen And Bbq Chatsworth","remaining","","Restaurants","Restaurants","","","","","","{""status"":""approved"",""approved"":null,""alias"":""les-sisters-southern-kitchen-and-bbq-chatsworth"",""slug"":null,""isComplete"":false,""completenessScore"":67,""qualityScore"":null,""isTest"":null,""auditTag"":null,""business_name"":""Les Sisters Southern Kitchen And Bbq Chatsworth"",""address"":""21818 Devonshire St Chatsworth, CA 91311"",""city"":"""",""state"":""CA""}","unchanged","false","incomplete_listing"
"67c9ead1818d604b84e5a5db","Onil Chibas Events Pasadena","remaining","","Restaurants","Restaurants","","","","","","{""status"":""pending"",""approved"":null,""alias"":""onil-chibas-events-pasadena"",""slug"":null,""isComplete"":false,""completenessScore"":56,""qualityScore"":null,""isTest"":null,""auditTag"":null,""business_name"":""Onil Chibas Events Pasadena"",""address"":""1717 E Washington Blvd Pasadena, CA 91104"",""city"":"""",""state"":""CA""}","unchanged","false","status_not_public|incomplete_listing"
"67c9ead1818d604b84e5a606","The Rec Room Huntington Beach","remaining","","Nightlife","Nightlife","","","","","","{""status"":""approved"",""approved"":null,""alias"":""the-rec-room-huntington-beach"",""slug"":null,""isComplete"":false,""completenessScore"":67,""qualityScore"":null,""isTest"":null,""auditTag"":null,""business_name"":""The Rec Room Huntington Beach"",""address"":""7227 Edinger Ave Huntington Beach, CA 92647"",""city"":"""",""state"":""CA""}","unchanged","false","incomplete_listing"
"67c9ead1818d604b84e5a637","Sweet Blessings By Cyler Los Angeles","remaining","","Restaurants","Restaurants","","","","","","{""status"":""pending"",""approved"":null,""alias"":""sweet-blessings-by-cyler-los-angeles"",""slug"":null,""isComplete"":false,""completenessScore"":56,""qualityScore"":null,""isTest"":null,""auditTag"":null,""business_name"":""Sweet Blessings By Cyler Los Angeles"",""address"":""14126 Sherman Way Ste 1 Los Angeles, CA 91405"",""city"":"""",""state"":""CA""}","unchanged","false","status_not_public|incomplete_listing"
"67c9ead1818d604b84e5a46b","Beautybeez North Hollywood","remaining","Beauty","Cosmetics & Beauty Supply, Hair Salons, Skin Care","Beauty, Grooming and Personal Care","","","","","","{""status"":""approved"",""approved"":null,""alias"":""beautybeez-north-hollywood"",""slug"":""beautybeez-north-hollywood-north-hollywood-ca"",""isComplete"":false,""completenessScore"":67,""qualityScore"":null,""isTest"":null,""auditTag"":null,""business_name"":""Beautybeez North Hollywood"",""address"":""6522 Laurel Canyon Blvd, North Hollywood, CA 91606"",""city"":""North Hollywood"",""state"":""CA""}","unchanged","false","incomplete_listing"
"67c9ead1818d604b84e5a46c","Le Mode Hair Salon Suite Los Angeles 3","remaining","Beauty","Hair Stylists, Hair Extensions, Makeup Artists","Beauty, Grooming and Personal Care","","","","","","{""status"":""approved"",""approved"":null,""alias"":""le-mode-hair-salon-suite-los-angeles-3"",""slug"":""le-mode-hair-salon-suite-los-angeles-3-los-angeles-ca"",""isComplete"":false,""completenessScore"":67,""qualityScore"":null,""isTest"":null,""auditTag"":null,""business_name"":""Le Mode Hair Salon Suite Los Angeles 3"",""address"":""5444 Yolanda Ave, Ste 217, Los Angeles, CA 91356"",""city"":""Los Angeles"",""state"":""CA""}","unchanged","false","incomplete_listing"
"67c9ead1818d604b84e5a46f","Naturally You Locks Los Angeles 2","remaining","Beauty","Hair Stylists, Jewelry, Eyebrow Services","Beauty, Grooming and Personal Care","","","","","","{""status"":""approved"",""approved"":null,""alias"":""naturally-you-locks-los-angeles-2"",""slug"":""naturally-you-locks-los-angeles-2-los-angeles-ca"",""isComplete"":false,""completenessScore"":67,""qualityScore"":null,""isTest"":null,""auditTag"":null,""business_name"":""Naturally You Locks Los Angeles 2"",""address"":""7409 Crenshaw Blvd, Los Angeles, CA 90043"",""city"":""Los Angeles"",""state"":""CA""}","unchanged","false","incomplete_listing"
"67c9ead1818d604b84e5a475","Catalinas Dominican Beauty Salon Los Angeles","remaining","Beauty","Hair Salons","Beauty, Grooming and Personal Care","","","","","","{""status"":""pending"",""approved"":null,""alias"":""catalinas-dominican-beauty-salon-los-angeles"",""slug"":""catalinas-dominican-beauty-salon-los-angeles-los-angeles-ca"",""isComplete"":false,""completenessScore"":67,""qualityScore"":null,""isTest"":null,""auditTag"":null,""business_name"":""Catalinas Dominican Beauty Salon Los Angeles"",""address"":""15243 Roscoe Blvd, Los Angeles, CA 91402"",""city"":""Los Angeles"",""state"":""CA""}","unchanged","false","status_not_public|incomplete_listing"
"67c9ead1818d604b84e5a4b6","All Flavor No Grease Los Angeles","remaining","Restaurants","Restaurants","Restaurants","","","","","","{""status"":""approved"",""approved"":null,""alias"":""all-flavor-no-grease-los-angeles"",""slug"":null,""isComplete"":false,""completenessScore"":67,""qualityScore"":null,""isTest"":null,""auditTag"":null,""business_name"":""All Flavor No Grease Los Angeles"",""address"":""728 E 108th St Los Angeles, CA 90059"",""city"":"""",""state"":""CA""}","unchanged","false","incomplete_listing"
"67c9ead1818d604b84e5a51d","Cravin Crab Cakes Pasadena","remaining","","Restaurants","Restaurants","","","","","","{""status"":""pending"",""approved"":null,""alias"":""cravin-crab-cakes-pasadena"",""slug"":null,""isComplete"":false,""completenessScore"":56,""qualityScore"":null,""isTest"":null,""auditTag"":null,""business_name"":""Cravin Crab Cakes Pasadena"",""address"":""Pasadena, CA"",""city"":"""",""state"":""CA""}","unchanged","false","status_not_public|incomplete_listing"
"67c9ead1818d604b84e5a53e","Flowerboy Project Los Angeles","remaining","","Restaurants","Restaurants","","","","","","{""status"":""approved"",""approved"":null,""alias"":""flowerboy-project-los-angeles"",""slug"":null,""isComplete"":false,""completenessScore"":67,""qualityScore"":null,""isTest"":null,""auditTag"":null,""business_name"":""Flowerboy Project Los Angeles"",""address"":""824 Lincoln Blvd Los Angeles, CA 90291"",""city"":"""",""state"":""CA""}","unchanged","false","incomplete_listing"
"67c9ead1818d604b84e5a549","Funculo Los Angeles 2","remaining","","Restaurants","Restaurants","","","","","","{""status"":""pending"",""approved"":null,""alias"":""funculo-los-angeles-2"",""slug"":null,""isComplete"":false,""completenessScore"":56,""qualityScore"":null,""isTest"":null,""auditTag"":null,""business_name"":""Funculo Los Angeles 2"",""address"":""724 S Spring St Los Angeles, CA 90014"",""city"":"""",""state"":""CA""}","unchanged","false","status_not_public|incomplete_listing"
"67c9ead1818d604b84e5a59b","Little Kingston Jamaican Restaurant Los Angeles","remaining","","Restaurants","Restaurants","","","","","","{""status"":""pending"",""approved"":null,""alias"":""little-kingston-jamaican-restaurant-los-angeles"",""slug"":null,""isComplete"":false,""completenessScore"":56,""qualityScore"":null,""isTest"":null,""auditTag"":null,""business_name"":""Little Kingston Jamaican Restaurant Los Angeles"",""address"":""4716 W Slauson Ave Los Angeles, CA 90056"",""city"":"""",""state"":""CA""}","unchanged","false","status_not_public|incomplete_listing"
"67c9ead1818d604b84e5a612","","remaining","","Shopping","Shopping","","","","","","{""status"":""pending"",""approved"":null,""alias"":null,""slug"":null,""isComplete"":false,""completenessScore"":44,""qualityScore"":null,""isTest"":null,""auditTag"":null,""business_name"":"""",""address"":""1600 Vine St Los Angeles, CA 90028"",""city"":"""",""state"":""CA""}","unchanged","false","status_not_public|missing_alias_or_slug|incomplete_listing"
"67c9ead1818d604b84e5a488","Hair Magnifique Los Angeles 6","remaining","Beauty","Wigs, Cosmetics & Beauty Supply, Hair Extensions","Beauty, Grooming and Personal Care","","","","","","{""status"":""approved"",""approved"":null,""alias"":""hair-magnifique-los-angeles-6"",""slug"":""hair-magnifique-los-angeles-6-los-angeles-ca"",""isComplete"":false,""completenessScore"":67,""qualityScore"":null,""isTest"":null,""auditTag"":null,""business_name"":""Hair Magnifique Los Angeles 6"",""address"":""5593 W Manchester Ave, Los Angeles, CA 90045"",""city"":""Los Angeles"",""state"":""CA""}","unchanged","false","incomplete_listing"
"67c9ead1818d604b84e5a490","Lizzglams Los Angeles 4","remaining","Beauty","Makeup Artists, Hair Stylists","Beauty, Grooming and Personal Care","","","","","","{""status"":""approved"",""approved"":null,""alias"":""lizzglams-los-angeles-4"",""slug"":""lizzglams-los-angeles-4-los-angeles-ca"",""isComplete"":false,""completenessScore"":67,""qualityScore"":null,""isTest"":null,""auditTag"":null,""business_name"":""Lizzglams Los Angeles 4"",""address"":""3710 W Martin Luther King Blvd, Los Angeles, CA 90008"",""city"":""Los Angeles"",""state"":""CA""}","unchanged","false","incomplete_listing"
"67c9ead1818d604b84e5a49c","Crownd Barber Lounge Hawthorne 2","remaining","Beauty","Barbershop","Beauty, Grooming and Personal Care","","","","","","{""status"":""pending"",""approved"":null,""alias"":""crownd-barber-lounge-hawthorne-2"",""slug"":""crownd-barber-lounge-hawthorne-2-hawthorne-ca"",""isComplete"":false,""completenessScore"":67,""qualityScore"":null,""isTest"":null,""auditTag"":null,""business_name"":""Crownd Barber Lounge Hawthorne 2"",""address"":""13343 Hawthorne Blvd, Hawthorne, CA 90250"",""city"":""Hawthorne"",""state"":""CA""}","unchanged","false","status_not_public|incomplete_listing"
"67c9ead1818d604b84e5a4c3","B And Rs Old Fashion Burgers Hawthorne 2","remaining","Restaurants","Restaurants","Restaurants","","","","","","{""status"":""approved"",""approved"":null,""alias"":""b-and-rs-old-fashion-burgers-hawthorne-2"",""slug"":null,""isComplete"":false,""completenessScore"":67,""qualityScore"":null,""isTest"":null,""auditTag"":null,""business_name"":""B And Rs Old Fashion Burgers Hawthorne 2"",""address"":""3512 W Rosecrans Ave Hawthorne, CA 90250"",""city"":"""",""state"":""CA""}","unchanged","false","incomplete_listing"
"67c9ead1818d604b84e5a50b","Coffee Del Mundo Los Angeles","remaining","","Restaurants","Restaurants","","","","","","{""status"":""pending"",""approved"":null,""alias"":""coffee-del-mundo-los-angeles"",""slug"":null,""isComplete"":false,""completenessScore"":56,""qualityScore"":null,""isTest"":null,""auditTag"":null,""business_name"":""Coffee Del Mundo Los Angeles"",""address"":""7414 S Vermont Ave Los Angeles, CA 90044"",""city"":"""",""state"":""CA""}","unchanged","false","status_not_public|incomplete_listing"
"67c9ead1818d604b84e5a52f","Earles On Crenshaw Los Angeles","remaining","","Restaurants","Restaurants","","","","","","{""status"":""pending"",""approved"":null,""alias"":""earles-on-crenshaw-los-angeles"",""slug"":null,""isComplete"":false,""completenessScore"":56,""qualityScore"":null,""isTest"":null,""auditTag"":null,""business_name"":""Earles On Crenshaw Los Angeles"",""address"":""3864 Crenshaw Blvd Los Angeles, CA 90008"",""city"":"""",""state"":""CA""}","unchanged","false","status_not_public|incomplete_listing"
"67c9ead1818d604b84e5a546","Fun Diggity Funnel Cakes Los Angeles","remaining","","Restaurants","Restaurants","","","","","","{""status"":""pending"",""approved"":null,""alias"":""fun-diggity-funnel-cakes-los-angeles"",""slug"":null,""isComplete"":false,""completenessScore"":56,""qualityScore"":null,""isTest"":null,""auditTag"":null,""business_name"":""Fun Diggity Funnel Cakes Los Angeles"",""address"":""222 E 120th St Los Angeles, CA 90061"",""city"":"""",""state"":""CA""}","unchanged","false","status_not_public|incomplete_listing"
"67c9ead1818d604b84e5a551","Harriets Cheesecakes Unlimited Inglewood","remaining","","Restaurants","Restaurants","","","","","","{""status"":""approved"",""approved"":null,""alias"":""harriets-cheesecakes-unlimited-inglewood"",""slug"":null,""isComplete"":false,""completenessScore"":67,""qualityScore"":null,""isTest"":null,""auditTag"":null,""business_name"":""Harriets Cheesecakes Unlimited Inglewood"",""address"":""1515 Centinela Ave Inglewood, CA 90302"",""city"":"""",""state"":""CA""}","unchanged","false","incomplete_listing"
"67c9ead1818d604b84e5a5e9","Phat And Juicy Burgers Inglewood","remaining","","Restaurants","Restaurants","","","","","","{""status"":""pending"",""approved"":null,""alias"":""phat-and-juicy-burgers-inglewood"",""slug"":null,""isComplete"":false,""completenessScore"":56,""qualityScore"":null,""isTest"":null,""auditTag"":null,""business_name"":""Phat And Juicy Burgers Inglewood"",""address"":""1580 Centinela Ave Ste 4 Inglewood, CA 90302"",""city"":"""",""state"":""CA""}","unchanged","false","status_not_public|incomplete_listing"
"67c9ead1818d604b84e5a64d","","remaining","","Restaurants","Restaurants","","","","","","{""status"":""pending"",""approved"":null,""alias"":null,""slug"":null,""isComplete"":false,""completenessScore"":44,""qualityScore"":null,""isTest"":null,""auditTag"":null,""business_name"":"""",""address"":""3209 W 54th St Los Angeles, CA 90037"",""city"":"""",""state"":""CA""}","unchanged","false","status_not_public|missing_alias_or_slug|incomplete_listing"
"67c9ead1818d604b84e5a494","Kevs Barber Shop Los Angeles","remaining","Beauty","Barbershop","Beauty, Grooming and Personal Care","","","","","","{""status"":""pending"",""approved"":null,""alias"":""kevs-barber-shop-los-angeles"",""slug"":""kevs-barber-shop-los-angeles-los-angeles-ca"",""isComplete"":false,""completenessScore"":67,""qualityScore"":null,""isTest"":null,""auditTag"":null,""business_name"":""Kevs Barber Shop Los Angeles"",""address"":""3022 W Vernon Ave, Los Angeles, CA 90008"",""city"":""Los Angeles"",""state"":""CA""}","unchanged","false","status_not_public|incomplete_listing"
"67c9ead1818d604b84e5a495","Fade Society Torrance","remaining","Beauty","Barbershop","Beauty, Grooming and Personal Care","","","","","","{""status"":""pending"",""approved"":null,""alias"":""fade-society-torrance"",""slug"":""fade-society-torrance-torrance-ca"",""isComplete"":false,""completenessScore"":67,""qualityScore"":null,""isTest"":null,""auditTag"":null,""business_name"":""Fade Society Torrance"",""address"":""Torrance, CA 90503"",""city"":""Torrance"",""state"":""CA""}","unchanged","false","status_not_public|incomplete_listing"
"67c9ead1818d604b84e5a4a8","45 Three Modern Vintage Home Los Angeles 2","remaining","Shopping","Shopping","Shopping","","","","","","{""status"":""approved"",""approved"":null,""alias"":""45-three-modern-vintage-home-los-angeles-2"",""slug"":null,""isComplete"":false,""completenessScore"":67,""qualityScore"":null,""isTest"":null,""auditTag"":null,""business_name"":""45 Three Modern Vintage Home Los Angeles 2"",""address"":""1051 1/2 S Fairfax Ave Los Angeles, CA 90019"",""city"":"""",""state"":""CA""}","unchanged","false","incomplete_listing"
"67c9ead1818d604b84e5a4b3","","remaining","Services","Services","Services","","","","","","{""status"":""pending"",""approved"":null,""alias"":null,""slug"":null,""isComplete"":false,""completenessScore"":44,""qualityScore"":null,""isTest"":null,""auditTag"":null,""business_name"":"""",""address"":""2219 Main St #224, Santa Monica, CA 90405"",""city"":""Santa Monica"",""state"":""CA""}","unchanged","false","status_not_public|missing_alias_or_slug|incomplete_listing"
"67c9ead1818d604b84e5a51b","Cobblermania Los Angeles","remaining","","Restaurants","Restaurants","","","","","","{""status"":""pending"",""approved"":null,""alias"":""cobblermania-los-angeles"",""slug"":null,""isComplete"":false,""completenessScore"":56,""qualityScore"":null,""isTest"":null,""auditTag"":null,""business_name"":""Cobblermania Los Angeles"",""address"":""8300 S Western Ave Golden Bird Los Angeles, CA 90047"",""city"":"""",""state"":""CA""}","unchanged","false","status_not_public|incomplete_listing"
"67c9ead1818d604b84e5a534","Yangmani Los Angeles 2","remaining","","Restaurants","Restaurants","","","","","","{""status"":""pending"",""approved"":null,""alias"":""yangmani-los-angeles-2"",""slug"":null,""isComplete"":false,""completenessScore"":56,""qualityScore"":null,""isTest"":null,""auditTag"":null,""business_name"":""Yangmani Los Angeles 2"",""address"":""2561 W Olympic Blvd Los Angeles, CA 90006"",""city"":"""",""state"":""CA""}","unchanged","false","status_not_public|incomplete_listing"
"67c9ead1818d604b84e5a571","","remaining","","Restaurants","Restaurants","","","","","","{""status"":""pending"",""approved"":null,""alias"":null,""slug"":null,""isComplete"":false,""completenessScore"":44,""qualityScore"":null,""isTest"":null,""auditTag"":null,""business_name"":"""",""address"":""1710 E Compton Blvd Compton, CA 90221"",""city"":"""",""state"":""CA""}","unchanged","false","status_not_public|missing_alias_or_slug|incomplete_listing"
"67c9ead1818d604b84e5a585","King Kone Ice Cream Los Angeles","remaining","","Restaurants","Restaurants","","","","","","{""status"":""approved"",""approved"":null,""alias"":""king-kone-ice-cream-los-angeles"",""slug"":null,""isComplete"":false,""completenessScore"":67,""qualityScore"":null,""isTest"":null,""auditTag"":null,""business_name"":""King Kone Ice Cream Los Angeles"",""address"":""Los Angeles, CA 90048"",""city"":"""",""state"":""CA""}","unchanged","false","incomplete_listing"
"67c9ead1818d604b84e5a58b","Ladie Kakes Long Beach 2","remaining","","Restaurants","Restaurants","","","","","","{""status"":""pending"",""approved"":null,""alias"":""ladie-kakes-long-beach-2"",""slug"":null,""isComplete"":false,""completenessScore"":56,""qualityScore"":null,""isTest"":null,""auditTag"":null,""business_name"":""Ladie Kakes Long Beach 2"",""address"":""Long Beach, CA 90802"",""city"":"""",""state"":""CA""}","unchanged","false","status_not_public|incomplete_listing"
"67c9ead1818d604b84e5a5b5","Meals By Genet Los Angeles","remaining","","Restaurants","Restaurants","","","","","","{""status"":""pending"",""approved"":null,""alias"":""meals-by-genet-los-angeles"",""slug"":null,""isComplete"":false,""completenessScore"":56,""qualityScore"":null,""isTest"":null,""auditTag"":null,""business_name"":""Meals By Genet Los Angeles"",""address"":""1053 S Fairfax Ave Los Angeles, CA 90019"",""city"":"""",""state"":""CA""}","unchanged","false","status_not_public|incomplete_listing"
"67c9ead1818d604b84e5a5cd","Nail Dega Inglewood","remaining","","Beauty, Grooming and Personal Care","Beauty, Grooming and Personal Care","","","","","","{""status"":""approved"",""approved"":null,""alias"":""nail-dega-inglewood"",""slug"":null,""isComplete"":false,""completenessScore"":67,""qualityScore"":null,""isTest"":null,""auditTag"":null,""business_name"":""Nail Dega Inglewood"",""address"":""8460 Crenshaw Blvd Inglewood, CA 90305"",""city"":"""",""state"":""CA""}","unchanged","false","incomplete_listing"
"67c9ead1818d604b84e5a5e5","Parrains Soulfood Paramount","remaining","","Restaurants","Restaurants","","","","","","{""status"":""approved"",""approved"":null,""alias"":""parrains-soulfood-paramount"",""slug"":null,""isComplete"":false,""completenessScore"":67,""qualityScore"":null,""isTest"":null,""auditTag"":null,""business_name"":""Parrains Soulfood Paramount"",""address"":""7906 Alondra Blvd Paramount, CA 90723"",""city"":"""",""state"":""CA""}","unchanged","false","incomplete_listing"
"67c9ead1818d604b84e5a5e6","","remaining","","Shopping","Shopping","","","","","","{""status"":""pending"",""approved"":null,""alias"":null,""slug"":null,""isComplete"":false,""completenessScore"":44,""qualityScore"":null,""isTest"":null,""auditTag"":null,""business_name"":"""",""address"":""1620 Morton Ave Los Angeles, CA 90026"",""city"":"""",""state"":""CA""}","unchanged","false","status_not_public|missing_alias_or_slug|incomplete_listing"
"67c9ead1818d604b84e5a5ec","Peppers Jamaican Belizean Cuisine Los Angeles","remaining","","Restaurants","Restaurants","","","","","","{""status"":""pending"",""approved"":null,""alias"":""peppers-jamaican-belizean-cuisine-los-angeles"",""slug"":null,""isComplete"":false,""completenessScore"":56,""qualityScore"":null,""isTest"":null,""auditTag"":null,""business_name"":""Peppers Jamaican Belizean Cuisine Los Angeles"",""address"":""2166 W Slauson Ave Los Angeles, CA 90047"",""city"":"""",""state"":""CA""}","unchanged","false","status_not_public|incomplete_listing"
"67c9ead1818d604b84e5a5f2","Phat Daddys Los Angeles 3","remaining","","Restaurants","Restaurants","","","","","","{""status"":""pending"",""approved"":null,""alias"":""phat-daddys-los-angeles-3"",""slug"":null,""isComplete"":false,""completenessScore"":56,""qualityScore"":null,""isTest"":null,""auditTag"":null,""business_name"":""Phat Daddys Los Angeles 3"",""address"":""2312 1/2 W 48th St Los Angeles, CA 90043"",""city"":"""",""state"":""CA""}","unchanged","false","status_not_public|incomplete_listing"
"67c9ead1818d604b84e5a616","Scv Fish Market Santa Clarita 2","remaining","","Restaurants","Restaurants","","","","","","{""status"":""pending"",""approved"":null,""alias"":""scv-fish-market-santa-clarita-2"",""slug"":null,""isComplete"":false,""completenessScore"":56,""qualityScore"":null,""isTest"":null,""auditTag"":null,""business_name"":""Scv Fish Market Santa Clarita 2"",""address"":""26234 Bouquet Canyon Rd Santa Clarita, CA 91350"",""city"":"""",""state"":""CA""}","unchanged","false","status_not_public|incomplete_listing"
"67c9ead1818d604b84e5a627","Skys Gourmet Tacos Los Angeles","remaining","","Restaurants","Restaurants","","","","","","{""status"":""pending"",""approved"":null,""alias"":""skys-gourmet-tacos-los-angeles"",""slug"":null,""isComplete"":false,""completenessScore"":56,""qualityScore"":null,""isTest"":null,""auditTag"":null,""business_name"":""Skys Gourmet Tacos Los Angeles"",""address"":""5303 W Pico Blvd Los Angeles, CA 90019"",""city"":"""",""state"":""CA""}","unchanged","false","status_not_public|incomplete_listing"
"67c9ead1818d604b84e5a649","The Jerk Spot Jamaican Restaurant Culver City 2","remaining","","Restaurants","Restaurants","","","","","","{""status"":""pending"",""approved"":null,""alias"":""the-jerk-spot-jamaican-restaurant-culver-city-2"",""slug"":null,""isComplete"":false,""completenessScore"":56,""qualityScore"":null,""isTest"":null,""auditTag"":null,""business_name"":""The Jerk Spot Jamaican Restaurant Culver City 2"",""address"":""9006 Venice Blvd Culver City, CA 90232"",""city"":"""",""state"":""CA""}","unchanged","false","status_not_public|incomplete_listing"
"67c9ead1818d604b84e5a464","Couture Weave Boutique And Nail Cottage Los Angeles","remaining","Beauty","Hair Extensions, Nail Salons, Eyelash Service","Beauty, Grooming and Personal Care","","","","","","{""status"":""approved"",""approved"":null,""alias"":""couture-weave-boutique-and-nail-cottage-los-angeles"",""slug"":""couture-weave-boutique-and-nail-cottage-los-angeles-los-angeles-ca"",""isComplete"":false,""completenessScore"":67,""qualityScore"":null,""isTest"":null,""auditTag"":null,""business_name"":""Couture Weave Boutique And Nail Cottage Los Angeles"",""address"":""5872 W Pico Blvd, Los Angeles, CA 90019"",""city"":""Los Angeles"",""state"":""CA""}","unchanged","false","incomplete_listing"
"67c9ead1818d604b84e5a4cb","Bbs Cafe Covina","remaining","Restaurants","Restaurants","Restaurants","","","","","","{""status"":""approved"",""approved"":null,""alias"":""bbs-cafe-covina"",""slug"":null,""isComplete"":false,""completenessScore"":67,""qualityScore"":null,""isTest"":null,""auditTag"":null,""business_name"":""Bbs Cafe Covina"",""address"":""502 N Citrus Ave Covina, CA 91723"",""city"":"""",""state"":""CA""}","unchanged","false","incomplete_listing"
"67c9ead1818d604b84e5a50d","Chicken N Chips Los Angeles 2","remaining","","Restaurants","Restaurants","","","","","","{""status"":""pending"",""approved"":null,""alias"":""chicken-n-chips-los-angeles-2"",""slug"":null,""isComplete"":false,""completenessScore"":56,""qualityScore"":null,""isTest"":null,""auditTag"":null,""business_name"":""Chicken N Chips Los Angeles 2"",""address"":""2728 Fletcher Dr Los Angeles, CA 90039"",""city"":"""",""state"":""CA""}","unchanged","false","status_not_public|incomplete_listing"
"67c9ead1818d604b84e5a5e3","Pasadena Fish Market Pasadena","remaining","","Restaurants","Restaurants","","","","","","{""status"":""pending"",""approved"":null,""alias"":""pasadena-fish-market-pasadena"",""slug"":null,""isComplete"":false,""completenessScore"":56,""qualityScore"":null,""isTest"":null,""auditTag"":null,""business_name"":""Pasadena Fish Market Pasadena"",""address"":""181 E Orange Grove Blvd Pasadena, CA 91103"",""city"":"""",""state"":""CA""}","unchanged","false","status_not_public|incomplete_listing"
"67c9ead1818d604b84e5a603","Ratio Cycling Los Angeles 6","remaining","","Gym, Fitness Health and Wellness","Gym, Fitness Health and Wellness","","","","","","{""status"":""approved"",""approved"":null,""alias"":""ratio-cycling-los-angeles-6"",""slug"":null,""isComplete"":false,""completenessScore"":67,""qualityScore"":null,""isTest"":null,""auditTag"":null,""business_name"":""Ratio Cycling Los Angeles 6"",""address"":""1306 N Wilton Pl Los Angeles, CA 90028"",""city"":"""",""state"":""CA""}","unchanged","false","incomplete_listing"
"67c9ead1818d604b84e5a609","Revolutionario North African Tacos Los Angeles","remaining","","Restaurants","Restaurants","","","","","","{""status"":""pending"",""approved"":null,""alias"":""revolutionario-north-african-tacos-los-angeles"",""slug"":null,""isComplete"":false,""completenessScore"":56,""qualityScore"":null,""isTest"":null,""auditTag"":null,""business_name"":""Revolutionario North African Tacos Los Angeles"",""address"":""1436 W Jefferson Blvd Ste 70 Los Angeles, CA 90007"",""city"":"""",""state"":""CA""}","unchanged","false","status_not_public|incomplete_listing"
"67c9ead1818d604b84e5a49b","Chi Town Cuts And Fades Los Angeles 4","remaining","Beauty","Hair Salons","Beauty, Grooming and Personal Care","","","","","","{""status"":""pending"",""approved"":null,""alias"":""chi-town-cuts-and-fades-los-angeles-4"",""slug"":""chi-town-cuts-and-fades-los-angeles-4-los-angeles-ca"",""isComplete"":false,""completenessScore"":67,""qualityScore"":null,""isTest"":null,""auditTag"":null,""business_name"":""Chi Town Cuts And Fades Los Angeles 4"",""address"":""2927 W Olympic Blvd, Los Angeles, CA 90006"",""city"":""Los Angeles"",""state"":""CA""}","unchanged","false","status_not_public|incomplete_listing"
"67c9ead1818d604b84e5a49e","The Barber Bureau Monrovia","remaining","Beauty","Barbershop","Beauty, Grooming and Personal Care","","","","","","{""status"":""pending"",""approved"":null,""alias"":""the-barber-bureau-monrovia"",""slug"":""the-barber-bureau-monrovia-monrovia-ca"",""isComplete"":false,""completenessScore"":67,""qualityScore"":null,""isTest"":null,""auditTag"":null,""business_name"":""The Barber Bureau Monrovia"",""address"":""443 W Foothill Blvd, Monrovia, CA 91016"",""city"":""Monrovia"",""state"":""CA""}","unchanged","false","status_not_public|incomplete_listing"
"67c9ead1818d604b84e5a501","Caribbean Gourmet Pasadena","remaining","","Restaurants","Restaurants","","","","","","{""status"":""pending"",""approved"":null,""alias"":""caribbean-gourmet-pasadena"",""slug"":null,""isComplete"":false,""completenessScore"":56,""qualityScore"":null,""isTest"":null,""auditTag"":null,""business_name"":""Caribbean Gourmet Pasadena"",""address"":""45 N San Gabriel Blvd Pasadena, CA 91107"",""city"":"""",""state"":""CA""}","unchanged","false","status_not_public|incomplete_listing"
"67c9ead1818d604b84e5a595","Lees Caribbean Restaurant Inglewood","remaining","","Restaurants","Restaurants","","","","","","{""status"":""pending"",""approved"":null,""alias"":""lees-caribbean-restaurant-inglewood"",""slug"":null,""isComplete"":false,""completenessScore"":56,""qualityScore"":null,""isTest"":null,""auditTag"":null,""business_name"":""Lees Caribbean Restaurant Inglewood"",""address"":""1041 S Prairie Ave Inglewood, CA 90301"",""city"":"""",""state"":""CA""}","unchanged","false","status_not_public|incomplete_listing"
"67c9ead1818d604b84e5a62e","","remaining","","Shopping","Shopping","","","","","","{""status"":""pending"",""approved"":null,""alias"":null,""slug"":null,""isComplete"":false,""completenessScore"":56,""qualityScore"":null,""isTest"":null,""auditTag"":null,""business_name"":"""",""address"":""342 N San Fernando Rd, Los Angeles, CA 90031"",""city"":"""",""state"":""CA""}","unchanged","false","status_not_public|missing_alias_or_slug|incomplete_listing"
"67c9ead1818d604b84e5a630","Str8 Up Tacos La Palma 3","remaining","","Restaurants","Restaurants","","","","","","{""status"":""pending"",""approved"":null,""alias"":""str8-up-tacos-la-palma-3"",""slug"":null,""isComplete"":false,""completenessScore"":56,""qualityScore"":null,""isTest"":null,""auditTag"":null,""business_name"":""Str8 Up Tacos La Palma 3"",""address"":""8471 Walker St La Palma, CA 90623"",""city"":"""",""state"":""CA""}","unchanged","false","status_not_public|incomplete_listing"
"67c9ead1818d604b84e5a64e","The Gourmet Cobbler Factory Pasadena","remaining","","Restaurants","Restaurants","","","","","","{""status"":""pending"",""approved"":null,""alias"":""the-gourmet-cobbler-factory-pasadena"",""slug"":null,""isComplete"":false,""completenessScore"":56,""qualityScore"":null,""isTest"":null,""auditTag"":null,""business_name"":""The Gourmet Cobbler Factory Pasadena"",""address"":""33 N Catalina Ave Pasadena, CA 91106"",""city"":"""",""state"":""CA""}","unchanged","false","status_not_public|incomplete_listing"
"67c9ead1818d604b84e5a64f","The Kobbler King Los Angeles","remaining","","Restaurants","Restaurants","","","","","","{""status"":""pending"",""approved"":null,""alias"":""the-kobbler-king-los-angeles"",""slug"":null,""isComplete"":false,""completenessScore"":56,""qualityScore"":null,""isTest"":null,""auditTag"":null,""business_name"":""The Kobbler King Los Angeles"",""address"":""3622 W Jefferson Blvd Los Angeles, CA 90016"",""city"":"""",""state"":""CA""}","unchanged","false","status_not_public|incomplete_listing"
"67c9ead1818d604b84e5a656","The Original Coley S Los Angeles","remaining","","Restaurants","Restaurants","","","","","","{""status"":""pending"",""approved"":null,""alias"":""the-original-coley-s-los-angeles"",""slug"":null,""isComplete"":false,""completenessScore"":56,""qualityScore"":null,""isTest"":null,""auditTag"":null,""business_name"":""The Original Coley S Los Angeles"",""address"":""Los Angeles, CA 90001"",""city"":"""",""state"":""CA""}","unchanged","false","status_not_public|incomplete_listing"
"67c9ead1818d604b84e5a674","Traceys Belizean Restaurant Los Angeles","remaining","","Restaurants","Restaurants","","","","","","{""status"":""pending"",""approved"":null,""alias"":""traceys-belizean-restaurant-los-angeles"",""slug"":null,""isComplete"":false,""completenessScore"":56,""qualityScore"":null,""isTest"":null,""auditTag"":null,""business_name"":""Traceys Belizean Restaurant Los Angeles"",""address"":""3810 S Western Ave Los Angeles, CA 90062"",""city"":"""",""state"":""CA""}","unchanged","false","status_not_public|incomplete_listing"
"67c9ead1818d604b84e5a69b","118.4312286","remaining","","Appliances & Repair","Services","","","","","","{""status"":""pending"",""approved"":null,""alias"":-118.4312286,""slug"":null,""isComplete"":false,""completenessScore"":56,""qualityScore"":null,""isTest"":null,""auditTag"":null,""business_name"":""118.4312286"",""address"":""Los Angeles, CA 91423"",""city"":"""",""state"":""CA""}","unchanged","false","status_not_public|missing_alias_or_slug|incomplete_listing"
"67c9ead1818d604b84e5a6a8","118.254384","remaining","","Pet Groomers","Services","","","","","","{""status"":""pending"",""approved"":null,""alias"":-118.254384,""slug"":null,""isComplete"":false,""completenessScore"":56,""qualityScore"":null,""isTest"":null,""auditTag"":null,""business_name"":""118.254384"",""address"":""10345 S Central Ave Los Angeles, CA 90002"",""city"":"""",""state"":""CA""}","unchanged","false","status_not_public|missing_alias_or_slug|incomplete_listing"
"67c9ead1818d604b84e5a6ae","118.3829077","remaining","","Keys & Locksmiths","Services","","","","","","{""status"":""pending"",""approved"":null,""alias"":-118.3829077,""slug"":null,""isComplete"":false,""completenessScore"":56,""qualityScore"":null,""isTest"":null,""auditTag"":null,""business_name"":""118.3829077"",""address"":""8719 Pickford St Los Angeles, CA 90035"",""city"":"""",""state"":""CA""}","unchanged","false","status_not_public|missing_alias_or_slug|incomplete_listing"
"67c9ead1818d604b84e5a6d6","118.38079","remaining","","Session Photography","Services","","","","","","{""status"":""pending"",""approved"":null,""alias"":-118.38079,""slug"":null,""isComplete"":false,""completenessScore"":44,""qualityScore"":null,""isTest"":null,""auditTag"":null,""business_name"":""118.38079"",""address"":""Los Angeles, CA 90035"",""city"":"""",""state"":""CA""}","unchanged","false","status_not_public|missing_alias_or_slug|incomplete_listing"
"67c9ead1818d604b84e5a6e0","118.42395","remaining","","Keys & Locksmiths","Services","","","","","","{""status"":""pending"",""approved"":null,""alias"":-118.42395,""slug"":null,""isComplete"":false,""completenessScore"":56,""qualityScore"":null,""isTest"":null,""auditTag"":null,""business_name"":""118.42395"",""address"":""3415 South Sepulveda Blvd Los Angeles, CA 90034"",""city"":"""",""state"":""CA""}","unchanged","false","status_not_public|missing_alias_or_slug|incomplete_listing"
"67c9ead1818d604b84e5a6ca","118.24784","remaining","","Costumes","Shopping","","","","","","{""status"":""pending"",""approved"":null,""alias"":-118.24784,""slug"":null,""isComplete"":false,""completenessScore"":56,""qualityScore"":null,""isTest"":null,""auditTag"":null,""business_name"":""118.24784"",""address"":""985 Marview Ave Los Angeles, CA 90012"",""city"":"""",""state"":""CA""}","unchanged","false","status_not_public|missing_alias_or_slug|incomplete_listing"
"67c9ead1818d604b84e5a659","Nest Los Angeles 3","remaining","","Nightlife","Nightlife","","","","","","{""status"":""approved"",""approved"":null,""alias"":""nest-los-angeles-3"",""slug"":null,""isComplete"":false,""completenessScore"":67,""qualityScore"":null,""isTest"":null,""auditTag"":null,""business_name"":""Nest Los Angeles 3"",""address"":""900 W Olympic Blvd Los Angeles, CA 90015"",""city"":"""",""state"":""CA""}","unchanged","false","incomplete_listing"
"67c9ead1818d604b84e5a66a","118.3234476","remaining","","Real Estate Agents","Services","","","","","","{""status"":""pending"",""approved"":null,""alias"":-118.3234476,""slug"":null,""isComplete"":false,""completenessScore"":56,""qualityScore"":null,""isTest"":null,""auditTag"":null,""business_name"":""118.3234476"",""address"":""3801 Sutro Ave Los Angeles, CA 90008"",""city"":"""",""state"":""CA""}","unchanged","false","status_not_public|missing_alias_or_slug|incomplete_listing"
"67c9ead1818d604b84e5a682","Veronicas Kitchen Inglewood","remaining","","Restaurants","Restaurants","","","","","","{""status"":""approved"",""approved"":null,""alias"":""veronicas-kitchen-inglewood"",""slug"":null,""isComplete"":false,""completenessScore"":67,""qualityScore"":null,""isTest"":null,""auditTag"":null,""business_name"":""Veronicas Kitchen Inglewood"",""address"":""401 E Hillcrest Blvd Inglewood, CA 90301"",""city"":"""",""state"":""CA""}","unchanged","false","incomplete_listing"
"67c9ead1818d604b84e5a697","Your Bakery 1St Inglewood","remaining","","Restaurants","Restaurants","","","","","","{""status"":""pending"",""approved"":null,""alias"":""your-bakery-1st-inglewood"",""slug"":null,""isComplete"":false,""completenessScore"":56,""qualityScore"":null,""isTest"":null,""auditTag"":null,""business_name"":""Your Bakery 1St Inglewood"",""address"":""6525 West Blvd Inglewood, CA 90302"",""city"":"""",""state"":""CA""}","unchanged","false","status_not_public|incomplete_listing"
"67c9ead1818d604b84e5a6b6","118.3176651","remaining","","Paint & Sip","Gym, Fitness Health and Wellness","","","","","","{""status"":""pending"",""approved"":null,""alias"":-118.3176651,""slug"":null,""isComplete"":false,""completenessScore"":56,""qualityScore"":null,""isTest"":null,""auditTag"":null,""business_name"":""118.3176651"",""address"":""Los Angeles, CA 90018"",""city"":"""",""state"":""CA""}","unchanged","false","status_not_public|missing_alias_or_slug|incomplete_listing"
"67c9ead1818d604b84e5a6bf","118.325739","remaining","","Vocal Coach","Services","","","","","","{""status"":""pending"",""approved"":null,""alias"":-118.325739,""slug"":null,""isComplete"":false,""completenessScore"":56,""qualityScore"":null,""isTest"":null,""auditTag"":null,""business_name"":""118.325739"",""address"":""Los Angeles, CA 90028"",""city"":"""",""state"":""CA""}","unchanged","false","status_not_public|missing_alias_or_slug|incomplete_listing"
"67c9ead1818d604b84e5a675","Treme Kitchen Leimert Park","remaining","","Restaurants","Restaurants","","","","","","{""status"":""pending"",""approved"":null,""alias"":""treme-kitchen-leimert-park"",""slug"":null,""isComplete"":false,""completenessScore"":44,""qualityScore"":null,""isTest"":null,""auditTag"":null,""business_name"":""Treme Kitchen Leimert Park"",""address"":""Leimert Park, CA 90008"",""city"":"""",""state"":""CA""}","unchanged","false","status_not_public|incomplete_listing"
"67c9ead1818d604b84e5a679","Uedf Fish And Chips Altadena","remaining","","Restaurants","Restaurants","","","","","","{""status"":""pending"",""approved"":null,""alias"":""uedf-fish-and-chips-altadena"",""slug"":null,""isComplete"":false,""completenessScore"":56,""qualityScore"":null,""isTest"":null,""auditTag"":null,""business_name"":""Uedf Fish And Chips Altadena"",""address"":""2191 N Lake Ave Altadena, CA 91001"",""city"":"""",""state"":""CA""}","unchanged","false","status_not_public|incomplete_listing"
"67c9ead1818d604b84e5a68e","Wings And Pot Los Angeles","remaining","","Restaurants","Restaurants","","","","","","{""status"":""pending"",""approved"":null,""alias"":""wings-and-pot-los-angeles"",""slug"":null,""isComplete"":false,""completenessScore"":56,""qualityScore"":null,""isTest"":null,""auditTag"":null,""business_name"":""Wings And Pot Los Angeles"",""address"":""2108 W Manchester Ave Los Angeles, CA 90047"",""city"":"""",""state"":""CA""}","unchanged","false","status_not_public|incomplete_listing"
"67c9ead1818d604b84e5a699","","remaining","","Shopping","Shopping","","","","","","{""status"":""pending"",""approved"":null,""alias"":null,""slug"":null,""isComplete"":false,""completenessScore"":44,""qualityScore"":null,""isTest"":null,""auditTag"":null,""business_name"":"""",""address"":""PO BOX 94501 Pasadena CA 91109"",""city"":"""",""state"":""PO""}","unchanged","false","status_not_public|missing_alias_or_slug|incomplete_listing"
"67c9ead1818d604b84e5a6d2","118.3560223","remaining","","Bartenders","Nightlife","","","","","","{""status"":""pending"",""approved"":null,""alias"":-118.3560223,""slug"":null,""isComplete"":false,""completenessScore"":56,""qualityScore"":null,""isTest"":null,""auditTag"":null,""business_name"":""118.3560223"",""address"":""3651 S La Brea Ave Ste 288 Los Angeles, CA 90016"",""city"":"""",""state"":""CA""}","unchanged","false","status_not_public|missing_alias_or_slug|incomplete_listing"
"67c9ead1818d604b84e5a65e","","remaining","","Shopping","Shopping","","","","","","{""status"":""pending"",""approved"":null,""alias"":null,""slug"":null,""isComplete"":false,""completenessScore"":44,""qualityScore"":null,""isTest"":null,""auditTag"":null,""business_name"":"""",""address"":""6230 Wilshire Blvd #71 Los Angeles, CA 90048"",""city"":"""",""state"":""CA""}","unchanged","false","status_not_public|missing_alias_or_slug|incomplete_listing"
"67c9ead1818d604b84e5a670","Tisket A Tasket Catering And Food Services Los Angeles","remaining","","Restaurants","Restaurants","","","","","","{""status"":""pending"",""approved"":null,""alias"":""tisket-a-tasket-catering-and-food-services-los-angeles"",""slug"":null,""isComplete"":false,""completenessScore"":56,""qualityScore"":null,""isTest"":null,""auditTag"":null,""business_name"":""Tisket A Tasket Catering And Food Services Los Angeles"",""address"":""3850 W Slauson Ave Los Angeles, CA 90043"",""city"":"""",""state"":""CA""}","unchanged","false","status_not_public|incomplete_listing"
"67c9ead1818d604b84e5a6bc","118.3386688","remaining","","Car Wash","Services","","","","","","{""status"":""pending"",""approved"":null,""alias"":-118.3386688,""slug"":null,""isComplete"":false,""completenessScore"":56,""qualityScore"":null,""isTest"":null,""auditTag"":null,""business_name"":""118.3386688"",""address"":""Los Angeles, CA 90019"",""city"":"""",""state"":""CA""}","unchanged","false","status_not_public|missing_alias_or_slug|incomplete_listing"
"67c9ead1818d604b84e5a662","Shop The Runway Boutique Whittier 2","remaining","","Shopping","Shopping","","","","","","{""status"":""approved"",""approved"":null,""alias"":""shop-the-runway-boutique-whittier-2"",""slug"":null,""isComplete"":false,""completenessScore"":67,""qualityScore"":null,""isTest"":null,""auditTag"":null,""business_name"":""Shop The Runway Boutique Whittier 2"",""address"":""6737 Greenleaf Ave Whittier, CA 90601"",""city"":"""",""state"":""CA""}","unchanged","false","incomplete_listing"
"67c9ead1818d604b84e5a673","","remaining","","Restaurants","Restaurants","","","","","","{""status"":""pending"",""approved"":null,""alias"":null,""slug"":null,""isComplete"":false,""completenessScore"":44,""qualityScore"":null,""isTest"":null,""auditTag"":null,""business_name"":"""",""address"":""4712 Lomita St Los Angeles, CA 90019"",""city"":"""",""state"":""CA""}","unchanged","false","status_not_public|missing_alias_or_slug|incomplete_listing"
"67c9ead1818d604b84e5a68b","Wilsons Bbq Rib Shack Alhambra 2","remaining","","Restaurants","Restaurants","","","","","","{""status"":""pending"",""approved"":null,""alias"":""wilsons-bbq-rib-shack-alhambra-2"",""slug"":null,""isComplete"":false,""completenessScore"":56,""qualityScore"":null,""isTest"":null,""auditTag"":null,""business_name"":""Wilsons Bbq Rib Shack Alhambra 2"",""address"":""300 N El Molino St Alhambra, CA 91801"",""city"":"""",""state"":""CA""}","unchanged","false","status_not_public|incomplete_listing"
"67c9ead1818d604b84e5a687","Watts Coffee House Los Angeles","remaining","","Restaurants","Restaurants","","","","","","{""status"":""pending"",""approved"":null,""alias"":""watts-coffee-house-los-angeles"",""slug"":null,""isComplete"":false,""completenessScore"":56,""qualityScore"":null,""isTest"":null,""auditTag"":null,""business_name"":""Watts Coffee House Los Angeles"",""address"":""1827 E 103rd St Los Angeles, CA 90002"",""city"":"""",""state"":""CA""}","unchanged","false","status_not_public|incomplete_listing"
"67c9ead1818d604b84e5a69a","118.263059","remaining","","Counseling & Mental Health","Gym, Fitness Health and Wellness","","","","","","{""status"":""pending"",""approved"":null,""alias"":-118.263059,""slug"":null,""isComplete"":false,""completenessScore"":56,""qualityScore"":null,""isTest"":null,""auditTag"":null,""business_name"":""118.263059"",""address"":""1055 W 7th St Fl 33 Penthouse Los Angeles, CA 90017"",""city"":"""",""state"":""CA""}","unchanged","false","status_not_public|missing_alias_or_slug|incomplete_listing"
"67c9ead1818d604b84e5a655","Blvd Kitchen Los Angeles","remaining","","Restaurants","Restaurants","","","","","","{""status"":""pending"",""approved"":null,""alias"":""blvd-kitchen-los-angeles"",""slug"":null,""isComplete"":false,""completenessScore"":56,""qualityScore"":null,""isTest"":null,""auditTag"":null,""business_name"":""Blvd Kitchen Los Angeles"",""address"":""13545 Ventura Blvd Los Angeles, CA 91423"",""city"":"""",""state"":""CA""}","unchanged","false","status_not_public|incomplete_listing"
"67c9ead1818d604b84e5a664","Snoball Shop Los Angeles","remaining","","Restaurants","Restaurants","","","","","","{""status"":""pending"",""approved"":null,""alias"":""snoball-shop-los-angeles"",""slug"":null,""isComplete"":false,""completenessScore"":44,""qualityScore"":null,""isTest"":null,""auditTag"":null,""business_name"":""Snoball Shop Los Angeles"",""address"":""4452 W Slauson Los Angeles, CA 90043"",""city"":"""",""state"":""CA""}","unchanged","false","status_not_public|incomplete_listing"
"67c9ead1818d604b84e5a67a","Vanillablack Los Angeles","remaining","","Restaurants","Restaurants","","","","","","{""status"":""pending"",""approved"":null,""alias"":""vanillablack-los-angeles"",""slug"":null,""isComplete"":false,""completenessScore"":56,""qualityScore"":null,""isTest"":null,""auditTag"":null,""business_name"":""Vanillablack Los Angeles"",""address"":""1825 Sunset Blvd Los Angeles, CA 90026"",""city"":"""",""state"":""CA""}","unchanged","false","status_not_public|incomplete_listing"
"67c9ead1818d604b84e5a696","118.4544144","remaining","","Coffee Roasteries","Restaurants","","","","","","{""status"":""pending"",""approved"":null,""alias"":-118.4544144,""slug"":null,""isComplete"":false,""completenessScore"":56,""qualityScore"":null,""isTest"":null,""auditTag"":null,""business_name"":""118.4544144"",""address"":""11609 Santa Monica Blvd Los Angeles, CA 90025"",""city"":"""",""state"":""CA""}","unchanged","false","status_not_public|missing_alias_or_slug|incomplete_listing"
"67c9ead1818d604b84e5a6a5","118.293251","remaining","","Interior Design","Services","","","","","","{""status"":""pending"",""approved"":null,""alias"":-118.293251,""slug"":null,""isComplete"":false,""completenessScore"":44,""qualityScore"":null,""isTest"":null,""auditTag"":null,""business_name"":""118.293251"",""address"":""Los Angeles, CA 90005"",""city"":"""",""state"":""CA""}","unchanged","false","status_not_public|missing_alias_or_slug|incomplete_listing"
"67c9ead1818d604b84e5a6a7","118.3020859","remaining","","Contractors","Services","","","","","","{""status"":""pending"",""approved"":null,""alias"":-118.3020859,""slug"":null,""isComplete"":false,""completenessScore"":56,""qualityScore"":null,""isTest"":null,""auditTag"":null,""business_name"":""118.3020859"",""address"":""Los Angeles, CA 90004"",""city"":"""",""state"":""CA""}","unchanged","false","status_not_public|missing_alias_or_slug|incomplete_listing"
"67c9ead1818d604b84e5a6aa","118.3089151","remaining","","Cannabis Dispensaries","Shopping","","","","","","{""status"":""pending"",""approved"":null,""alias"":-118.3089151,""slug"":null,""isComplete"":false,""completenessScore"":56,""qualityScore"":null,""isTest"":null,""auditTag"":null,""business_name"":""118.3089151"",""address"":""1132 South Western Ave Los Angeles, CA 90006"",""city"":"""",""state"":""CA""}","unchanged","false","status_not_public|missing_alias_or_slug|incomplete_listing"
"67c9ead1818d604b84e5a6af","118.33317","remaining","","Makeup Artists","Beauty, Grooming and Personal Care","","","","","","{""status"":""pending"",""approved"":null,""alias"":-118.33317,""slug"":null,""isComplete"":false,""completenessScore"":56,""qualityScore"":null,""isTest"":null,""auditTag"":null,""business_name"":""118.33317"",""address"":""Los Angeles, CA 90038"",""city"":"""",""state"":""CA""}","unchanged","false","status_not_public|missing_alias_or_slug|incomplete_listing"
"67c9ead1818d604b84e5a6ba","118.4204284","remaining","","Acupuncture","Services","","","","","","{""status"":""pending"",""approved"":null,""alias"":-118.4204284,""slug"":null,""isComplete"":false,""completenessScore"":56,""qualityScore"":null,""isTest"":null,""auditTag"":null,""business_name"":""118.4204284"",""address"":""10801 National Blvd Ste 210 Los Angeles, CA 90064"",""city"":"""",""state"":""CA""}","unchanged","false","status_not_public|missing_alias_or_slug|incomplete_listing"
"67c9ead1818d604b84e5a6db","118.333962","remaining","","Recording & Rehearsal Studios","Services","","","","","","{""status"":""pending"",""approved"":null,""alias"":-118.333962,""slug"":null,""isComplete"":false,""completenessScore"":56,""qualityScore"":null,""isTest"":null,""auditTag"":null,""business_name"":""118.333962"",""address"":""4309 Crenshaw Blvd Los Angeles, CA 90008"",""city"":"""",""state"":""CA""}","unchanged","false","status_not_public|missing_alias_or_slug|incomplete_listing"
"67c9ead1818d604b84e5a669","The Wood Urban Kitchen And Sports Lounge Inglewood","remaining","","Restaurants","Restaurants","","","","","","{""status"":""pending"",""approved"":null,""alias"":""the-wood-urban-kitchen-and-sports-lounge-inglewood"",""slug"":null,""isComplete"":false,""completenessScore"":56,""qualityScore"":null,""isTest"":null,""auditTag"":null,""business_name"":""The Wood Urban Kitchen And Sports Lounge Inglewood"",""address"":""129 N Market St Inglewood, CA 90301"",""city"":"""",""state"":""CA""}","unchanged","false","status_not_public|incomplete_listing"
"67c9ead1818d604b84e5a678","Trencher Los Angeles 2","remaining","","Restaurants","Restaurants","","","","","","{""status"":""pending"",""approved"":null,""alias"":""trencher-los-angeles-2"",""slug"":null,""isComplete"":false,""completenessScore"":56,""qualityScore"":null,""isTest"":null,""auditTag"":null,""business_name"":""Trencher Los Angeles 2"",""address"":""1305 Portia St Los Angeles, CA 90026"",""city"":"""",""state"":""CA""}","unchanged","false","status_not_public|incomplete_listing"
"67c9ead1818d604b84e5a689","We Cupcake Inglewood","remaining","","Restaurants","Restaurants","","","","","","{""status"":""approved"",""approved"":null,""alias"":""we-cupcake-inglewood"",""slug"":null,""isComplete"":false,""completenessScore"":67,""qualityScore"":null,""isTest"":null,""auditTag"":null,""business_name"":""We Cupcake Inglewood"",""address"":""10807 Crenshaw Blvd Inglewood, CA 90303"",""city"":"""",""state"":""CA""}","unchanged","false","incomplete_listing"
"67c9ead1818d604b84e5a68d","Wingopolis Inglewood","remaining","","Restaurants","Restaurants","","","","","","{""status"":""approved"",""approved"":null,""alias"":""wingopolis-inglewood"",""slug"":null,""isComplete"":false,""completenessScore"":67,""qualityScore"":null,""isTest"":null,""auditTag"":null,""business_name"":""Wingopolis Inglewood"",""address"":""740 Centinela Ave Ste 103 Inglewood, CA 90302"",""city"":"""",""state"":""CA""}","unchanged","false","incomplete_listing"
"67c9ead1818d604b84e5a6cf","118.346225","remaining","","Home Cleaning","Services","","","","","","{""status"":""pending"",""approved"":null,""alias"":-118.346225,""slug"":null,""isComplete"":false,""completenessScore"":56,""qualityScore"":null,""isTest"":null,""auditTag"":null,""business_name"":""118.346225"",""address"":""1631 S La Brea Ave Los Angeles, CA 90019"",""city"":"""",""state"":""CA""}","unchanged","false","status_not_public|missing_alias_or_slug|incomplete_listing"
"67c9ead1818d604b84e5a658","The Lace Lounge Los Angeles","remaining","","Shopping","Shopping","","","","","","{""status"":""approved"",""approved"":null,""alias"":""the-lace-lounge-los-angeles"",""slug"":null,""isComplete"":false,""completenessScore"":67,""qualityScore"":null,""isTest"":null,""auditTag"":null,""business_name"":""The Lace Lounge Los Angeles"",""address"":""1080 S La Cienega Blvd Ste 209 Los Angeles, CA 90035"",""city"":"""",""state"":""CA""}","unchanged","false","incomplete_listing"
"67c9ead1818d604b84e5a66b","Vtree At Yamashiro Hollywood","remaining","","Restaurants","Restaurants","","","","","","{""status"":""pending"",""approved"":null,""alias"":""vtree-at-yamashiro-hollywood"",""slug"":null,""isComplete"":false,""completenessScore"":56,""qualityScore"":null,""isTest"":null,""auditTag"":null,""business_name"":""Vtree At Yamashiro Hollywood"",""address"":""1999 N Sycamore Ave Hollywood, CA 90068"",""city"":"""",""state"":""CA""}","unchanged","false","status_not_public|incomplete_listing"
"67c9ead1818d604b84e5a67d","Vurger Guyz Los Angeles","remaining","","Restaurants","Restaurants","","","","","","{""status"":""pending"",""approved"":null,""alias"":""vurger-guyz-los-angeles"",""slug"":null,""isComplete"":false,""completenessScore"":56,""qualityScore"":null,""isTest"":null,""auditTag"":null,""business_name"":""Vurger Guyz Los Angeles"",""address"":""Los Angeles, CA 90017"",""city"":"""",""state"":""CA""}","unchanged","false","status_not_public|incomplete_listing"
"67c9ead1818d604b84e5a6c8","118.50388","remaining","","Home Window Tinting","Services","","","","","","{""status"":""pending"",""approved"":null,""alias"":-118.50388,""slug"":null,""isComplete"":false,""completenessScore"":56,""qualityScore"":null,""isTest"":null,""auditTag"":null,""business_name"":""118.50388"",""address"":""Los Angeles, CA 91344"",""city"":"""",""state"":""CA""}","unchanged","false","status_not_public|missing_alias_or_slug|incomplete_listing"
"67c9ead1818d604b84e5a6ce","118.372125","remaining","","Vocational & Technical School","Services","","","","","","{""status"":""pending"",""approved"":null,""alias"":-118.372125,""slug"":null,""isComplete"":false,""completenessScore"":56,""qualityScore"":null,""isTest"":null,""auditTag"":null,""business_name"":""118.372125"",""address"":""6709 La Tijera Blvd Los Angeles, CA 90045"",""city"":"""",""state"":""CA""}","unchanged","false","status_not_public|missing_alias_or_slug|incomplete_listing"
"67c9ead1818d604b84e5a65a","Ikea Burbank 7","remaining","","Shopping","Shopping","","","","","","{""status"":""approved"",""approved"":null,""alias"":""ikea-burbank-7"",""slug"":null,""isComplete"":false,""completenessScore"":67,""qualityScore"":null,""isTest"":null,""auditTag"":null,""business_name"":""Ikea Burbank 7"",""address"":""600 Ikea Way Burbank, CA 91502"",""city"":"""",""state"":""CA""}","unchanged","false","incomplete_listing"
"67c9ead1818d604b84e5a69c","118.370307","remaining","","Accessories","Shopping","","","","","","{""status"":""pending"",""approved"":null,""alias"":-118.370307,""slug"":null,""isComplete"":false,""completenessScore"":56,""qualityScore"":null,""isTest"":null,""auditTag"":null,""business_name"":""118.370307"",""address"":""311 S Sweetzer Ave Los Angeles, CA 90048"",""city"":"""",""state"":""CA""}","unchanged","false","status_not_public|missing_alias_or_slug|incomplete_listing"
"67c9ead1818d604b84e5a685","Vector90 Los Angeles","remaining","","Museums, Cultural Institutions, and Shared Spaces","Museums, Cultural Institutions, and Shared Spaces","","","","","","{""status"":""approved"",""approved"":null,""alias"":""vector90-los-angeles"",""slug"":null,""isComplete"":false,""completenessScore"":67,""qualityScore"":null,""isTest"":null,""auditTag"":null,""business_name"":""Vector90 Los Angeles"",""address"":""6111 S Gramercy Pl Los Angeles, CA 90047"",""city"":"""",""state"":""CA""}","unchanged","false","incomplete_listing"
"67c9ead1818d604b84e5a698","Wowos Smokin Hot Bbq Whittier 2","remaining","","Restaurants","Restaurants","","","","","","{""status"":""pending"",""approved"":null,""alias"":""wowos-smokin-hot-bbq-whittier-2"",""slug"":null,""isComplete"":false,""completenessScore"":56,""qualityScore"":null,""isTest"":null,""auditTag"":null,""business_name"":""Wowos Smokin Hot Bbq Whittier 2"",""address"":""13022 Whittier Blvd Whittier, CA 90602"",""city"":"""",""state"":""CA""}","unchanged","false","status_not_public|incomplete_listing"
"67c9ead1818d604b84e5a6c3","118.3964996","remaining","","Video/Film Production","Services","","","","","","{""status"":""pending"",""approved"":null,""alias"":-118.3964996,""slug"":null,""isComplete"":false,""completenessScore"":56,""qualityScore"":null,""isTest"":null,""auditTag"":null,""business_name"":""118.3964996"",""address"":""Los Angeles, CA 91615"",""city"":"""",""state"":""CA""}","unchanged","false","status_not_public|missing_alias_or_slug|incomplete_listing"
"67c9ead1818d604b84e5a6cd","118.356127","remaining","","Caterers","Restaurants","","","","","","{""status"":""pending"",""approved"":null,""alias"":-118.356127,""slug"":null,""isComplete"":false,""completenessScore"":56,""qualityScore"":null,""isTest"":null,""auditTag"":null,""business_name"":""118.356127"",""address"":""3717 S La Brea Ave Ste 325 Los Angeles, CA 90016"",""city"":"""",""state"":""CA""}","unchanged","false","status_not_public|missing_alias_or_slug|incomplete_listing"
"67c9ead1818d604b84e5a65f","The Real Cake Baker Los Angeles 2","remaining","","Restaurants","Restaurants","","","","","","{""status"":""pending"",""approved"":null,""alias"":""the-real-cake-baker-los-angeles-2"",""slug"":null,""isComplete"":false,""completenessScore"":56,""qualityScore"":null,""isTest"":null,""auditTag"":null,""business_name"":""The Real Cake Baker Los Angeles 2"",""address"":""Los Angeles, CA 90044"",""city"":"""",""state"":""CA""}","unchanged","false","status_not_public|incomplete_listing"
"67c9ead1818d604b84e5a657","","remaining","","Restaurants","Restaurants","","","","","","{""status"":""pending"",""approved"":null,""alias"":null,""slug"":null,""isComplete"":false,""completenessScore"":44,""qualityScore"":null,""isTest"":null,""auditTag"":null,""business_name"":"""",""address"":""12007 S Central Ave, Los Angeles, CA 90059"",""city"":"""",""state"":""CA""}","unchanged","false","status_not_public|missing_alias_or_slug|incomplete_listing"
"67f19866e8787c4174d84544","","remaining","","","","","","","","","{""status"":""pending"",""approved"":null,""alias"":null,""slug"":null,""isComplete"":false,""completenessScore"":11,""qualityScore"":null,""isTest"":null,""auditTag"":null,""business_name"":"""",""address"":"""",""city"":"""",""state"":""""}","unchanged","false","status_not_public|missing_alias_or_slug|incomplete_listing"
"67f73dec1d08a04e139a9abc","airport royal cuisine","remaining","","Restaurants","Restaurants","","","","","","{""status"":""pending"",""approved"":null,""alias"":null,""slug"":null,""isComplete"":false,""completenessScore"":67,""qualityScore"":null,""isTest"":null,""auditTag"":null,""business_name"":""airport royal cuisine"",""address"":""4956 West Century Blvd Ste 10B Inglewood, CA 90304"",""city"":"""",""state"":""CA""}","unchanged","false","status_not_public|missing_alias_or_slug|incomplete_listing"
"67f73dec1d08a04e139a9ac0","3stakx kitchen","remaining","","Restaurants","Restaurants","","","","","","{""status"":""pending"",""approved"":null,""alias"":null,""slug"":null,""isComplete"":false,""completenessScore"":56,""qualityScore"":null,""isTest"":null,""auditTag"":null,""business_name"":""3stakx kitchen"",""address"":""675 E University Dr Carson, CA 90746"",""city"":"""",""state"":""CA""}","unchanged","false","status_not_public|missing_alias_or_slug|incomplete_listing"
"67f73dec1d08a04e139a9ac7","ackee bamboo","remaining","","Restaurants","Restaurants","","","","","","{""status"":""pending"",""approved"":null,""alias"":null,""slug"":null,""isComplete"":true,""completenessScore"":78,""qualityScore"":null,""isTest"":null,""auditTag"":null,""business_name"":""ackee bamboo"",""address"":""4305 Degnan Blvd Ste 100 Los Angeles, CA 90008"",""city"":"""",""state"":""CA""}","unchanged","false","status_not_public|missing_alias_or_slug"
"67f73dec1d08a04e139a9ac9","adams coffee shop","remaining","","Restaurants","Restaurants","","","","","","{""status"":""pending"",""approved"":null,""alias"":null,""slug"":null,""isComplete"":false,""completenessScore"":56,""qualityScore"":null,""isTest"":null,""auditTag"":null,""business_name"":""adams coffee shop"",""address"":""5357 W Adams Blvd Los Angeles, CA 90016"",""city"":"""",""state"":""CA""}","unchanged","false","status_not_public|missing_alias_or_slug|incomplete_listing"
"67f73dec1d08a04e139a9ad3","angela dean","remaining","","Shopping","Shopping","","","","","","{""status"":""pending"",""approved"":null,""alias"":null,""slug"":null,""isComplete"":true,""completenessScore"":78,""qualityScore"":null,""isTest"":null,""auditTag"":null,""business_name"":""angela dean"",""address"":""4725 W Washington Blvd, Los Angeles, CA 90016"",""city"":"""",""state"":""CA""}","unchanged","false","status_not_public|missing_alias_or_slug"
"67f73dec1d08a04e139a9ad4","antique stove heaven","remaining","","Services","Services","","","","","","{""status"":""pending"",""approved"":null,""alias"":null,""slug"":null,""isComplete"":true,""completenessScore"":78,""qualityScore"":null,""isTest"":null,""auditTag"":null,""business_name"":""antique stove heaven"",""address"":""5414 S Western Ave Los Angeles, CA 90062"",""city"":"""",""state"":""CA""}","unchanged","false","status_not_public|missing_alias_or_slug"
"67f73dec1d08a04e139a9ade","band of vices","remaining","","Museums, Cultural Institutions, and Shared Spaces","Museums, Cultural Institutions, and Shared Spaces","","","","","","{""status"":""pending"",""approved"":null,""alias"":null,""slug"":null,""isComplete"":true,""completenessScore"":78,""qualityScore"":null,""isTest"":null,""auditTag"":null,""business_name"":""band of vices"",""address"":""5376 W Adams Blvd Los Angeles, CA 90016"",""city"":"""",""state"":""CA""}","unchanged","false","status_not_public|missing_alias_or_slug"
"67f73dec1d08a04e139a9ae1","baltimore bag company","remaining","","Shopping","Shopping","","","","","","{""status"":""pending"",""approved"":null,""alias"":null,""slug"":null,""isComplete"":true,""completenessScore"":78,""qualityScore"":null,""isTest"":null,""auditTag"":null,""business_name"":""baltimore bag company"",""address"":""3107 W 6th St, Los Angeles, CA 90020"",""city"":"""",""state"":""CA""}","unchanged","false","status_not_public|missing_alias_or_slug"
"67f73dec1d08a04e139a9ae6","beauty pro la","remaining","","Beauty, Grooming and Personal Care","Beauty, Grooming and Personal Care","","","","","","{""status"":""pending"",""approved"":null,""alias"":null,""slug"":null,""isComplete"":true,""completenessScore"":78,""qualityScore"":null,""isTest"":null,""auditTag"":null,""business_name"":""beauty pro la"",""address"":""1250 N La Brea Ave Ste 108 West Hollywood, CA 90038"",""city"":"""",""state"":""CA""}","unchanged","false","status_not_public|missing_alias_or_slug"
"67f73dec1d08a04e139a9ae9","benjamin salon","remaining","","Beauty, Grooming and Personal Care","Beauty, Grooming and Personal Care","","","","","","{""status"":""pending"",""approved"":null,""alias"":null,""slug"":null,""isComplete"":false,""completenessScore"":67,""qualityScore"":null,""isTest"":null,""auditTag"":null,""business_name"":""benjamin salon"",""address"":""8910 Melrose Ave West Hollywood, CA 90069"",""city"":"""",""state"":""CA""}","unchanged","false","status_not_public|missing_alias_or_slug|incomplete_listing"
"67f73dec1d08a04e139a9af1","blaqhaus noho","remaining","","Restaurants","Restaurants","","","","","","{""status"":""pending"",""approved"":null,""alias"":null,""slug"":null,""isComplete"":true,""completenessScore"":78,""qualityScore"":null,""isTest"":null,""auditTag"":null,""business_name"":""blaqhaus noho"",""address"":""11671 Victory Blvd North Hollywood, CA 91606"",""city"":"""",""state"":""CA""}","unchanged","false","status_not_public|missing_alias_or_slug"
"67f73dec1d08a04e139a9af3","billionaire burger boyz","remaining","","Restaurants","Restaurants","","","","","","{""status"":""pending"",""approved"":null,""alias"":null,""slug"":null,""isComplete"":false,""completenessScore"":67,""qualityScore"":null,""isTest"":null,""auditTag"":null,""business_name"":""billionaire burger boyz"",""address"":""811 S Long Beach Blvd Compton, CA 90221"",""city"":"""",""state"":""CA""}","unchanged","false","status_not_public|missing_alias_or_slug|incomplete_listing"
"67f73dec1d08a04e139a9af4","blessed tropical jamaican cuisine","remaining","","Restaurants","Restaurants","","","","","","{""status"":""pending"",""approved"":null,""alias"":null,""slug"":null,""isComplete"":false,""completenessScore"":56,""qualityScore"":null,""isTest"":null,""auditTag"":null,""business_name"":""blessed tropical jamaican cuisine"",""address"":""901 S Prarie Ave Inglewood, CA 90301"",""city"":"""",""state"":""CA""}","unchanged","false","status_not_public|missing_alias_or_slug|incomplete_listing"
"67f73dec1d08a04e139a9af5","bloom & plume coffee","remaining","","Restaurants","Restaurants","","","","","","{""status"":""pending"",""approved"":null,""alias"":null,""slug"":null,""isComplete"":true,""completenessScore"":78,""qualityScore"":null,""isTest"":null,""auditTag"":null,""business_name"":""bloom & plume coffee"",""address"":""1638 W Temple St Los Angeles, CA 90026"",""city"":"""",""state"":""CA""}","unchanged","false","status_not_public|missing_alias_or_slug"
"67f73dec1d08a04e139a9afb","boketto cold brew","remaining","","Restaurants","Restaurants","","","","","","{""status"":""pending"",""approved"":null,""alias"":null,""slug"":null,""isComplete"":true,""completenessScore"":78,""qualityScore"":null,""isTest"":null,""auditTag"":null,""business_name"":""boketto cold brew"",""address"":""743 B S Broadway Los Angeles, CA 90014"",""city"":"""",""state"":""CA""}","unchanged","false","status_not_public|missing_alias_or_slug"
"67f73dec1d08a04e139a9b00","big fish market","remaining","","Restaurants","Restaurants","","","","","","{""status"":""pending"",""approved"":null,""alias"":null,""slug"":null,""isComplete"":false,""completenessScore"":67,""qualityScore"":null,""isTest"":null,""auditTag"":null,""business_name"":""big fish market"",""address"":""8409 S 8th Ave Ste 1 Inglewood, CA 90305"",""city"":"""",""state"":""CA""}","unchanged","false","status_not_public|missing_alias_or_slug|incomplete_listing"
"67f73dec1d08a04e139a9b06","bonita interiors","remaining","","Museums, Cultural Institutions, and Shared Spaces","Museums, Cultural Institutions, and Shared Spaces","","","","","","{""status"":""pending"",""approved"":null,""alias"":null,""slug"":null,""isComplete"":true,""completenessScore"":78,""qualityScore"":null,""isTest"":null,""auditTag"":null,""business_name"":""bonita interiors"",""address"":""480 S Fair Oaks Ave Pasadena, CA 91105"",""city"":"""",""state"":""CA""}","unchanged","false","status_not_public|missing_alias_or_slug"
"67f73dec1d08a04e139a9b08","cafe buna","remaining","","Restaurants","Restaurants","","","","","","{""status"":""pending"",""approved"":null,""alias"":null,""slug"":null,""isComplete"":false,""completenessScore"":67,""qualityScore"":null,""isTest"":null,""auditTag"":null,""business_name"":""cafe buna"",""address"":""552 Washington Blvd Marina del Rey, CA 90292"",""city"":"""",""state"":""CA""}","unchanged","false","status_not_public|missing_alias_or_slug|incomplete_listing"
"67f73dec1d08a04e139a9b09","bring something to the party","remaining","","Event Planning","Event Planning","","","","","","{""status"":""pending"",""approved"":null,""alias"":null,""slug"":null,""isComplete"":true,""completenessScore"":78,""qualityScore"":null,""isTest"":null,""auditTag"":null,""business_name"":""bring something to the party"",""address"":""700 W 7th St Ste G420 Los Angeles, CA 90017"",""city"":"""",""state"":""CA""}","unchanged","false","status_not_public|missing_alias_or_slug"
"67f73dec1d08a04e139a9b0a","brother's bar-b-que","remaining","","Restaurants","Restaurants","","","","","","{""status"":""pending"",""approved"":null,""alias"":null,""slug"":null,""isComplete"":true,""completenessScore"":78,""qualityScore"":null,""isTest"":null,""auditTag"":null,""business_name"":""brother's bar-b-que"",""address"":""7725 Crenshaw Blvd Los Angeles, CA 90043"",""city"":"""",""state"":""CA""}","unchanged","false","status_not_public|missing_alias_or_slug"
"67f73dec1d08a04e139a9b0d","cafe creole","remaining","","Restaurants","Restaurants","","","","","","{""status"":""pending"",""approved"":null,""alias"":null,""slug"":null,""isComplete"":false,""completenessScore"":67,""qualityScore"":null,""isTest"":null,""auditTag"":null,""business_name"":""cafe creole"",""address"":""3650 W Martin Luther King Jr Blvd Ste 144 Los Angeles, CA 90008"",""city"":"""",""state"":""CA""}","unchanged","false","status_not_public|missing_alias_or_slug|incomplete_listing"
"67f73dec1d08a04e139a9b1b","charles mingus youth arts center","remaining","","Museums, Cultural Institutions, and Shared Spaces","Museums, Cultural Institutions, and Shared Spaces","","","","","","{""status"":""pending"",""approved"":null,""alias"":null,""slug"":null,""isComplete"":false,""completenessScore"":67,""qualityScore"":null,""isTest"":null,""auditTag"":null,""business_name"":""charles mingus youth arts center"",""address"":""10624 Graham Ave, Los Angeles, CA 90002"",""city"":"""",""state"":""CA""}","unchanged","false","status_not_public|missing_alias_or_slug|incomplete_listing"
"67f73dec1d08a04e139a9b1e","chef marilyn's","remaining","","Restaurants","Restaurants","","","","","","{""status"":""pending"",""approved"":null,""alias"":null,""slug"":null,""isComplete"":true,""completenessScore"":78,""qualityScore"":null,""isTest"":null,""auditTag"":null,""business_name"":""chef marilyn's"",""address"":""2638 Crenshaw Blvd Los Angeles, CA 90016"",""city"":"""",""state"":""CA""}","unchanged","false","status_not_public|missing_alias_or_slug"
"67f73dec1d08a04e139a9b24","coco luv","remaining","","Restaurants","Restaurants","","","","","","{""status"":""pending"",""approved"":null,""alias"":null,""slug"":null,""isComplete"":false,""completenessScore"":56,""qualityScore"":null,""isTest"":null,""auditTag"":null,""business_name"":""coco luv"",""address"":""10880 Wilshire Blvd Los Angeles, CA 90024"",""city"":"""",""state"":""CA""}","unchanged","false","status_not_public|missing_alias_or_slug|incomplete_listing"
"67f73dec1d08a04e139a9b29","chulita","remaining","","Restaurants","Restaurants","","","","","","{""status"":""pending"",""approved"":null,""alias"":null,""slug"":null,""isComplete"":false,""completenessScore"":67,""qualityScore"":null,""isTest"":null,""auditTag"":null,""business_name"":""chulita"",""address"":""533 Rose Ave Venice, CA 90291"",""city"":"""",""state"":""CA""}","unchanged","false","status_not_public|missing_alias_or_slug|incomplete_listing"
"67f73dec1d08a04e139a9b2c","cross colours","remaining","","Shopping","Shopping","","","","","","{""status"":""pending"",""approved"":null,""alias"":null,""slug"":null,""isComplete"":false,""completenessScore"":67,""qualityScore"":null,""isTest"":null,""auditTag"":null,""business_name"":""cross colours"",""address"":""311 N. Robertson Blvd., Suite 458 Beverly Hills, CA 90211"",""city"":"""",""state"":""CA""}","unchanged","false","status_not_public|missing_alias_or_slug|incomplete_listing"
"67f73dec1d08a04e139a9b2e","cultural interiors","remaining","","Shopping","Shopping","","","","","","{""status"":""pending"",""approved"":null,""alias"":null,""slug"":null,""isComplete"":true,""completenessScore"":78,""qualityScore"":null,""isTest"":null,""auditTag"":null,""business_name"":""cultural interiors"",""address"":""4421 W Slauson Ave Los Angeles, CA 90043"",""city"":"""",""state"":""CA""}","unchanged","false","status_not_public|missing_alias_or_slug"
"67f73dec1d08a04e139a9b2f","cliff's texas style burritos","remaining","","Restaurants","Restaurants","","","","","","{""status"":""pending"",""approved"":null,""alias"":null,""slug"":null,""isComplete"":false,""completenessScore"":67,""qualityScore"":null,""isTest"":null,""auditTag"":null,""business_name"":""cliff's texas style burritos"",""address"":""408 W Alondra Blvd Compton, CA 90220"",""city"":"""",""state"":""CA""}","unchanged","false","status_not_public|missing_alias_or_slug|incomplete_listing"
"67f73dec1d08a04e139a9b32","cw & chris fish and chicken","remaining","","Restaurants","Restaurants","","","","","","{""status"":""pending"",""approved"":null,""alias"":null,""slug"":null,""isComplete"":false,""completenessScore"":67,""qualityScore"":null,""isTest"":null,""auditTag"":null,""business_name"":""cw & chris fish and chicken"",""address"":""6512 S Western Ave Los Angeles, CA 90047"",""city"":"""",""state"":""CA""}","unchanged","false","status_not_public|missing_alias_or_slug|incomplete_listing"
"67f73dec1d08a04e139a9b33","delvigne croissant","remaining","","Restaurants","Restaurants","","","","","","{""status"":""pending"",""approved"":null,""alias"":null,""slug"":null,""isComplete"":false,""completenessScore"":67,""qualityScore"":null,""isTest"":null,""auditTag"":null,""business_name"":""delvigne croissant"",""address"":""9626 Venice Blvd Culver City, CA 90232"",""city"":"""",""state"":""CA""}","unchanged","false","status_not_public|missing_alias_or_slug|incomplete_listing"
"67f73dec1d08a04e139a9b34","day day's bbq & waffle house","remaining","","Restaurants","Restaurants","","","","","","{""status"":""pending"",""approved"":null,""alias"":null,""slug"":null,""isComplete"":false,""completenessScore"":67,""qualityScore"":null,""isTest"":null,""auditTag"":null,""business_name"":""day day's bbq & waffle house"",""address"":""994 E Holt Blvd Pomona, CA 91767"",""city"":"""",""state"":""CA""}","unchanged","false","status_not_public|missing_alias_or_slug|incomplete_listing"
"67f73dec1d08a04e139a9b39","dd'z treatz","remaining","","Restaurants","Restaurants","","","","","","{""status"":""pending"",""approved"":null,""alias"":null,""slug"":null,""isComplete"":false,""completenessScore"":56,""qualityScore"":null,""isTest"":null,""auditTag"":null,""business_name"":""dd'z treatz"",""address"":""11228 S New Hampshire Ave Los Angeles, CA 90044"",""city"":"""",""state"":""CA""}","unchanged","false","status_not_public|missing_alias_or_slug|incomplete_listing"
"67f73dec1d08a04e139a9b41","dirty south soulfood","remaining","","Restaurants","Restaurants","","","","","","{""status"":""pending"",""approved"":null,""alias"":null,""slug"":null,""isComplete"":false,""completenessScore"":67,""qualityScore"":null,""isTest"":null,""auditTag"":null,""business_name"":""dirty south soulfood"",""address"":""8101 Long Beach Blvd South Gate, CA 90280"",""city"":"""",""state"":""CA""}","unchanged","false","status_not_public|missing_alias_or_slug|incomplete_listing"
"67f73dec1d08a04e139a9b42","coffee by kofi","remaining","","Restaurants","Restaurants","","","","","","{""status"":""pending"",""approved"":null,""alias"":null,""slug"":null,""isComplete"":false,""completenessScore"":67,""qualityScore"":null,""isTest"":null,""auditTag"":null,""business_name"":""coffee by kofi"",""address"":""1933 S Broadway Los Angeles, CA 90007"",""city"":"""",""state"":""CA""}","unchanged","false","status_not_public|missing_alias_or_slug|incomplete_listing"
"67f73dec1d08a04e139a9b51","fish bone seafood - strawberry square","remaining","","Restaurants","Restaurants","","","","","","{""status"":""pending"",""approved"":null,""alias"":null,""slug"":null,""isComplete"":false,""completenessScore"":67,""qualityScore"":null,""isTest"":null,""auditTag"":null,""business_name"":""fish bone seafood - strawberry square"",""address"":""529 S Central Ave Los Angeles, CA 90013"",""city"":"""",""state"":""CA""}","unchanged","false","status_not_public|missing_alias_or_slug|incomplete_listing"
"67f73dec1d08a04e139a9b52","fishbone express gardena gardena","remaining","","Restaurants","Restaurants","","","","","","{""status"":""pending"",""approved"":null,""alias"":null,""slug"":null,""isComplete"":false,""completenessScore"":67,""qualityScore"":null,""isTest"":null,""auditTag"":null,""business_name"":""fishbone express gardena gardena"",""address"":""1024 W Rosecrans Ave Gardena, CA 90247"",""city"":"""",""state"":""CA""}","unchanged","false","status_not_public|missing_alias_or_slug|incomplete_listing"
"67f73dec1d08a04e139a9b53","fear of god","remaining","","Shopping","Shopping","","","","","","{""status"":""pending"",""approved"":null,""alias"":null,""slug"":null,""isComplete"":false,""completenessScore"":67,""qualityScore"":null,""isTest"":null,""auditTag"":null,""business_name"":""fear of god"",""address"":""3940 Laurel Canyon Blvd #427 Studio City, CA 91604"",""city"":"""",""state"":""CA""}","unchanged","false","status_not_public|missing_alias_or_slug|incomplete_listing"
"67f73dec1d08a04e139a9b54","fksp","remaining","","Shopping","Shopping","","","","","","{""status"":""pending"",""approved"":null,""alias"":null,""slug"":null,""isComplete"":false,""completenessScore"":67,""qualityScore"":null,""isTest"":null,""auditTag"":null,""business_name"":""fksp"",""address"":""Fashion District Los Angeles, CA"",""city"":"""",""state"":""CA""}","unchanged","false","status_not_public|missing_alias_or_slug|incomplete_listing"
"67f73dec1d08a04e139a9b55","flavors from afar","remaining","","Restaurants","Restaurants","","","","","","{""status"":""pending"",""approved"":null,""alias"":null,""slug"":null,""isComplete"":false,""completenessScore"":67,""qualityScore"":null,""isTest"":null,""auditTag"":null,""business_name"":""flavors from afar"",""address"":""1046 S Fairfax Los Angeles, CA 90019"",""city"":"""",""state"":""CA""}","unchanged","false","status_not_public|missing_alias_or_slug|incomplete_listing"
"67f73dec1d08a04e139a9b5d","fresh ethiopian restaurant","remaining","","Restaurants","Restaurants","","","","","","{""status"":""pending"",""approved"":null,""alias"":null,""slug"":null,""isComplete"":false,""completenessScore"":67,""qualityScore"":null,""isTest"":null,""auditTag"":null,""business_name"":""fresh ethiopian restaurant"",""address"":""1580 Centinela Ave Inglewood, CA 90302"",""city"":"""",""state"":""CA""}","unchanged","false","status_not_public|missing_alias_or_slug|incomplete_listing"
"67f73dec1d08a04e139a9b64","fresh out the fire pizza","remaining","","Restaurants","Restaurants","","","","","","{""status"":""pending"",""approved"":null,""alias"":null,""slug"":null,""isComplete"":false,""completenessScore"":44,""qualityScore"":null,""isTest"":null,""auditTag"":null,""business_name"":""fresh out the fire pizza"",""address"":""3746 Monteith Dr View Park-Windsor Hills, CA 90043"",""city"":"""",""state"":""CA""}","unchanged","false","status_not_public|missing_alias_or_slug|incomplete_listing"
"67f73dec1d08a04e139a9b65","georgia's restaurant","remaining","","Restaurants","Restaurants","","","","","","{""status"":""pending"",""approved"":null,""alias"":null,""slug"":null,""isComplete"":false,""completenessScore"":67,""qualityScore"":null,""isTest"":null,""auditTag"":null,""business_name"":""georgia's restaurant"",""address"":""4101 McGowen St Ste 155 Long Beach, CA 90808"",""city"":"""",""state"":""CA""}","unchanged","false","status_not_public|missing_alias_or_slug|incomplete_listing"
"67f73dec1d08a04e139a9b66","hall's krispy krunchy","remaining","","Restaurants","Restaurants","","","","","","{""status"":""pending"",""approved"":null,""alias"":null,""slug"":null,""isComplete"":false,""completenessScore"":67,""qualityScore"":null,""isTest"":null,""auditTag"":null,""business_name"":""hall's krispy krunchy"",""address"":""1600 W Slauson Ave Unit I31 Los Angeles, CA 90047"",""city"":"""",""state"":""CA""}","unchanged","false","status_not_public|missing_alias_or_slug|incomplete_listing"
"67f73dec1d08a04e139a9b67","handy's smoke house delicacies","remaining","","Restaurants","Restaurants","","","","","","{""status"":""pending"",""approved"":null,""alias"":null,""slug"":null,""isComplete"":false,""completenessScore"":67,""qualityScore"":null,""isTest"":null,""auditTag"":null,""business_name"":""handy's smoke house delicacies"",""address"":""4149 Long Beach Blvd Long Beach, CA 90807"",""city"":"""",""state"":""CA""}","unchanged","false","status_not_public|missing_alias_or_slug|incomplete_listing"
"67f73dec1d08a04e139a9b68","hambone's smokehouse","remaining","","Restaurants","Restaurants","","","","","","{""status"":""pending"",""approved"":null,""alias"":null,""slug"":null,""isComplete"":true,""completenessScore"":78,""qualityScore"":null,""isTest"":null,""auditTag"":null,""business_name"":""hambone's smokehouse"",""address"":""9825 Belmont St Bellflower, CA 90706"",""city"":"""",""state"":""CA""}","unchanged","false","status_not_public|missing_alias_or_slug"
"67f73dec1d08a04e139a9b71","harold and belle's","remaining","","Restaurants","Restaurants","","","","","","{""status"":""pending"",""approved"":null,""alias"":null,""slug"":null,""isComplete"":false,""completenessScore"":67,""qualityScore"":null,""isTest"":null,""auditTag"":null,""business_name"":""harold and belle's"",""address"":""2920 W Jefferson Blvd Los Angeles, CA 90018"",""city"":"""",""state"":""CA""}","unchanged","false","status_not_public|missing_alias_or_slug|incomplete_listing"
"67f73dec1d08a04e139a9b78","hot and cool cafe","remaining","","Restaurants","Restaurants","","","","","","{""status"":""pending"",""approved"":null,""alias"":null,""slug"":null,""isComplete"":true,""completenessScore"":78,""qualityScore"":null,""isTest"":null,""auditTag"":null,""business_name"":""hot and cool cafe"",""address"":""4331 Degnan Blvd Los Angeles, CA 90008"",""city"":"""",""state"":""CA""}","unchanged","false","status_not_public|missing_alias_or_slug"
"67f73dec1d08a04e139a9b7c","jackfruit cafe","remaining","","Restaurants","Restaurants","","","","","","{""status"":""pending"",""approved"":null,""alias"":null,""slug"":null,""isComplete"":false,""completenessScore"":67,""qualityScore"":null,""isTest"":null,""auditTag"":null,""business_name"":""jackfruit cafe"",""address"":""11419 Santa Monica Blvd Ste K23 Los Angeles, CA 90025"",""city"":"""",""state"":""CA""}","unchanged","false","status_not_public|missing_alias_or_slug|incomplete_listing"
"67f73dec1d08a04e139a9b87","juice-c-juice","remaining","","Restaurants","Restaurants","","","","","","{""status"":""pending"",""approved"":null,""alias"":null,""slug"":null,""isComplete"":false,""completenessScore"":67,""qualityScore"":null,""isTest"":null,""auditTag"":null,""business_name"":""juice-c-juice"",""address"":""940 E Dominguez Ste K Carson, CA 90746"",""city"":"""",""state"":""CA""}","unchanged","false","status_not_public|missing_alias_or_slug|incomplete_listing"
"67f73dec1d08a04e139a9b8c","jamz creamery","remaining","","Restaurants","Restaurants","","","","","","{""status"":""pending"",""approved"":null,""alias"":null,""slug"":null,""isComplete"":false,""completenessScore"":67,""qualityScore"":null,""isTest"":null,""auditTag"":null,""business_name"":""jamz creamery"",""address"":""231 E Manchester Blvd Inglewood, CA 90301"",""city"":"""",""state"":""CA""}","unchanged","false","status_not_public|missing_alias_or_slug|incomplete_listing"
"67f73dec1d08a04e139a9b8d","island flavors caribbean cuisine","remaining","","Restaurants","Restaurants","","","","","","{""status"":""pending"",""approved"":null,""alias"":null,""slug"":null,""isComplete"":true,""completenessScore"":78,""qualityScore"":null,""isTest"":null,""auditTag"":null,""business_name"":""island flavors caribbean cuisine"",""address"":""Los Angeles, CA 91401"",""city"":"""",""state"":""CA""}","unchanged","false","status_not_public|missing_alias_or_slug"
"67f73dec1d08a04e139a9b8e","jendayi collection","remaining","","Shopping","Shopping","","","","","","{""status"":""pending"",""approved"":null,""alias"":null,""slug"":null,""isComplete"":true,""completenessScore"":78,""qualityScore"":null,""isTest"":null,""auditTag"":null,""business_name"":""jendayi collection"",""address"":""629 South Hill St Ste 1120 Los Angeles, CA 90014"",""city"":"""",""state"":""CA""}","unchanged","false","status_not_public|missing_alias_or_slug"
"67f73dec1d08a04e139a9b8f","island to table patty hut","remaining","","Restaurants","Restaurants","","","","","","{""status"":""pending"",""approved"":null,""alias"":null,""slug"":null,""isComplete"":true,""completenessScore"":78,""qualityScore"":null,""isTest"":null,""auditTag"":null,""business_name"":""island to table patty hut"",""address"":""788 S Grand Ave Los angeles, CA 90017"",""city"":"""",""state"":""CA""}","unchanged","false","status_not_public|missing_alias_or_slug"
"67f73dec1d08a04e139a9b9a","kevan hall","remaining","","Shopping","Shopping","","","","","","{""status"":""pending"",""approved"":null,""alias"":null,""slug"":null,""isComplete"":true,""completenessScore"":78,""qualityScore"":null,""isTest"":null,""auditTag"":null,""business_name"":""kevan hall"",""address"":""8313 Beverly Blvd Los Angeles, CA 90048"",""city"":"""",""state"":""CA""}","unchanged","false","status_not_public|missing_alias_or_slug"
"67f73dec1d08a04e139a9b9e","ktx fitness","remaining","","Gym, Fitness Health and Wellness","Gym, Fitness Health and Wellness","","","","","","{""status"":""pending"",""approved"":null,""alias"":null,""slug"":null,""isComplete"":false,""completenessScore"":67,""qualityScore"":null,""isTest"":null,""auditTag"":null,""business_name"":""ktx fitness"",""address"":""1710 N McCadden Pl, Los Angeles, CA 90028"",""city"":"""",""state"":""CA""}","unchanged","false","status_not_public|missing_alias_or_slug|incomplete_listing"
"67f73dec1d08a04e139a9b9f","linda hayslett","remaining","","Services","Services","","","","","","{""status"":""pending"",""approved"":null,""alias"":null,""slug"":null,""isComplete"":true,""completenessScore"":78,""qualityScore"":null,""isTest"":null,""auditTag"":null,""business_name"":""linda hayslett"",""address"":""11765 Iowa Ave Los Angeles, CA 90025"",""city"":"""",""state"":""CA""}","unchanged","false","status_not_public|missing_alias_or_slug"
"67f73dec1d08a04e139a9ba0","la buns","remaining","","Restaurants","Restaurants","","","","","","{""status"":""pending"",""approved"":null,""alias"":null,""slug"":null,""isComplete"":false,""completenessScore"":67,""qualityScore"":null,""isTest"":null,""auditTag"":null,""business_name"":""la buns"",""address"":""8237 2nd St Downey, CA 90241"",""city"":"""",""state"":""CA""}","unchanged","false","status_not_public|missing_alias_or_slug|incomplete_listing"
"67f73dec1d08a04e139a9ba6","la grind coffee & tea bar","remaining","","Restaurants","Restaurants","","","","","","{""status"":""pending"",""approved"":null,""alias"":null,""slug"":null,""isComplete"":false,""completenessScore"":67,""qualityScore"":null,""isTest"":null,""auditTag"":null,""business_name"":""la grind coffee & tea bar"",""address"":""Los Angeles, CA 90011"",""city"":"""",""state"":""CA""}","unchanged","false","status_not_public|missing_alias_or_slug|incomplete_listing"
"67f73dec1d08a04e139a9bb2","little belize restaurant","remaining","","Restaurants","Restaurants","","","","","","{""status"":""pending"",""approved"":null,""alias"":null,""slug"":null,""isComplete"":false,""completenessScore"":67,""qualityScore"":null,""isTest"":null,""auditTag"":null,""business_name"":""little belize restaurant"",""address"":""217 E Nutwood St Inglewood, CA 90301"",""city"":"""",""state"":""CA""}","unchanged","false","status_not_public|missing_alias_or_slug|incomplete_listing"
"67f73dec1d08a04e139a9bba","little amsterdam coffee","remaining","","Restaurants","Restaurants","","","","","","{""status"":""pending"",""approved"":null,""alias"":null,""slug"":null,""isComplete"":false,""completenessScore"":67,""qualityScore"":null,""isTest"":null,""auditTag"":null,""business_name"":""little amsterdam coffee"",""address"":""1412 S Redondo Blvd Los Angeles, CA 90019"",""city"":"""",""state"":""CA""}","unchanged","false","status_not_public|missing_alias_or_slug|incomplete_listing"
"67f73dec1d08a04e139a9bbb","logan's gardens","remaining","","Restaurants","Restaurants","","","","","","{""status"":""pending"",""approved"":null,""alias"":null,""slug"":null,""isComplete"":false,""completenessScore"":67,""qualityScore"":null,""isTest"":null,""auditTag"":null,""business_name"":""logan's gardens"",""address"":""2640 Main St, Santa Monica, CA 90404"",""city"":"""",""state"":""CA""}","unchanged","false","status_not_public|missing_alias_or_slug|incomplete_listing"
"67f73dec1d08a04e139a9bbd","lou the french on the block","remaining","","Restaurants","Restaurants","","","","","","{""status"":""pending"",""approved"":null,""alias"":null,""slug"":null,""isComplete"":false,""completenessScore"":67,""qualityScore"":null,""isTest"":null,""auditTag"":null,""business_name"":""lou the french on the block"",""address"":""4007 W Riverside Dr Ste A Burbank, CA 91505"",""city"":"""",""state"":""CA""}","unchanged","false","status_not_public|missing_alias_or_slug|incomplete_listing"
"67f73dec1d08a04e139a9bbe","louisiana charlie's","remaining","","Restaurants","Restaurants","","","","","","{""status"":""pending"",""approved"":null,""alias"":null,""slug"":null,""isComplete"":false,""completenessScore"":67,""qualityScore"":null,""isTest"":null,""auditTag"":null,""business_name"":""louisiana charlie's"",""address"":""429 Shoreline Village Dr Long Beach, CA 90802"",""city"":"""",""state"":""CA""}","unchanged","false","status_not_public|missing_alias_or_slug|incomplete_listing"
"67f73dec1d08a04e139a9bc0","los angeles oils and butters","remaining","","Beauty, Grooming and Personal Care","Beauty, Grooming and Personal Care","","","","","","{""status"":""pending"",""approved"":null,""alias"":null,""slug"":null,""isComplete"":false,""completenessScore"":67,""qualityScore"":null,""isTest"":null,""auditTag"":null,""business_name"":""los angeles oils and butters"",""address"":""810 S Flower St, Los Angeles, CA 90017"",""city"":"""",""state"":""CA""}","unchanged","false","status_not_public|missing_alias_or_slug|incomplete_listing"
"67f73dec1d08a04e139a9bc6","malik books","remaining","","Shopping","Shopping","","","","","","{""status"":""pending"",""approved"":null,""alias"":null,""slug"":null,""isComplete"":true,""completenessScore"":78,""qualityScore"":null,""isTest"":null,""auditTag"":null,""business_name"":""malik books"",""address"":""3650 W Martin Luther King Jr Blvd Ste 245 Los Angeles, CA 90008"",""city"":"""",""state"":""CA""}","unchanged","false","status_not_public|missing_alias_or_slug"
"67f73dec1d08a04e139a9bd0","mom's burgers","remaining","","Restaurants","Restaurants","","","","","","{""status"":""pending"",""approved"":null,""alias"":null,""slug"":null,""isComplete"":false,""completenessScore"":67,""qualityScore"":null,""isTest"":null,""auditTag"":null,""business_name"":""mom's burgers"",""address"":""336 W Alondra Blvd Compton, CA 90220"",""city"":"""",""state"":""CA""}","unchanged","false","status_not_public|missing_alias_or_slug|incomplete_listing"
"67f73dec1d08a04e139a9bd1","matthews home style cooking","remaining","","Restaurants","Restaurants","","","","","","{""status"":""pending"",""approved"":null,""alias"":null,""slug"":null,""isComplete"":false,""completenessScore"":67,""qualityScore"":null,""isTest"":null,""auditTag"":null,""business_name"":""matthews home style cooking"",""address"":""2222 W Rosecrans Ave Gardena, CA 90249"",""city"":"""",""state"":""CA""}","unchanged","false","status_not_public|missing_alias_or_slug|incomplete_listing"
"67f73dec1d08a04e139a9bd3","ms. b's m&m soul food","remaining","","Restaurants","Restaurants","","","","","","{""status"":""pending"",""approved"":null,""alias"":null,""slug"":null,""isComplete"":false,""completenessScore"":67,""qualityScore"":null,""isTest"":null,""auditTag"":null,""business_name"":""ms. b's m&m soul food"",""address"":""4549 W Imperial Hwy Inglewood, CA 90304"",""city"":"""",""state"":""CA""}","unchanged","false","status_not_public|missing_alias_or_slug|incomplete_listing"
"67f73dec1d08a04e139a9bda","my fish stop","remaining","","Restaurants","Restaurants","","","","","","{""status"":""pending"",""approved"":null,""alias"":null,""slug"":null,""isComplete"":false,""completenessScore"":67,""qualityScore"":null,""isTest"":null,""auditTag"":null,""business_name"":""my fish stop"",""address"":""14843 Burbank Blvd Sherman Oaks, CA 91411"",""city"":"""",""state"":""CA""}","unchanged","false","status_not_public|missing_alias_or_slug|incomplete_listing"
"67f73dec1d08a04e139a9bdc","my place cafe","remaining","","Restaurants","Restaurants","","","","","","{""status"":""pending"",""approved"":null,""alias"":null,""slug"":null,""isComplete"":false,""completenessScore"":67,""qualityScore"":null,""isTest"":null,""auditTag"":null,""business_name"":""my place cafe"",""address"":""2057 N Los Robles Ave Unit 10 Pasadena, CA 91104"",""city"":"""",""state"":""CA""}","unchanged","false","status_not_public|missing_alias_or_slug|incomplete_listing"
"67f73dec1d08a04e139a9bdd","mr fries man","remaining","","Restaurants","Restaurants","","","","","","{""status"":""pending"",""approved"":null,""alias"":null,""slug"":null,""isComplete"":false,""completenessScore"":67,""qualityScore"":null,""isTest"":null,""auditTag"":null,""business_name"":""mr fries man"",""address"":""14800 S Western Ave Ste 108 Gardena, CA 90249"",""city"":"""",""state"":""CA""}","unchanged","false","status_not_public|missing_alias_or_slug|incomplete_listing"
"67f73dec1d08a04e139a9be0","my two cents","remaining","","Restaurants","Restaurants","","","","","","{""status"":""pending"",""approved"":null,""alias"":null,""slug"":null,""isComplete"":false,""completenessScore"":67,""qualityScore"":null,""isTest"":null,""auditTag"":null,""business_name"":""my two cents"",""address"":""5583 W Pico Blvd Los Angeles, CA 90019"",""city"":"""",""state"":""CA""}","unchanged","false","status_not_public|missing_alias_or_slug|incomplete_listing"
"67f73dec1d08a04e139a9be3","nimbus coffee","remaining","","Restaurants","Restaurants","","","","","","{""status"":""pending"",""approved"":null,""alias"":null,""slug"":null,""isComplete"":false,""completenessScore"":67,""qualityScore"":null,""isTest"":null,""auditTag"":null,""business_name"":""nimbus coffee"",""address"":""1115 S Hope St Los Angeles, CA 90015"",""city"":"""",""state"":""CA""}","unchanged","false","status_not_public|missing_alias_or_slug|incomplete_listing"
"67f73dec1d08a04e139a9be5","nena's organics","remaining","","Beauty, Grooming and Personal Care","Beauty, Grooming and Personal Care","","","","","","{""status"":""pending"",""approved"":null,""alias"":null,""slug"":null,""isComplete"":true,""completenessScore"":78,""qualityScore"":null,""isTest"":null,""auditTag"":null,""business_name"":""nena's organics"",""address"":""7381 La Tijera Blvd Los Angeles, CA 90045"",""city"":"""",""state"":""CA""}","unchanged","false","status_not_public|missing_alias_or_slug"
"67f73dec1d08a04e139a9be6","nobody jones boutique","remaining","","Shopping","Shopping","","","","","","{""status"":""pending"",""approved"":null,""alias"":null,""slug"":null,""isComplete"":true,""completenessScore"":78,""qualityScore"":null,""isTest"":null,""auditTag"":null,""business_name"":""nobody jones boutique"",""address"":""5593 Pico Blvd Los Angeles, CA 90019"",""city"":"""",""state"":""CA""}","unchanged","false","status_not_public|missing_alias_or_slug"
"67f73dec1d08a04e139a9be9","nkechi african cafe","remaining","","Restaurants","Restaurants","","","","","","{""status"":""pending"",""approved"":null,""alias"":null,""slug"":null,""isComplete"":false,""completenessScore"":67,""qualityScore"":null,""isTest"":null,""auditTag"":null,""business_name"":""nkechi african cafe"",""address"":""2717 W Manchester Blvd Inglewood, CA 90305"",""city"":"""",""state"":""CA""}","unchanged","false","status_not_public|missing_alias_or_slug|incomplete_listing"
"67f73dec1d08a04e139a9bea","nita's corn catering","remaining","","Restaurants","Restaurants","","","","","","{""status"":""pending"",""approved"":null,""alias"":null,""slug"":null,""isComplete"":false,""completenessScore"":56,""qualityScore"":null,""isTest"":null,""auditTag"":null,""business_name"":""nita's corn catering"",""address"":""Southern California, CA 90001"",""city"":"""",""state"":""CA""}","unchanged","false","status_not_public|missing_alias_or_slug|incomplete_listing"
"67f73dec1d08a04e139a9bf0","nior","remaining","","Shopping","Shopping","","","","","","{""status"":""pending"",""approved"":null,""alias"":null,""slug"":null,""isComplete"":false,""completenessScore"":67,""qualityScore"":null,""isTest"":null,""auditTag"":null,""business_name"":""nior"",""address"":""12211 Arbor Pl Los Angeles, CA 90044"",""city"":"""",""state"":""CA""}","unchanged","false","status_not_public|missing_alias_or_slug|incomplete_listing"
"67f73dec1d08a04e139a9bf2","oh my burger","remaining","","Restaurants","Restaurants","","","","","","{""status"":""pending"",""approved"":null,""alias"":null,""slug"":null,""isComplete"":false,""completenessScore"":67,""qualityScore"":null,""isTest"":null,""auditTag"":null,""business_name"":""oh my burger"",""address"":""2142 W El Segundo Blvd Gardena, CA 90249"",""city"":"""",""state"":""CA""}","unchanged","false","status_not_public|missing_alias_or_slug|incomplete_listing"
"67f73dec1d08a04e139a9bf5","one-of-a-kind hats","remaining","","Shopping","Shopping","","","","","","{""status"":""pending"",""approved"":null,""alias"":null,""slug"":null,""isComplete"":true,""completenessScore"":78,""qualityScore"":null,""isTest"":null,""auditTag"":null,""business_name"":""one-of-a-kind hats"",""address"":""4432 W Slauson Ave Los Angeles, CA 90043"",""city"":"""",""state"":""CA""}","unchanged","false","status_not_public|missing_alias_or_slug"
"67f73dec1d08a04e139a9bf6","one876 caribbean restaurant","remaining","","Restaurants","Restaurants","","","","","","{""status"":""pending"",""approved"":null,""alias"":null,""slug"":null,""isComplete"":true,""completenessScore"":78,""qualityScore"":null,""isTest"":null,""auditTag"":null,""business_name"":""one876 caribbean restaurant"",""address"":""20869 Lassen St Chatsworth, CA 91311"",""city"":"""",""state"":""CA""}","unchanged","false","status_not_public|missing_alias_or_slug"
"67f73dec1d08a04e139a9bfc","papa john's pizza","remaining","","Restaurants","Restaurants","","","","","","{""status"":""pending"",""approved"":null,""alias"":null,""slug"":null,""isComplete"":false,""completenessScore"":67,""qualityScore"":null,""isTest"":null,""auditTag"":null,""business_name"":""papa john's pizza"",""address"":""7150 Beverly Blvd Los Angeles, CA 90036"",""city"":"""",""state"":""CA""}","unchanged","false","status_not_public|missing_alias_or_slug|incomplete_listing"
"67f73dec1d08a04e139a9c03","perry's joint","remaining","","Restaurants","Restaurants","","","","","","{""status"":""pending"",""approved"":null,""alias"":null,""slug"":null,""isComplete"":true,""completenessScore"":78,""qualityScore"":null,""isTest"":null,""auditTag"":null,""business_name"":""perry's joint"",""address"":""2051 Lincoln Ave Pasadena, CA 91103"",""city"":"""",""state"":""CA""}","unchanged","false","status_not_public|missing_alias_or_slug"
"67f73dec1d08a04e139a9c07","phat birds","remaining","","Restaurants","Restaurants","","","","","","{""status"":""pending"",""approved"":null,""alias"":null,""slug"":null,""isComplete"":false,""completenessScore"":67,""qualityScore"":null,""isTest"":null,""auditTag"":null,""business_name"":""phat birds"",""address"":""3705 W Sunset Blvd Los Angeles, CA 90026"",""city"":"""",""state"":""CA""}","unchanged","false","status_not_public|missing_alias_or_slug|incomplete_listing"
"67f73dec1d08a04e139a9c0c","pinky rose boutique","remaining","","Shopping","Shopping","","","","","","{""status"":""pending"",""approved"":null,""alias"":null,""slug"":null,""isComplete"":true,""completenessScore"":78,""qualityScore"":null,""isTest"":null,""auditTag"":null,""business_name"":""pinky rose boutique"",""address"":""5372 W Pico Blvd Los Angeles, CA 90019"",""city"":"""",""state"":""CA""}","unchanged","false","status_not_public|missing_alias_or_slug"
"67f73dec1d08a04e139a9c0f","projectq salon and community center (health and beauty)","remaining","","Beauty, Grooming and Personal Care","Beauty, Grooming and Personal Care","","","","","","{""status"":""pending"",""approved"":null,""alias"":null,""slug"":null,""isComplete"":true,""completenessScore"":78,""qualityScore"":null,""isTest"":null,""auditTag"":null,""business_name"":""projectq salon and community center (health and beauty)"",""address"":""818 N. Spring St, Los Angeles, CA 90012"",""city"":"""",""state"":""CA""}","unchanged","false","status_not_public|missing_alias_or_slug"
"67f73dec1d08a04e139a9c10","pop belli deli","remaining","","Restaurants","Restaurants","","","","","","{""status"":""pending"",""approved"":null,""alias"":null,""slug"":null,""isComplete"":false,""completenessScore"":67,""qualityScore"":null,""isTest"":null,""auditTag"":null,""business_name"":""pop belli deli"",""address"":""13911 Van Ness Ave Gardena, CA 90249"",""city"":"""",""state"":""CA""}","unchanged","false","status_not_public|missing_alias_or_slug|incomplete_listing"
"67f73dec1d08a04e139a9c13","pips on la brea","remaining","","Nightlife","Nightlife","","","","","","{""status"":""pending"",""approved"":null,""alias"":null,""slug"":null,""isComplete"":false,""completenessScore"":67,""qualityScore"":null,""isTest"":null,""auditTag"":null,""business_name"":""pips on la brea"",""address"":""1356 S La Brea Ave Los Angeles, CA 90019"",""city"":"""",""state"":""CA""}","unchanged","false","status_not_public|missing_alias_or_slug|incomplete_listing"
"67f73dec1d08a04e139a9c15","post & beam","remaining","","Restaurants","Restaurants","","","","","","{""status"":""pending"",""approved"":null,""alias"":null,""slug"":null,""isComplete"":false,""completenessScore"":67,""qualityScore"":null,""isTest"":null,""auditTag"":null,""business_name"":""post & beam"",""address"":""3767 Santa Rosalia Dr Los Angeles, CA 90008"",""city"":"""",""state"":""CA""}","unchanged","false","status_not_public|missing_alias_or_slug|incomplete_listing"
"67f73dec1d08a04e139a9c1a","r & r soul food restaurant","remaining","","Restaurants","Restaurants","","","","","","{""status"":""pending"",""approved"":null,""alias"":null,""slug"":null,""isComplete"":false,""completenessScore"":67,""qualityScore"":null,""isTest"":null,""auditTag"":null,""business_name"":""r & r soul food restaurant"",""address"":""18427 Avalon Blvd Carson, CA 90746"",""city"":"""",""state"":""CA""}","unchanged","false","status_not_public|missing_alias_or_slug|incomplete_listing"
"67f73dec1d08a04e139a9c24","rosalind's ethiopian restaurant","remaining","","Restaurants","Restaurants","","","","","","{""status"":""pending"",""approved"":null,""alias"":null,""slug"":null,""isComplete"":false,""completenessScore"":67,""qualityScore"":null,""isTest"":null,""auditTag"":null,""business_name"":""rosalind's ethiopian restaurant"",""address"":""1044 S Fairfax Ave Los Angeles, CA 90019"",""city"":"""",""state"":""CA""}","unchanged","false","status_not_public|missing_alias_or_slug|incomplete_listing"
"67f73dec1d08a04e139a9c25","roscoe's house of chicken & waffles","remaining","","Restaurants","Restaurants","","","","","","{""status"":""pending"",""approved"":null,""alias"":null,""slug"":null,""isComplete"":false,""completenessScore"":67,""qualityScore"":null,""isTest"":null,""auditTag"":null,""business_name"":""roscoe's house of chicken & waffles"",""address"":""5006 W Pico Blvd Los Angeles, CA 90019"",""city"":"""",""state"":""CA""}","unchanged","false","status_not_public|missing_alias_or_slug|incomplete_listing"
"67f73dec1d08a04e139a9c29","rume by tauska","remaining","","Services","Services","","","","","","{""status"":""pending"",""approved"":null,""alias"":null,""slug"":null,""isComplete"":true,""completenessScore"":78,""qualityScore"":null,""isTest"":null,""auditTag"":null,""business_name"":""rume by tauska"",""address"":""8200 Wilshire Blvd #421, Los Angeles, CA 90048"",""city"":"""",""state"":""CA""}","unchanged","false","status_not_public|missing_alias_or_slug"
"67f73dec1d08a04e139a9c2b","ranch side cafe","remaining","","Restaurants","Restaurants","","","","","","{""status"":""pending"",""approved"":null,""alias"":null,""slug"":null,""isComplete"":true,""completenessScore"":78,""qualityScore"":null,""isTest"":null,""auditTag"":null,""business_name"":""ranch side cafe"",""address"":""11355 Foothill Blvd Sylmar, CA 91342"",""city"":"""",""state"":""CA""}","unchanged","false","status_not_public|missing_alias_or_slug"
"67f73dec1d08a04e139a9c32","sattdown jamaican grill","remaining","","Restaurants","Restaurants","","","","","","{""status"":""pending"",""approved"":null,""alias"":null,""slug"":null,""isComplete"":false,""completenessScore"":67,""qualityScore"":null,""isTest"":null,""auditTag"":null,""business_name"":""sattdown jamaican grill"",""address"":""11320 Ventura Blvd Studio City, CA 91604"",""city"":"""",""state"":""CA""}","unchanged","false","status_not_public|missing_alias_or_slug|incomplete_listing"
"67f73dec1d08a04e139a9c3e","simply d'licious","remaining","","Restaurants","Restaurants","","","","","","{""status"":""pending"",""approved"":null,""alias"":null,""slug"":null,""isComplete"":false,""completenessScore"":67,""qualityScore"":null,""isTest"":null,""auditTag"":null,""business_name"":""simply d'licious"",""address"":""4641 W Washington Blvd Los Angeles, CA 90016"",""city"":"""",""state"":""CA""}","unchanged","false","status_not_public|missing_alias_or_slug|incomplete_listing"
"67f73dec1d08a04e139a9c44","southern girl desserts","remaining","","Restaurants","Restaurants","","","","","","{""status"":""pending"",""approved"":null,""alias"":null,""slug"":null,""isComplete"":false,""completenessScore"":67,""qualityScore"":null,""isTest"":null,""auditTag"":null,""business_name"":""southern girl desserts"",""address"":""3650 W Martin Luther King Jr Blvd Los Angeles, CA 90008"",""city"":"""",""state"":""CA""}","unchanged","false","status_not_public|missing_alias_or_slug|incomplete_listing"
"67f73dec1d08a04e139a9c45","soul food renaissance","remaining","","Restaurants","Restaurants","","","","","","{""status"":""pending"",""approved"":null,""alias"":null,""slug"":null,""isComplete"":false,""completenessScore"":67,""qualityScore"":null,""isTest"":null,""auditTag"":null,""business_name"":""soul food renaissance"",""address"":""6617 Cherry Ave Long Beach, CA 90805"",""city"":"""",""state"":""CA""}","unchanged","false","status_not_public|missing_alias_or_slug|incomplete_listing"
"67f73dec1d08a04e139a9c46","sumptuous african restaurant","remaining","","Restaurants","Restaurants","","","","","","{""status"":""pending"",""approved"":null,""alias"":null,""slug"":null,""isComplete"":false,""completenessScore"":67,""qualityScore"":null,""isTest"":null,""auditTag"":null,""business_name"":""sumptuous african restaurant"",""address"":""1170 S La Brea Ave Inglewood, CA 90301"",""city"":"""",""state"":""CA""}","unchanged","false","status_not_public|missing_alias_or_slug|incomplete_listing"
"67f73dec1d08a04e139a9c47","speir pilates","remaining","","Gym, Fitness Health and Wellness","Gym, Fitness Health and Wellness","","","","","","{""status"":""pending"",""approved"":null,""alias"":null,""slug"":null,""isComplete"":true,""completenessScore"":78,""qualityScore"":null,""isTest"":null,""auditTag"":null,""business_name"":""speir pilates"",""address"":""1427 7th St Santa Monica, CA 90401"",""city"":"""",""state"":""CA""}","unchanged","false","status_not_public|missing_alias_or_slug"
"67f73dec1d08a04e139a9c48","stuzo clothing","remaining","","Shopping","Shopping","","","","","","{""status"":""pending"",""approved"":null,""alias"":null,""slug"":null,""isComplete"":true,""completenessScore"":78,""qualityScore"":null,""isTest"":null,""auditTag"":null,""business_name"":""stuzo clothing"",""address"":""4751 W Washington Blvd Los Angeles, CA 90016"",""city"":"""",""state"":""CA""}","unchanged","false","status_not_public|missing_alias_or_slug"
"67f73dec1d08a04e139a9c4b","sugar jones","remaining","","Restaurants","Restaurants","","","","","","{""status"":""pending"",""approved"":null,""alias"":null,""slug"":null,""isComplete"":false,""completenessScore"":67,""qualityScore"":null,""isTest"":null,""auditTag"":null,""business_name"":""sugar jones"",""address"":""Los Angeles, CA 91607"",""city"":"""",""state"":""CA""}","unchanged","false","status_not_public|missing_alias_or_slug|incomplete_listing"
"67f73dec1d08a04e139a9c4f","stuff i eat","remaining","","Restaurants","Restaurants","","","","","","{""status"":""pending"",""approved"":null,""alias"":null,""slug"":null,""isComplete"":false,""completenessScore"":67,""qualityScore"":null,""isTest"":null,""auditTag"":null,""business_name"":""stuff i eat"",""address"":""114 N Market St Inglewood, CA 90301"",""city"":"""",""state"":""CA""}","unchanged","false","status_not_public|missing_alias_or_slug|incomplete_listing"
"67f73dec1d08a04e139a9c52","sugar and spice","remaining","","Restaurants","Restaurants","","","","","","{""status"":""pending"",""approved"":null,""alias"":null,""slug"":null,""isComplete"":false,""completenessScore"":56,""qualityScore"":null,""isTest"":null,""auditTag"":null,""business_name"":""sugar and spice"",""address"":""15355 Sherman Way Los Angeles, CA 91406"",""city"":"""",""state"":""CA""}","unchanged","false","status_not_public|missing_alias_or_slug|incomplete_listing"
"67f73dec1d08a04e139a9c54","taco mell","remaining","","Restaurants","Restaurants","","","","","","{""status"":""pending"",""approved"":null,""alias"":null,""slug"":null,""isComplete"":true,""completenessScore"":78,""qualityScore"":null,""isTest"":null,""auditTag"":null,""business_name"":""taco mell"",""address"":""4326 Crenshaw Blvd Los Angeles, CA 90008"",""city"":"""",""state"":""CA""}","unchanged","false","status_not_public|missing_alias_or_slug"
"67f73dec1d08a04e139a9c5a","south la cafe","remaining","","Restaurants","Restaurants","","","","","","{""status"":""pending"",""approved"":null,""alias"":null,""slug"":null,""isComplete"":true,""completenessScore"":78,""qualityScore"":null,""isTest"":null,""auditTag"":null,""business_name"":""south la cafe"",""address"":""1700 Browning Blvd Los Angeles, CA 90062"",""city"":"""",""state"":""CA""}","unchanged","false","status_not_public|missing_alias_or_slug"
"67f73dec1d08a04e139a9c5b","texas bbq king","remaining","","Restaurants","Restaurants","","","","","","{""status"":""pending"",""approved"":null,""alias"":null,""slug"":null,""isComplete"":false,""completenessScore"":67,""qualityScore"":null,""isTest"":null,""auditTag"":null,""business_name"":""texas bbq king"",""address"":""5309 S Vermont Ave Los Angeles, CA 90037"",""city"":"""",""state"":""CA""}","unchanged","false","status_not_public|missing_alias_or_slug|incomplete_listing"
"67f73dec1d08a04e139a9c5e","the barbershop club","remaining","","Beauty, Grooming and Personal Care","Beauty, Grooming and Personal Care","","","","","","{""status"":""pending"",""approved"":null,""alias"":null,""slug"":null,""isComplete"":false,""completenessScore"":67,""qualityScore"":null,""isTest"":null,""auditTag"":null,""business_name"":""the barbershop club"",""address"":""3610 W 6th St Los Angeles, CA 90020"",""city"":"""",""state"":""CA""}","unchanged","false","status_not_public|missing_alias_or_slug|incomplete_listing"
"67f73dec1d08a04e139a9c61","tanjee bakes","remaining","","Restaurants","Restaurants","","","","","","{""status"":""pending"",""approved"":null,""alias"":null,""slug"":null,""isComplete"":false,""completenessScore"":67,""qualityScore"":null,""isTest"":null,""auditTag"":null,""business_name"":""tanjee bakes"",""address"":""Long Beach, CA 90805"",""city"":"""",""state"":""CA""}","unchanged","false","status_not_public|missing_alias_or_slug|incomplete_listing"
"67f73dec1d08a04e139a9c66","the cardio grind","remaining","","Gym, Fitness Health and Wellness","Gym, Fitness Health and Wellness","","","","","","{""status"":""pending"",""approved"":null,""alias"":null,""slug"":null,""isComplete"":true,""completenessScore"":78,""qualityScore"":null,""isTest"":null,""auditTag"":null,""business_name"":""the cardio grind"",""address"":""18529 Burbank Blvd Tarzana, CA 91356"",""city"":"""",""state"":""CA""}","unchanged","false","status_not_public|missing_alias_or_slug"
"67f73dec1d08a04e139a9c69","the juice","remaining","","Restaurants","Restaurants","","","","","","{""status"":""pending"",""approved"":null,""alias"":null,""slug"":null,""isComplete"":false,""completenessScore"":67,""qualityScore"":null,""isTest"":null,""auditTag"":null,""business_name"":""the juice"",""address"":""3145 Glendale Blvd Los Angeles, CA 90039"",""city"":"""",""state"":""CA""}","unchanged","false","status_not_public|missing_alias_or_slug|incomplete_listing"
"67f73dec1d08a04e139a9c6c","the jyim","remaining","","Gym, Fitness Health and Wellness","Gym, Fitness Health and Wellness","","","","","","{""status"":""pending"",""approved"":null,""alias"":null,""slug"":null,""isComplete"":true,""completenessScore"":78,""qualityScore"":null,""isTest"":null,""auditTag"":null,""business_name"":""the jyim"",""address"":""1855 Industrial St Ste 104 Los Angeles, CA 90021"",""city"":"""",""state"":""CA""}","unchanged","false","status_not_public|missing_alias_or_slug"
"67f73dec1d08a04e139a9c6d","the girl cave la","remaining","","Beauty, Grooming and Personal Care","Beauty, Grooming and Personal Care","","","","","","{""status"":""pending"",""approved"":null,""alias"":null,""slug"":null,""isComplete"":true,""completenessScore"":78,""qualityScore"":null,""isTest"":null,""auditTag"":null,""business_name"":""the girl cave la"",""address"":""1855 W Manchester Ave Ste 103 Los Angeles, CA 90047"",""city"":"""",""state"":""CA""}","unchanged","false","status_not_public|missing_alias_or_slug"
"67f73dec1d08a04e139a9c73","the plant provocateur","remaining","","Shopping","Shopping","","","","","","{""status"":""pending"",""approved"":null,""alias"":null,""slug"":null,""isComplete"":true,""completenessScore"":78,""qualityScore"":null,""isTest"":null,""auditTag"":null,""business_name"":""the plant provocateur"",""address"":""3318 Sunset Blvd Los Angeles, CA 90026"",""city"":"""",""state"":""CA""}","unchanged","false","status_not_public|missing_alias_or_slug"
"67f73dec1d08a04e139a9c75","the ron finley project","remaining","","Shopping","Shopping","","","","","","{""status"":""pending"",""approved"":null,""alias"":null,""slug"":null,""isComplete"":false,""completenessScore"":67,""qualityScore"":null,""isTest"":null,""auditTag"":null,""business_name"":""the ron finley project"",""address"":""4501 W Exposition Blvd Los Angeles, CA 90016"",""city"":"""",""state"":""CA""}","unchanged","false","status_not_public|missing_alias_or_slug|incomplete_listing"
"67f73dec1d08a04e139a9c7d","the soul food shack","remaining","","Restaurants","Restaurants","","","","","","{""status"":""pending"",""approved"":null,""alias"":null,""slug"":null,""isComplete"":false,""completenessScore"":67,""qualityScore"":null,""isTest"":null,""auditTag"":null,""business_name"":""the soul food shack"",""address"":""1762 W El Segundo Blvd Gardena, CA 90249"",""city"":"""",""state"":""CA""}","unchanged","false","status_not_public|missing_alias_or_slug|incomplete_listing"
"67f73dec1d08a04e139a9c87","tomorrow's aeronautical museum","remaining","","Museums, Cultural Institutions, and Shared Spaces","Museums, Cultural Institutions, and Shared Spaces","","","","","","{""status"":""pending"",""approved"":null,""alias"":null,""slug"":null,""isComplete"":true,""completenessScore"":78,""qualityScore"":null,""isTest"":null,""auditTag"":null,""business_name"":""tomorrow's aeronautical museum"",""address"":""961 W Alondra Blvd Compton, CA 90220"",""city"":"""",""state"":""CA""}","unchanged","false","status_not_public|missing_alias_or_slug"
"67f73dec1d08a04e139a9c88","the reverse orangutan","remaining","","Restaurants","Restaurants","","","","","","{""status"":""pending"",""approved"":null,""alias"":null,""slug"":null,""isComplete"":false,""completenessScore"":56,""qualityScore"":null,""isTest"":null,""auditTag"":null,""business_name"":""the reverse orangutan"",""address"":""440 E Rte 66 Glendora, CA 91740"",""city"":"""",""state"":""CA""}","unchanged","false","status_not_public|missing_alias_or_slug|incomplete_listing"
"67f73dec1d08a04e139a9c89","totos african cuisine van nuys","remaining","","Restaurants","Restaurants","","","","","","{""status"":""pending"",""approved"":null,""alias"":null,""slug"":null,""isComplete"":false,""completenessScore"":67,""qualityScore"":null,""isTest"":null,""auditTag"":null,""business_name"":""totos african cuisine van nuys"",""address"":""15355 Sherman Way Van Nuys, CA 91406"",""city"":"""",""state"":""CA""}","unchanged","false","status_not_public|missing_alias_or_slug|incomplete_listing"
"67f73dec1d08a04e139a9c8d","twins smoke house bbq","remaining","","Restaurants","Restaurants","","","","","","{""status"":""pending"",""approved"":null,""alias"":null,""slug"":null,""isComplete"":false,""completenessScore"":67,""qualityScore"":null,""isTest"":null,""auditTag"":null,""business_name"":""twins smoke house bbq"",""address"":""1555 W Willow St Long Beach, CA 90810"",""city"":"""",""state"":""CA""}","unchanged","false","status_not_public|missing_alias_or_slug|incomplete_listing"
"67f73dec1d08a04e139a9c8f","the underground museum","remaining","","Museums, Cultural Institutions, and Shared Spaces","Museums, Cultural Institutions, and Shared Spaces","","","","","","{""status"":""pending"",""approved"":null,""alias"":null,""slug"":null,""isComplete"":true,""completenessScore"":78,""qualityScore"":null,""isTest"":null,""auditTag"":null,""business_name"":""the underground museum"",""address"":""3508 W Washington Blvd Los Angeles, CA 90018"",""city"":"""",""state"":""CA""}","unchanged","false","status_not_public|missing_alias_or_slug"
"67f73dec1d08a04e139a9c93","undergrind cafe","remaining","","Restaurants","Restaurants","","","","","","{""status"":""pending"",""approved"":null,""alias"":null,""slug"":null,""isComplete"":true,""completenessScore"":78,""qualityScore"":null,""isTest"":null,""auditTag"":null,""business_name"":""undergrind cafe"",""address"":""2713 S Robertson Blvd Los Angeles, CA 90034"",""city"":"""",""state"":""CA""}","unchanged","false","status_not_public|missing_alias_or_slug"
"67f73dec1d08a04e139a9c94","uncle andre's bbq","remaining","","Restaurants","Restaurants","","","","","","{""status"":""pending"",""approved"":null,""alias"":null,""slug"":null,""isComplete"":false,""completenessScore"":67,""qualityScore"":null,""isTest"":null,""auditTag"":null,""business_name"":""uncle andre's bbq"",""address"":""11715 Moorpark St Studio City, CA 91604"",""city"":"""",""state"":""CA""}","unchanged","false","status_not_public|missing_alias_or_slug|incomplete_listing"
"67f73dec1d08a04e139a9c95","union","remaining","","Restaurants","Restaurants","","","","","","{""status"":""pending"",""approved"":null,""alias"":null,""slug"":null,""isComplete"":true,""completenessScore"":78,""qualityScore"":null,""isTest"":null,""auditTag"":null,""business_name"":""union"",""address"":""37 E Union St Pasadena, CA 91103"",""city"":"""",""state"":""CA""}","unchanged","false","status_not_public|missing_alias_or_slug"
"67f73dec1d08a04e139a9ca2","wi jammin cafe","remaining","","Restaurants","Restaurants","","","","","","{""status"":""pending"",""approved"":null,""alias"":null,""slug"":null,""isComplete"":false,""completenessScore"":67,""qualityScore"":null,""isTest"":null,""auditTag"":null,""business_name"":""wi jammin cafe"",""address"":""1359 S Redondo Blvd Los Angeles, CA 90019"",""city"":"""",""state"":""CA""}","unchanged","false","status_not_public|missing_alias_or_slug|incomplete_listing"
"67f73dec1d08a04e139a9ca6","yordanos ethiopian restaurant","remaining","","Restaurants","Restaurants","","","","","","{""status"":""pending"",""approved"":null,""alias"":null,""slug"":null,""isComplete"":false,""completenessScore"":67,""qualityScore"":null,""isTest"":null,""auditTag"":null,""business_name"":""yordanos ethiopian restaurant"",""address"":""4020 W Martin Luther King Jr Blvd Los Angeles, CA 90008"",""city"":"""",""state"":""CA""}","unchanged","false","status_not_public|missing_alias_or_slug|incomplete_listing"
"67f73dec1d08a04e139a9cae","zac's sweet shop","remaining","","Restaurants","Restaurants","","","","","","{""status"":""pending"",""approved"":null,""alias"":null,""slug"":null,""isComplete"":false,""completenessScore"":56,""qualityScore"":null,""isTest"":null,""auditTag"":null,""business_name"":""zac's sweet shop"",""address"":""230 W Ave 26 Los Angeles, CA 90031"",""city"":"""",""state"":""CA""}","unchanged","false","status_not_public|missing_alias_or_slug|incomplete_listing"
"67f73dec1d08a04e139a9cb6","world wide tacos","remaining","","Restaurants","Restaurants","","","","","","{""status"":""pending"",""approved"":null,""alias"":null,""slug"":null,""isComplete"":false,""completenessScore"":67,""qualityScore"":null,""isTest"":null,""auditTag"":null,""business_name"":""world wide tacos"",""address"":""2419 W Martin Luther King J Los Angeles, CA 90008"",""city"":"""",""state"":""CA""}","unchanged","false","status_not_public|missing_alias_or_slug|incomplete_listing"
"67f73dec1d08a04e139a9cb7","flight facility los angeles 2","remaining","","Cannabis Dispensaries","Shopping","","","","","","{""status"":""pending"",""approved"":null,""alias"":null,""slug"":null,""isComplete"":false,""completenessScore"":67,""qualityScore"":null,""isTest"":null,""auditTag"":null,""business_name"":""flight facility los angeles 2"",""address"":""10442 W Magnolia Blvd Los Angeles, CA 91601"",""city"":"""",""state"":""CA""}","unchanged","false","status_not_public|missing_alias_or_slug|incomplete_listing"
"67f73dec1d08a04e139a9cea","blow smoke and vape minimart los angeles","remaining","","Tobacco Shops","Shopping","","","","","","{""status"":""pending"",""approved"":null,""alias"":null,""slug"":null,""isComplete"":false,""completenessScore"":67,""qualityScore"":null,""isTest"":null,""auditTag"":null,""business_name"":""blow smoke and vape minimart los angeles"",""address"":""2527 W Slauson Ave Los Angeles, CA 90043"",""city"":"""",""state"":""CA""}","unchanged","false","status_not_public|missing_alias_or_slug|incomplete_listing"
"67f73dec1d08a04e139a9d0b","","remaining","","Massage, Massage Therapy","Beauty, Grooming and Personal Care","","","","","","{""status"":""pending"",""approved"":null,""alias"":""silver-liner-mobile-massage-studio-irvine"",""slug"":null,""isComplete"":false,""completenessScore"":56,""qualityScore"":null,""isTest"":null,""auditTag"":null,""business_name"":"""",""address"":""Irvine, CA 92612"",""city"":"""",""state"":""CA""}","unchanged","false","status_not_public|incomplete_listing"
"67f73dec1d08a04e139a9d0e","","remaining","","Hair Stylists, Hair Extensions","Beauty, Grooming and Personal Care","","","","","","{""status"":""pending"",""approved"":null,""alias"":""image-of-africa-los-angeles-2"",""slug"":null,""isComplete"":false,""completenessScore"":56,""qualityScore"":null,""isTest"":null,""auditTag"":null,""business_name"":"""",""address"":""3860 Crenshaw Blvd, Ste 228, Los Angeles, CA 90008"",""city"":"""",""state"":""CA""}","unchanged","false","status_not_public|incomplete_listing"
"67f73dec1d08a04e139a9d10","","remaining","","Hair Salons, Makeup Artists, Nail Technicians","Beauty, Grooming and Personal Care","","","","","","{""status"":""pending"",""approved"":null,""alias"":""mobile-hairdressers-los-angeles-beverly-hills"",""slug"":null,""isComplete"":false,""completenessScore"":56,""qualityScore"":null,""isTest"":null,""auditTag"":null,""business_name"":"""",""address"":""Beverly Hills, CA 90211"",""city"":"""",""state"":""CA""}","unchanged","false","status_not_public|incomplete_listing"
"67f73dec1d08a04e139a9d13","","remaining","","Hair Extensions, Cosmetics & Beauty Supply, Hair Stylists","Beauty, Grooming and Personal Care","","","","","","{""status"":""pending"",""approved"":null,""alias"":""braid-queen-la-los-angeles"",""slug"":null,""isComplete"":false,""completenessScore"":56,""qualityScore"":null,""isTest"":null,""auditTag"":null,""business_name"":"""",""address"":""3959 Wilshire Blvd, Ste A25, Los Angeles, CA 90010"",""city"":"""",""state"":""CA""}","unchanged","false","status_not_public|incomplete_listing"
"67f73dec1d08a04e139a9d16","","remaining","","Hair Salons","Beauty, Grooming and Personal Care","","","","","","{""status"":""pending"",""approved"":null,""alias"":""hair-it-is-hair-salon-long-beach"",""slug"":null,""isComplete"":false,""completenessScore"":56,""qualityScore"":null,""isTest"":null,""auditTag"":null,""business_name"":"""",""address"":""3253 South St, Ste 107, Long Beach, CA 90805"",""city"":"""",""state"":""CA""}","unchanged","false","status_not_public|incomplete_listing"
"67f73dec1d08a04e139a9d19","","remaining","","Makeup Artists, Eyelash Service, Eyebrow Services","Beauty, Grooming and Personal Care","","","","","","{""status"":""pending"",""approved"":null,""alias"":""damone-roberts-beverly-hills-salon-beverly-hills-2"",""slug"":null,""isComplete"":false,""completenessScore"":56,""qualityScore"":null,""isTest"":null,""auditTag"":null,""business_name"":"""",""address"":""8383 Wilshire Blvd, Ste 50, Studio 206, Beverly Hills, CA 90211"",""city"":"""",""state"":""CA""}","unchanged","false","status_not_public|incomplete_listing"
"67f73dec1d08a04e139a9d20","","remaining","","Hair Stylists, Hair Extensions","Beauty, Grooming and Personal Care","","","","","","{""status"":""pending"",""approved"":null,""alias"":""desiree-g-hair-west-hollywood-3"",""slug"":null,""isComplete"":false,""completenessScore"":56,""qualityScore"":null,""isTest"":null,""auditTag"":null,""business_name"":"""",""address"":""8000 Sunset Blvd, Ste B-200, Studio 73, Salon Republic, West Hollywood, CA 90046"",""city"":"""",""state"":""CA""}","unchanged","false","status_not_public|incomplete_listing"
"67f73dec1d08a04e139a9d22","","remaining","","Makeup Artists, Hair Removal","Beauty, Grooming and Personal Care","","","","","","{""status"":""pending"",""approved"":null,""alias"":""camille-ariane-makeup-los-angeles"",""slug"":null,""isComplete"":false,""completenessScore"":56,""qualityScore"":null,""isTest"":null,""auditTag"":null,""business_name"":"""",""address"":""5612 W Manchester Ave, Los Angeles, CA 90045"",""city"":"""",""state"":""CA""}","unchanged","false","status_not_public|incomplete_listing"
"67f73dec1d08a04e139a9d28","","remaining","","Hair Stylists, Makeup Artists","Beauty, Grooming and Personal Care","","","","","","{""status"":""pending"",""approved"":null,""alias"":""hair-and-makeup-by-satis-los-angeles"",""slug"":null,""isComplete"":false,""completenessScore"":56,""qualityScore"":null,""isTest"":null,""auditTag"":null,""business_name"":"""",""address"":""15600 Mulholland Dr, Apt A, Los Angeles, CA 90077"",""city"":"""",""state"":""CA""}","unchanged","false","status_not_public|incomplete_listing"
"67f73dec1d08a04e139a9d2b","","remaining","","Hair Extensions, Hair Stylists","Beauty, Grooming and Personal Care","","","","","","{""status"":""pending"",""approved"":null,""alias"":""meedo-hair-salon-anaheim"",""slug"":null,""isComplete"":false,""completenessScore"":56,""qualityScore"":null,""isTest"":null,""auditTag"":null,""business_name"":"""",""address"":""2839 W Lincoln Ave, Anaheim, CA 92801"",""city"":"""",""state"":""CA""}","unchanged","false","status_not_public|incomplete_listing"
"67f73dec1d08a04e139a9d34","","remaining","","Eyelash Service, Nail Salons, Hair Salons","Beauty, Grooming and Personal Care","","","","","","{""status"":""pending"",""approved"":null,""alias"":""cloud9-beauty-bar-long-beach"",""slug"":null,""isComplete"":false,""completenessScore"":56,""qualityScore"":null,""isTest"":null,""auditTag"":null,""business_name"":"""",""address"":""2726 E 10th St, Long Beach, CA 90804"",""city"":"""",""state"":""CA""}","unchanged","false","status_not_public|incomplete_listing"
"67f73dec1d08a04e139a9d35","","remaining","","Cosmetics & Beauty Supply, Hair Extensions, Wigs","Beauty, Grooming and Personal Care","","","","","","{""status"":""pending"",""approved"":null,""alias"":""textured-tech-carson-4"",""slug"":null,""isComplete"":false,""completenessScore"":56,""qualityScore"":null,""isTest"":null,""auditTag"":null,""business_name"":"""",""address"":""441 E Carson St, Unit C & D, Carson, CA 90745"",""city"":"""",""state"":""CA""}","unchanged","false","status_not_public|incomplete_listing"
"67f73dec1d08a04e139a9d3c","","remaining","","Cosmetics & Beauty Supply, Wigs, Hair Extensions","Beauty, Grooming and Personal Care","","","","","","{""status"":""pending"",""approved"":null,""alias"":""simply-divine-beauty-supply-monrovia"",""slug"":null,""isComplete"":false,""completenessScore"":56,""qualityScore"":null,""isTest"":null,""auditTag"":null,""business_name"":"""",""address"":""325 W Huntington Dr, Monrovia, CA 91016"",""city"":"""",""state"":""CA""}","unchanged","false","status_not_public|incomplete_listing"
"67f73dec1d08a04e139a9d48","","remaining","","Hair Salons, Skin Care, Eyelash Service","Beauty, Grooming and Personal Care","","","","","","{""status"":""pending"",""approved"":null,""alias"":""lee-salon-pasadena-pasadena"",""slug"":null,""isComplete"":false,""completenessScore"":56,""qualityScore"":null,""isTest"":null,""auditTag"":null,""business_name"":"""",""address"":""573 S Lake Ave, Ste 1, Pasadena, CA 91101"",""city"":"""",""state"":""CA""}","unchanged","false","status_not_public|incomplete_listing"
"67f73dec1d08a04e139a9d53","","remaining","","Restaurants","Restaurants","","","","","","{""status"":""pending"",""approved"":null,""alias"":""5-star-kitchen-los-angeles"",""slug"":null,""isComplete"":false,""completenessScore"":44,""qualityScore"":null,""isTest"":null,""auditTag"":null,""business_name"":"""",""address"":""2205 W Vernon Ave Los Angeles, CA 90008"",""city"":"""",""state"":""CA""}","unchanged","false","status_not_public|incomplete_listing"
"67f73dec1d08a04e139a9d54","","remaining","","Shopping","Shopping","","","","","","{""status"":""pending"",""approved"":null,""alias"":""a-and-d-wholesale-vintage-clothing-los-angeles-4"",""slug"":null,""isComplete"":false,""completenessScore"":56,""qualityScore"":null,""isTest"":null,""auditTag"":null,""business_name"":"""",""address"":""3501 Union Pacific Ave Los Angeles, CA 90023"",""city"":"""",""state"":""CA""}","unchanged","false","status_not_public|incomplete_listing"
"67f73dec1d08a04e139a9d55","","remaining","","Gym, Fitness Health and Wellness","Gym, Fitness Health and Wellness","","","","","","{""status"":""pending"",""approved"":null,""alias"":""aarmy-west-hollywood-3"",""slug"":null,""isComplete"":false,""completenessScore"":44,""qualityScore"":null,""isTest"":null,""auditTag"":null,""business_name"":"""",""address"":""8599 Santa Monica Blvd West Hollywood, CA 90069"",""city"":"""",""state"":""CA""}","unchanged","false","status_not_public|incomplete_listing"
"67f73dec1d08a04e139a9d57","","remaining","","Restaurants","Restaurants","","","","","","{""status"":""pending"",""approved"":null,""alias"":""27th-street-bakery-los-angeles"",""slug"":null,""isComplete"":false,""completenessScore"":44,""qualityScore"":null,""isTest"":null,""auditTag"":null,""business_name"":"""",""address"":""2700 S Central Ave Los Angeles, CA 90011"",""city"":"""",""state"":""CA""}","unchanged","false","status_not_public|incomplete_listing"
"67f73dec1d08a04e139a9d5a","","remaining","","Museums, Cultural Institutions, and Shared Spaces","Museums, Cultural Institutions, and Shared Spaces","","","","","","{""status"":""pending"",""approved"":null,""alias"":""african-american-firefighter-museum-los-angeles"",""slug"":null,""isComplete"":false,""completenessScore"":56,""qualityScore"":null,""isTest"":null,""auditTag"":null,""business_name"":"""",""address"":""1401 S Central Ave Los Angeles, CA 90021"",""city"":"""",""state"":""CA""}","unchanged","false","status_not_public|incomplete_listing"
"67f73dec1d08a04e139a9d60","","remaining","","Shopping","Shopping","","","","","","{""status"":""pending"",""approved"":null,""alias"":null,""slug"":null,""isComplete"":false,""completenessScore"":44,""qualityScore"":null,""isTest"":null,""auditTag"":null,""business_name"":"""",""address"":""4705 Melrose Ave Los Angeles, CA 90029"",""city"":"""",""state"":""CA""}","unchanged","false","status_not_public|missing_alias_or_slug|incomplete_listing"
"67f73dec1d08a04e139a9d61","","remaining","","Restaurants","Restaurants","","","","","","{""status"":""pending"",""approved"":null,""alias"":""alta-west-adams-los-angeles"",""slug"":null,""isComplete"":false,""completenessScore"":44,""qualityScore"":null,""isTest"":null,""auditTag"":null,""business_name"":"""",""address"":""5359 West Adams Blvd Los Angeles, CA 90016"",""city"":"""",""state"":""CA""}","unchanged","false","status_not_public|incomplete_listing"
"67f73dec1d08a04e139a9d69","","remaining","","Restaurants","Restaurants","","","","","","{""status"":""pending"",""approved"":null,""alias"":""azla-los-angeles"",""slug"":null,""isComplete"":false,""completenessScore"":44,""qualityScore"":null,""isTest"":null,""auditTag"":null,""business_name"":"""",""address"":""4309 Leimert Blvd Los Angeles, CA 90008"",""city"":"""",""state"":""CA""}","unchanged","false","status_not_public|incomplete_listing"
"67f73dec1d08a04e139a9d6d","","remaining","","Restaurants","Restaurants","","","","","","{""status"":""pending"",""approved"":null,""alias"":""barbara-jean-la-los-angeles-2"",""slug"":null,""isComplete"":false,""completenessScore"":33,""qualityScore"":null,""isTest"":null,""auditTag"":null,""business_name"":"""",""address"":""3939 S Figueroa St Los Angeles, CA 90037"",""city"":"""",""state"":""CA""}","unchanged","false","status_not_public|incomplete_listing"
"67f73dec1d08a04e139a9d6e","","remaining","","Restaurants","Restaurants","","","","","","{""status"":""pending"",""approved"":null,""alias"":null,""slug"":null,""isComplete"":false,""completenessScore"":44,""qualityScore"":null,""isTest"":null,""auditTag"":null,""business_name"":"""",""address"":""4344 Degnan Blvd Los Angeles, CA 90008"",""city"":"""",""state"":""CA""}","unchanged","false","status_not_public|missing_alias_or_slug|incomplete_listing"
"67f73dec1d08a04e139a9d72","","remaining","","Restaurants","Restaurants","","","","","","{""status"":""pending"",""approved"":null,""alias"":""bayou-grille-inglewood"",""slug"":null,""isComplete"":false,""completenessScore"":44,""qualityScore"":null,""isTest"":null,""auditTag"":null,""business_name"":"""",""address"":""1400 N La Brea Ave Inglewood, CA 90302"",""city"":"""",""state"":""CA""}","unchanged","false","status_not_public|incomplete_listing"
"67f73dec1d08a04e139a9d76","","remaining","","Restaurants","Restaurants","","","","","","{""status"":""pending"",""approved"":null,""alias"":""bbq-chef-long-beach"",""slug"":null,""isComplete"":false,""completenessScore"":44,""qualityScore"":null,""isTest"":null,""auditTag"":null,""business_name"":"""",""address"":""1782 Martin Luther King Jr Ave Long Beach, CA 90813"",""city"":"""",""state"":""CA""}","unchanged","false","status_not_public|incomplete_listing"
"67f73dec1d08a04e139a9d7b","","remaining","","Restaurants","Restaurants","","","","","","{""status"":""pending"",""approved"":null,""alias"":""bellys-sliders-and-wings-carson"",""slug"":null,""isComplete"":false,""completenessScore"":56,""qualityScore"":null,""isTest"":null,""auditTag"":null,""business_name"":"""",""address"":""Carson, CA 90220"",""city"":"""",""state"":""CA""}","unchanged","false","status_not_public|incomplete_listing"
"67f73dec1d08a04e139a9d80","","remaining","","Restaurants","Restaurants","","","","","","{""status"":""pending"",""approved"":null,""alias"":""black-bottom-southern-kitchen-north-hollywood"",""slug"":null,""isComplete"":false,""completenessScore"":44,""qualityScore"":null,""isTest"":null,""auditTag"":null,""business_name"":"""",""address"":""4806 Vineland Ave North Hollywood, CA 91601"",""city"":"""",""state"":""CA""}","unchanged","false","status_not_public|incomplete_listing"
"67f73dec1d08a04e139a9d86","","remaining","","Restaurants","Restaurants","","","","","","{""status"":""pending"",""approved"":null,""alias"":""bludsos-bar-and-que-los-angeles"",""slug"":null,""isComplete"":false,""completenessScore"":44,""qualityScore"":null,""isTest"":null,""auditTag"":null,""business_name"":"""",""address"":""609 N La Brea Ave Los Angeles, CA 90036"",""city"":"""",""state"":""CA""}","unchanged","false","status_not_public|incomplete_listing"
"67f73dec1d08a04e139a9d8f","","remaining","","Restaurants","Restaurants","","","","","","{""status"":""pending"",""approved"":null,""alias"":""belizean-fish-market-los-angeles"",""slug"":null,""isComplete"":false,""completenessScore"":44,""qualityScore"":null,""isTest"":null,""auditTag"":null,""business_name"":"""",""address"":""2640 S Western Ave Los Angeles, CA 90018"",""city"":"""",""state"":""CA""}","unchanged","false","status_not_public|incomplete_listing"
"67f73dec1d08a04e139a9d93","","remaining","","Restaurants","Restaurants","","","","","","{""status"":""pending"",""approved"":null,""alias"":""bohemian-house-of-espresso-chai-los-angeles"",""slug"":null,""isComplete"":false,""completenessScore"":44,""qualityScore"":null,""isTest"":null,""auditTag"":null,""business_name"":"""",""address"":""548 S Spring St R110 Los Angeles, CA 90013"",""city"":"""",""state"":""CA""}","unchanged","false","status_not_public|incomplete_listing"
"67f73dec1d08a04e139a9d94","","remaining","","Restaurants","Restaurants","","","","","","{""status"":""pending"",""approved"":null,""alias"":null,""slug"":null,""isComplete"":false,""completenessScore"":33,""qualityScore"":null,""isTest"":null,""auditTag"":null,""business_name"":"""",""address"":""2029 Sheridan St Los Angeles, CA 90033"",""city"":"""",""state"":""CA""}","unchanged","false","status_not_public|missing_alias_or_slug|incomplete_listing"
"67f73dec1d08a04e139a9d96","","remaining","","Services","Services","","","","","","{""status"":""pending"",""approved"":null,""alias"":null,""slug"":null,""isComplete"":false,""completenessScore"":56,""qualityScore"":null,""isTest"":null,""auditTag"":null,""business_name"":"""",""address"":""1050 N Cahuenga Blvd, Los Angeles, CA 90038"",""city"":"""",""state"":""CA""}","unchanged","false","status_not_public|missing_alias_or_slug|incomplete_listing"
"67f73dec1d08a04e139a9d98","","remaining","","Restaurants","Restaurants","","","","","","{""status"":""pending"",""approved"":null,""alias"":""brothers-keeper-bbq-long-beach"",""slug"":null,""isComplete"":false,""completenessScore"":44,""qualityScore"":null,""isTest"":null,""auditTag"":null,""business_name"":"""",""address"":""Long Beach, CA 90815"",""city"":"""",""state"":""CA""}","unchanged","false","status_not_public|incomplete_listing"
"67f73dec1d08a04e139a9d9d","","remaining","","Restaurants","Restaurants","","","","","","{""status"":""pending"",""approved"":null,""alias"":""bundts-on-melrose-long-beach"",""slug"":null,""isComplete"":false,""completenessScore"":44,""qualityScore"":null,""isTest"":null,""auditTag"":null,""business_name"":"""",""address"":""4147 Long Beach Blvd Long Beach, CA 90807"",""city"":"""",""state"":""CA""}","unchanged","false","status_not_public|incomplete_listing"
"67f73dec1d08a04e139a9da5","","remaining","","Museums, Cultural Institutions, and Shared Spaces","Museums, Cultural Institutions, and Shared Spaces","","","","","","{""status"":""pending"",""approved"":null,""alias"":""california-african-american-museum-los-angeles"",""slug"":null,""isComplete"":false,""completenessScore"":56,""qualityScore"":null,""isTest"":null,""auditTag"":null,""business_name"":"""",""address"":""600 State Dr Los Angeles, CA 90037"",""city"":"""",""state"":""CA""}","unchanged","false","status_not_public|incomplete_listing"
"67f73dec1d08a04e139a9da7","","remaining","","Restaurants","Restaurants","","","","","","{""status"":""pending"",""approved"":null,""alias"":""cake-buzz-redondo-beach-4"",""slug"":null,""isComplete"":false,""completenessScore"":44,""qualityScore"":null,""isTest"":null,""auditTag"":null,""business_name"":"""",""address"":""2701 Artesia Blvd Redondo Beach, CA 90278"",""city"":"""",""state"":""CA""}","unchanged","false","status_not_public|incomplete_listing"
"67f73dec1d08a04e139a9da9","","remaining","","Museums, Cultural Institutions, and Shared Spaces","Museums, Cultural Institutions, and Shared Spaces","","","","","","{""status"":""pending"",""approved"":null,""alias"":""carls-atelier-canoga-park"",""slug"":null,""isComplete"":false,""completenessScore"":56,""qualityScore"":null,""isTest"":null,""auditTag"":null,""business_name"":"""",""address"":""Canoga Park, CA 91303"",""city"":"""",""state"":""CA""}","unchanged","false","status_not_public|incomplete_listing"
"67f73dec1d08a04e139a9daa","","remaining","","Restaurants","Restaurants","","","","","","{""status"":""pending"",""approved"":null,""alias"":""castles-catering-los-angeles-8"",""slug"":null,""isComplete"":false,""completenessScore"":44,""qualityScore"":null,""isTest"":null,""auditTag"":null,""business_name"":"""",""address"":""4287 Crenshaw Blvd Los Angeles, CA 90008"",""city"":"""",""state"":""CA""}","unchanged","false","status_not_public|incomplete_listing"
"67f73dec1d08a04e139a9dac","","remaining","","Restaurants","Restaurants","","","","","","{""status"":""pending"",""approved"":null,""alias"":""chef-kikis-kitchen-los-angeles"",""slug"":null,""isComplete"":false,""completenessScore"":44,""qualityScore"":null,""isTest"":null,""auditTag"":null,""business_name"":"""",""address"":""Los Angeles, CA 90007"",""city"":"""",""state"":""CA""}","unchanged","false","status_not_public|incomplete_listing"
"67f73dec1d08a04e139a9dad","","remaining","","Shopping","Shopping","","","","","","{""status"":""pending"",""approved"":null,""alias"":null,""slug"":null,""isComplete"":false,""completenessScore"":44,""qualityScore"":null,""isTest"":null,""auditTag"":null,""business_name"":"""",""address"":""4003 Sunswept Dr Studio City, CA 91604"",""city"":"""",""state"":""CA""}","unchanged","false","status_not_public|missing_alias_or_slug|incomplete_listing"
"67f73dec1d08a04e139a9db6","","remaining","","Shopping","Shopping","","","","","","{""status"":""pending"",""approved"":null,""alias"":null,""slug"":null,""isComplete"":false,""completenessScore"":56,""qualityScore"":null,""isTest"":null,""auditTag"":null,""business_name"":"""",""address"":""4446 W Slauson Ave, Windsor Hills, CA 90043"",""city"":"""",""state"":""CA""}","unchanged","false","status_not_public|missing_alias_or_slug|incomplete_listing"
"67f73dec1d08a04e139a9db7","","remaining","","Restaurants","Restaurants","","","","","","{""status"":""pending"",""approved"":null,""alias"":""cobblers-cakes-and-kream-inglewood"",""slug"":null,""isComplete"":false,""completenessScore"":44,""qualityScore"":null,""isTest"":null,""auditTag"":null,""business_name"":"""",""address"":""2323 W Manchester Blvd Ste B Inglewood, CA 90305"",""city"":"""",""state"":""CA""}","unchanged","false","status_not_public|incomplete_listing"
"67f73dec1d08a04e139a9dba","","remaining","","Restaurants","Restaurants","","","","","","{""status"":""pending"",""approved"":null,""alias"":""comfort-la-los-angeles"",""slug"":null,""isComplete"":false,""completenessScore"":44,""qualityScore"":null,""isTest"":null,""auditTag"":null,""business_name"":"""",""address"":""1110 E 7th St Los Angeles, CA 90021"",""city"":"""",""state"":""CA""}","unchanged","false","status_not_public|incomplete_listing"
"67f73dec1d08a04e139a9dc5","","remaining","","Restaurants","Restaurants","","","","","","{""status"":""pending"",""approved"":null,""alias"":""ds-original-take-out-grill-los-angeles-3"",""slug"":null,""isComplete"":false,""completenessScore"":44,""qualityScore"":null,""isTest"":null,""auditTag"":null,""business_name"":"""",""address"":""7873 S Western Ave Los Angeles, CA 90047"",""city"":"""",""state"":""CA""}","unchanged","false","status_not_public|incomplete_listing"
"67f73dec1d08a04e139a9dc6","","remaining","","Restaurants","Restaurants","","","","","","{""status"":""pending"",""approved"":null,""alias"":""compton-vegan-los-angeles"",""slug"":null,""isComplete"":false,""completenessScore"":44,""qualityScore"":null,""isTest"":null,""auditTag"":null,""business_name"":"""",""address"":""11419 Santa Monica Blvd Los Angeles, CA 90025"",""city"":"""",""state"":""CA""}","unchanged","false","status_not_public|incomplete_listing"
"67f73dec1d08a04e139a9dc7","","remaining","","Restaurants","Restaurants","","","","","","{""status"":""pending"",""approved"":null,""alias"":""derricks-on-atlantic-long-beach"",""slug"":null,""isComplete"":false,""completenessScore"":44,""qualityScore"":null,""isTest"":null,""auditTag"":null,""business_name"":"""",""address"":""3502 Atlantic Ave Long Beach, CA 90807"",""city"":"""",""state"":""CA""}","unchanged","false","status_not_public|incomplete_listing"
"67f73dec1d08a04e139a9dce","","remaining","","Gym, Fitness Health and Wellness","Gym, Fitness Health and Wellness","","","","","","{""status"":""pending"",""approved"":null,""alias"":""dharma-yoga-l-a-los-angeles"",""slug"":null,""isComplete"":false,""completenessScore"":56,""qualityScore"":null,""isTest"":null,""auditTag"":null,""business_name"":"""",""address"":""4870 W Adams Blvd Unit B Los Angeles, CA 90016"",""city"":"""",""state"":""CA""}","unchanged","false","status_not_public|incomplete_listing"
"67f73dec1d08a04e139a9dd0","","remaining","","Restaurants","Restaurants","","","","","","{""status"":""pending"",""approved"":null,""alias"":""doll-babee-cheesecakes-lakewood-2"",""slug"":null,""isComplete"":false,""completenessScore"":44,""qualityScore"":null,""isTest"":null,""auditTag"":null,""business_name"":"""",""address"":""500 Lakewood Center Mall Lakewood, CA 90712"",""city"":"""",""state"":""CA""}","unchanged","false","status_not_public|incomplete_listing"
"67f73dec1d08a04e139a9dd1","","remaining","","Restaurants","Restaurants","","","","","","{""status"":""pending"",""approved"":null,""alias"":""dulans-soul-food-kitchen-inglewood-2"",""slug"":null,""isComplete"":false,""completenessScore"":44,""qualityScore"":null,""isTest"":null,""auditTag"":null,""business_name"":"""",""address"":""202 E Manchester Blvd Inglewood, CA 90301"",""city"":"""",""state"":""CA""}","unchanged","false","status_not_public|incomplete_listing"
"67f73dec1d08a04e139a9dd2","","remaining","","Restaurants","Restaurants","","","","","","{""status"":""pending"",""approved"":null,""alias"":""dulans-on-crenshaw-los-angeles"",""slug"":null,""isComplete"":false,""completenessScore"":44,""qualityScore"":null,""isTest"":null,""auditTag"":null,""business_name"":"""",""address"":""4859 Crenshaw Blvd Los Angeles, CA 90043"",""city"":"""",""state"":""CA""}","unchanged","false","status_not_public|incomplete_listing"
"67f73dec1d08a04e139a9dd4","","remaining","","Restaurants","Restaurants","","","","","","{""status"":""pending"",""approved"":null,""alias"":""e-and-j-seafood-inglewood-2"",""slug"":null,""isComplete"":false,""completenessScore"":44,""qualityScore"":null,""isTest"":null,""auditTag"":null,""business_name"":"""",""address"":""424 E Manchester Blvd Inglewood, CA 90301"",""city"":"""",""state"":""CA""}","unchanged","false","status_not_public|incomplete_listing"
"67f73dec1d08a04e139a9dd5","","remaining","","Restaurants","Restaurants","","","","","","{""status"":""pending"",""approved"":null,""alias"":""divine-dips-vegan-ice-creme-los-angeles-2"",""slug"":null,""isComplete"":false,""completenessScore"":44,""qualityScore"":null,""isTest"":null,""auditTag"":null,""business_name"":"""",""address"":""601 S Los Angeles St Los Angeles, CA 90014"",""city"":"""",""state"":""CA""}","unchanged","false","status_not_public|incomplete_listing"
"67f73dec1d08a04e139a9ddd","","remaining","","Beauty, Grooming and Personal Care","Beauty, Grooming and Personal Care","","","","","","{""status"":""pending"",""approved"":null,""alias"":""dime-nails-la-los-angeles"",""slug"":null,""isComplete"":false,""completenessScore"":56,""qualityScore"":null,""isTest"":null,""auditTag"":null,""business_name"":"""",""address"":""1086 S Fairfax Ave Los Angeles, CA 90019"",""city"":"""",""state"":""CA""}","unchanged","false","status_not_public|incomplete_listing"
"67f73dec1d08a04e139a9de9","","remaining","","Services","Services","","","","","","{""status"":""pending"",""approved"":null,""alias"":""faith-blakeney-design-studio-culver-city"",""slug"":null,""isComplete"":false,""completenessScore"":56,""qualityScore"":null,""isTest"":null,""auditTag"":null,""business_name"":"""",""address"":""10835 Oregon Ave Culver City, CA 90232"",""city"":"""",""state"":""CA""}","unchanged","false","status_not_public|incomplete_listing"
"67f73dec1d08a04e139a9dea","","remaining","","Restaurants","Restaurants","","","","","","{""status"":""pending"",""approved"":null,""alias"":""family-fish-market-inglewood"",""slug"":null,""isComplete"":false,""completenessScore"":44,""qualityScore"":null,""isTest"":null,""auditTag"":null,""business_name"":"""",""address"":""1300 Centinela Ave Inglewood, CA 90302"",""city"":"""",""state"":""CA""}","unchanged","false","status_not_public|incomplete_listing"
"67f73dec1d08a04e139a9deb","","remaining","","Restaurants","Restaurants","","","","","","{""status"":""pending"",""approved"":null,""alias"":null,""slug"":null,""isComplete"":false,""completenessScore"":33,""qualityScore"":null,""isTest"":null,""auditTag"":null,""business_name"":"""",""address"":""205 S Willowbrook Ave Compton, CA 90220"",""city"":"""",""state"":""CA""}","unchanged","false","status_not_public|missing_alias_or_slug|incomplete_listing"
"67f73dec1d08a04e139a9dee","","remaining","","Restaurants","Restaurants","","","","","","{""status"":""pending"",""approved"":null,""alias"":""fyrebird-gardena"",""slug"":null,""isComplete"":false,""completenessScore"":56,""qualityScore"":null,""isTest"":null,""auditTag"":null,""business_name"":"""",""address"":""15717 Crenshaw Blvd Gardena, CA 90249"",""city"":"""",""state"":""CA""}","unchanged","false","status_not_public|incomplete_listing"
"67f73dec1d08a04e139a9df2","","remaining","","Shopping","Shopping","","","","","","{""status"":""pending"",""approved"":null,""alias"":null,""slug"":null,""isComplete"":false,""completenessScore"":44,""qualityScore"":null,""isTest"":null,""auditTag"":null,""business_name"":"""",""address"":""767 South Alameda St. #192 Los Angeles 90021"",""city"":"""",""state"":""767""}","unchanged","false","status_not_public|missing_alias_or_slug|incomplete_listing"
"67f73dec1d08a04e139a9df8","","remaining","","Restaurants","Restaurants","","","","","","{""status"":""pending"",""approved"":null,""alias"":null,""slug"":null,""isComplete"":false,""completenessScore"":44,""qualityScore"":null,""isTest"":null,""auditTag"":null,""business_name"":"""",""address"":""541 S Spring St #133, Los Angeles, CA 90013"",""city"":"""",""state"":""CA""}","unchanged","false","status_not_public|missing_alias_or_slug|incomplete_listing"
"67f73dec1d08a04e139a9dfd","","remaining","","Restaurants","Restaurants","","","","","","{""status"":""pending"",""approved"":null,""alias"":""happy-ice-los-angeles"",""slug"":null,""isComplete"":false,""completenessScore"":44,""qualityScore"":null,""isTest"":null,""auditTag"":null,""business_name"":"""",""address"":""7324 Melrose Ave Los Angeles, CA 90046"",""city"":"""",""state"":""CA""}","unchanged","false","status_not_public|incomplete_listing"
"67f73dec1d08a04e139a9dfe","","remaining","","Nightlife","Nightlife","","","","","","{""status"":""pending"",""approved"":null,""alias"":""harolds-chicken-and-bar-los-angeles"",""slug"":null,""isComplete"":false,""completenessScore"":44,""qualityScore"":null,""isTest"":null,""auditTag"":null,""business_name"":"""",""address"":""6523 Hollywood Blvd Los Angeles, CA 90028"",""city"":"""",""state"":""CA""}","unchanged","false","status_not_public|incomplete_listing"
"67f73dec1d08a04e139a9e00","","remaining","","Restaurants","Restaurants","","","","","","{""status"":""pending"",""approved"":null,""alias"":""hilltops-jamaican-market-and-restaurant-a1-pomona"",""slug"":null,""isComplete"":false,""completenessScore"":44,""qualityScore"":null,""isTest"":null,""auditTag"":null,""business_name"":"""",""address"":""1061 E Holt Ave Pomona, CA 91767"",""city"":"""",""state"":""CA""}","unchanged","false","status_not_public|incomplete_listing"
"67f73dec1d08a04e139a9e02","","remaining","","Restaurants","Restaurants","","","","","","{""status"":""pending"",""approved"":null,""alias"":""hawkins-house-of-burgers-los-angeles"",""slug"":null,""isComplete"":false,""completenessScore"":56,""qualityScore"":null,""isTest"":null,""auditTag"":null,""business_name"":"""",""address"":""11603 Slater St Los Angeles, CA 90059"",""city"":"""",""state"":""CA""}","unchanged","false","status_not_public|incomplete_listing"
"67f73dec1d08a04e139a9e06","","remaining","","Shopping","Shopping","","","","","","{""status"":""pending"",""approved"":null,""alias"":null,""slug"":null,""isComplete"":false,""completenessScore"":44,""qualityScore"":null,""isTest"":null,""auditTag"":null,""business_name"":"""",""address"":""6607 Cimarron St Los Angeles, CA 90047"",""city"":"""",""state"":""CA""}","unchanged","false","status_not_public|missing_alias_or_slug|incomplete_listing"
"67f73dec1d08a04e139a9e0d","","remaining","","Restaurants","Restaurants","","","","","","{""status"":""pending"",""approved"":null,""alias"":""honeys-kettle-fried-chicken-culver-city"",""slug"":null,""isComplete"":false,""completenessScore"":56,""qualityScore"":null,""isTest"":null,""auditTag"":null,""business_name"":"""",""address"":""9537 Culver Blvd Culver City, CA 90232"",""city"":"""",""state"":""CA""}","unchanged","false","status_not_public|incomplete_listing"
"67f73dec1d08a04e139a9e12","","remaining","","Restaurants","Restaurants","","","","","","{""status"":""pending"",""approved"":null,""alias"":""jamafo-jamaican-food-xpress-los-angeles"",""slug"":null,""isComplete"":false,""completenessScore"":56,""qualityScore"":null,""isTest"":null,""auditTag"":null,""business_name"":"""",""address"":""22213 Sherman Way Los Angeles, CA 91303"",""city"":"""",""state"":""CA""}","unchanged","false","status_not_public|incomplete_listing"
"67f73dec1d08a04e139a9e1a","","remaining","","Restaurants","Restaurants","","","","","","{""status"":""pending"",""approved"":null,""alias"":""jordans-hot-dogs-los-angeles-2"",""slug"":null,""isComplete"":false,""completenessScore"":44,""qualityScore"":null,""isTest"":null,""auditTag"":null,""business_name"":"""",""address"":""5960 Crenshaw Blvd Los Angeles, CA 90043"",""city"":"""",""state"":""CA""}","unchanged","false","status_not_public|incomplete_listing"
"67f73dec1d08a04e139a9e1b","","remaining","","Event Planning","Event Planning","","","","","","{""status"":""pending"",""approved"":null,""alias"":""julie-harris-designs-studio-city"",""slug"":null,""isComplete"":false,""completenessScore"":56,""qualityScore"":null,""isTest"":null,""auditTag"":null,""business_name"":"""",""address"":""Studio City, CA 91604"",""city"":"""",""state"":""CA""}","unchanged","false","status_not_public|incomplete_listing"
"67f73dec1d08a04e139a9e1c","","remaining","","Restaurants","Restaurants","","","","","","{""status"":""pending"",""approved"":null,""alias"":""just-turkey-los-angeles-2"",""slug"":null,""isComplete"":false,""completenessScore"":44,""qualityScore"":null,""isTest"":null,""auditTag"":null,""business_name"":"""",""address"":""3340 La Cienega Blvd Los Angeles, CA 90016"",""city"":"""",""state"":""CA""}","unchanged","false","status_not_public|incomplete_listing"
"67f73dec1d08a04e139a9e26","","remaining","","Restaurants","Restaurants","","","","","","{""status"":""pending"",""approved"":null,""alias"":null,""slug"":null,""isComplete"":false,""completenessScore"":33,""qualityScore"":null,""isTest"":null,""auditTag"":null,""business_name"":"""",""address"":""1253 Mira Valle St Corona, CA 92879"",""city"":"""",""state"":""CA""}","unchanged","false","status_not_public|missing_alias_or_slug|incomplete_listing"
"67f73dec1d08a04e139a9e29","","remaining","","Restaurants","Restaurants","","","","","","{""status"":""pending"",""approved"":null,""alias"":""kings-deli-burbank"",""slug"":null,""isComplete"":false,""completenessScore"":56,""qualityScore"":null,""isTest"":null,""auditTag"":null,""business_name"":"""",""address"":""109 N Pass Ave Burbank, CA 91505"",""city"":"""",""state"":""CA""}","unchanged","false","status_not_public|incomplete_listing"
"67f73dec1d08a04e139a9e2b","","remaining","","Restaurants","Restaurants","","","","","","{""status"":""pending"",""approved"":null,""alias"":""karubas-yardy-kitchen-inglewood-2"",""slug"":null,""isComplete"":false,""completenessScore"":56,""qualityScore"":null,""isTest"":null,""auditTag"":null,""business_name"":"""",""address"":""1300 Centinela Ave Unit 103 Inglewood, CA 90302"",""city"":"""",""state"":""CA""}","unchanged","false","status_not_public|incomplete_listing"
"67f73dec1d08a04e139a9e2c","","remaining","","Services","Services","","","","","","{""status"":""pending"",""approved"":null,""alias"":""knibb-design-venice-2"",""slug"":null,""isComplete"":false,""completenessScore"":56,""qualityScore"":null,""isTest"":null,""auditTag"":null,""business_name"":"""",""address"":""1522 Abbot Kinney Blvd Venice, CA 90291"",""city"":"""",""state"":""CA""}","unchanged","false","status_not_public|incomplete_listing"
"67f73dec1d08a04e139a9e2f","","remaining","","Restaurants","Restaurants","","","","","","{""status"":""pending"",""approved"":null,""alias"":""la-louisanne-los-angeles-3"",""slug"":null,""isComplete"":false,""completenessScore"":44,""qualityScore"":null,""isTest"":null,""auditTag"":null,""business_name"":"""",""address"":""5812 Overhill Dr Los Angeles, CA 90043"",""city"":"""",""state"":""CA""}","unchanged","false","status_not_public|incomplete_listing"
"67f73dec1d08a04e139a9e31","","remaining","","Restaurants","Restaurants","","","","","","{""status"":""pending"",""approved"":null,""alias"":""lalibela-ethiopian-restaurant-los-angeles"",""slug"":null,""isComplete"":false,""completenessScore"":56,""qualityScore"":null,""isTest"":null,""auditTag"":null,""business_name"":"""",""address"":""1025 S Fairfax Ave Los Angeles, CA 90019"",""city"":"""",""state"":""CA""}","unchanged","false","status_not_public|incomplete_listing"
"67f73dec1d08a04e139a9e3f","","remaining","","Restaurants","Restaurants","","","","","","{""status"":""pending"",""approved"":null,""alias"":""main-kitchen-cafe-granada-hills"",""slug"":null,""isComplete"":false,""completenessScore"":44,""qualityScore"":null,""isTest"":null,""auditTag"":null,""business_name"":"""",""address"":""17013 Chatsworth St Granada Hills, CA 91344"",""city"":"""",""state"":""CA""}","unchanged","false","status_not_public|incomplete_listing"
"67f73dec1d08a04e139a9e45","","remaining","","Restaurants","Restaurants","","","","","","{""status"":""pending"",""approved"":null,""alias"":""larayias-bodega-los-angeles"",""slug"":null,""isComplete"":false,""completenessScore"":44,""qualityScore"":null,""isTest"":null,""auditTag"":null,""business_name"":"""",""address"":""2713 W 6th St Los Angeles, CA 90057"",""city"":"""",""state"":""CA""}","unchanged","false","status_not_public|incomplete_listing"
"67f73dec1d08a04e139a9e4b","","remaining","","Shopping","Shopping","","","","","","{""status"":""pending"",""approved"":null,""alias"":null,""slug"":null,""isComplete"":false,""completenessScore"":44,""qualityScore"":null,""isTest"":null,""auditTag"":null,""business_name"":"""",""address"":""623 SOUTH LONG BEACH COMPTON, CA 90221"",""city"":"""",""state"":""CA""}","unchanged","false","status_not_public|missing_alias_or_slug|incomplete_listing"
"67f73dec1d08a04e139a9e4c","","remaining","","Shopping","Shopping","","","","","","{""status"":""pending"",""approved"":null,""alias"":""lucys-boudoir-bixby-knolls"",""slug"":null,""isComplete"":false,""completenessScore"":56,""qualityScore"":null,""isTest"":null,""auditTag"":null,""business_name"":"""",""address"":""3925 Long Beach Blvd BIxby Knolls, CA 90807"",""city"":"""",""state"":""CA""}","unchanged","false","status_not_public|incomplete_listing"
"67f73dec1d08a04e139a9e4d","","remaining","","Restaurants","Restaurants","","","","","","{""status"":""pending"",""approved"":null,""alias"":""m-and-t-donuts-los-angeles"",""slug"":null,""isComplete"":false,""completenessScore"":44,""qualityScore"":null,""isTest"":null,""auditTag"":null,""business_name"":"""",""address"":""1601 E 103rd St Ste 5 Los Angeles, CA 90002"",""city"":"""",""state"":""CA""}","unchanged","false","status_not_public|incomplete_listing"
"67f73dec1d08a04e139a9e50","","remaining","","Shopping","Shopping","","","","","","{""status"":""pending"",""approved"":null,""alias"":""mabels-gourmet-pralines-long-beach"",""slug"":null,""isComplete"":false,""completenessScore"":44,""qualityScore"":null,""isTest"":null,""auditTag"":null,""business_name"":"""",""address"":""625 Pine Ave Long Beach, CA 90802"",""city"":"""",""state"":""CA""}","unchanged","false","status_not_public|incomplete_listing"
"67f73dec1d08a04e139a9e51","","remaining","","Restaurants","Restaurants","","","","","","{""status"":""pending"",""approved"":null,""alias"":""mack-and-jane-los-angeles"",""slug"":null,""isComplete"":false,""completenessScore"":33,""qualityScore"":null,""isTest"":null,""auditTag"":null,""business_name"":"""",""address"":""Los Angeles, CA 91601"",""city"":"""",""state"":""CA""}","unchanged","false","status_not_public|incomplete_listing"
"67f73dec1d08a04e139a9e57","","remaining","","Restaurants","Restaurants","","","","","","{""status"":""pending"",""approved"":null,""alias"":""mamas-chicken-and-market-los-angeles"",""slug"":null,""isComplete"":false,""completenessScore"":44,""qualityScore"":null,""isTest"":null,""auditTag"":null,""business_name"":"""",""address"":""2510 W Slauson Ave Los Angeles, CA 90043"",""city"":"""",""state"":""CA""}","unchanged","false","status_not_public|incomplete_listing"
"67f73dec1d08a04e139a9e5a","","remaining","","Restaurants","Restaurants","","","","","","{""status"":""pending"",""approved"":null,""alias"":""lotus-vegan-north-hollywood"",""slug"":null,""isComplete"":false,""completenessScore"":44,""qualityScore"":null,""isTest"":null,""auditTag"":null,""business_name"":"""",""address"":""4715 Lankershim Blvd North Hollywood, CA 91602"",""city"":"""",""state"":""CA""}","unchanged","false","status_not_public|incomplete_listing"
"67f73dec1d08a04e139a9e5b","","remaining","","Restaurants","Restaurants","","","","","","{""status"":""pending"",""approved"":null,""alias"":""mars-caribbean-gardens-gardena-3"",""slug"":null,""isComplete"":false,""completenessScore"":56,""qualityScore"":null,""isTest"":null,""auditTag"":null,""business_name"":"""",""address"":""14008 Crenshaw Blvd Gardena, CA 90249"",""city"":"""",""state"":""CA""}","unchanged","false","status_not_public|incomplete_listing"
"67f73dec1d08a04e139a9e5c","","remaining","","Restaurants","Restaurants","","","","","","{""status"":""pending"",""approved"":null,""alias"":""mardi-gras-tuesday-sherman-oaks"",""slug"":null,""isComplete"":false,""completenessScore"":56,""qualityScore"":null,""isTest"":null,""auditTag"":null,""business_name"":"""",""address"":""14543 Ventura Blvd Sherman Oaks, CA 91403"",""city"":"""",""state"":""CA""}","unchanged","false","status_not_public|incomplete_listing"
"67f73df01d08a04e139a9e64","","remaining","","Restaurants","Restaurants","","","","","","{""status"":""pending"",""approved"":null,""alias"":""mingles-tea-bar-inglewood-2"",""slug"":null,""isComplete"":false,""completenessScore"":56,""qualityScore"":null,""isTest"":null,""auditTag"":null,""business_name"":"""",""address"":""8443 Crenshaw Blvd Inglewood, CA 90305"",""city"":"""",""state"":""CA""}","unchanged","false","status_not_public|incomplete_listing"
"67f73df01d08a04e139a9e67","","remaining","","Gym, Fitness Health and Wellness","Gym, Fitness Health and Wellness","","","","","","{""status"":""pending"",""approved"":null,""alias"":""moms-at-om-los-angeles-2"",""slug"":null,""isComplete"":false,""completenessScore"":56,""qualityScore"":null,""isTest"":null,""auditTag"":null,""business_name"":"""",""address"":""12112 West Washington Blvd Ste 3 Los Angeles, CA 90066"",""city"":"""",""state"":""CA""}","unchanged","false","status_not_public|incomplete_listing"
"67f73df01d08a04e139a9e69","","remaining","","Restaurants","Restaurants","","","","","","{""status"":""pending"",""approved"":null,""alias"":""el-chato-taco-truck-los-angeles-2"",""slug"":null,""isComplete"":false,""completenessScore"":44,""qualityScore"":null,""isTest"":null,""auditTag"":null,""business_name"":"""",""address"":""5300 W Olympic Blvd Los Angeles, CA 90019"",""city"":"""",""state"":""CA""}","unchanged","false","status_not_public|incomplete_listing"
"67f73df01d08a04e139a9e6e","","remaining","","Restaurants","Restaurants","","","","","","{""status"":""pending"",""approved"":null,""alias"":""mels-fish-shack-los-angeles"",""slug"":null,""isComplete"":false,""completenessScore"":44,""qualityScore"":null,""isTest"":null,""auditTag"":null,""business_name"":"""",""address"":""4524 W Jefferson Blvd Los Angeles, CA 90016"",""city"":"""",""state"":""CA""}","unchanged","false","status_not_public|incomplete_listing"
"67f73df01d08a04e139a9e70","","remaining","","Restaurants","Restaurants","","","","","","{""status"":""pending"",""approved"":null,""alias"":null,""slug"":null,""isComplete"":false,""completenessScore"":44,""qualityScore"":null,""isTest"":null,""auditTag"":null,""business_name"":"""",""address"":""12021 Allegheny St Sun Valley, CA 91352"",""city"":"""",""state"":""CA""}","unchanged","false","status_not_public|missing_alias_or_slug|incomplete_listing"
"67f73df01d08a04e139a9e71","","remaining","","Restaurants","Restaurants","","","","","","{""status"":""pending"",""approved"":null,""alias"":""merkato-ethiopian-restaurant-and-market-los-angeles"",""slug"":null,""isComplete"":false,""completenessScore"":44,""qualityScore"":null,""isTest"":null,""auditTag"":null,""business_name"":"""",""address"":""1036 S Fairfax Ave Los Angeles, CA 90019"",""city"":"""",""state"":""CA""}","unchanged","false","status_not_public|incomplete_listing"
"67f73df01d08a04e139a9e78","","remaining","","Shopping","Shopping","","","","","","{""status"":""pending"",""approved"":null,""alias"":null,""slug"":null,""isComplete"":false,""completenessScore"":56,""qualityScore"":null,""isTest"":null,""auditTag"":null,""business_name"":"""",""address"":""8313 Beverly Blvd, Montebello, CA 90640"",""city"":"""",""state"":""CA""}","unchanged","false","status_not_public|missing_alias_or_slug|incomplete_listing"
"67f73df01d08a04e139a9e79","","remaining","","Nightlife","Nightlife","","","","","","{""status"":""pending"",""approved"":null,""alias"":""neighbor-los-angeles"",""slug"":null,""isComplete"":false,""completenessScore"":44,""qualityScore"":null,""isTest"":null,""auditTag"":null,""business_name"":"""",""address"":""1031 Abbot Kinney Blvd Los Angeles, CA 90291"",""city"":"""",""state"":""CA""}","unchanged","false","status_not_public|incomplete_listing"
"67f73df01d08a04e139a9e82","","remaining","","Restaurants","Restaurants","","","","","","{""status"":""pending"",""approved"":null,""alias"":""o-nells-comfort-kitchen-long-beach"",""slug"":null,""isComplete"":false,""completenessScore"":44,""qualityScore"":null,""isTest"":null,""auditTag"":null,""business_name"":"""",""address"":""2295 Long Beach Blvd Ste C Long Beach, CA 90806"",""city"":"""",""state"":""CA""}","unchanged","false","status_not_public|incomplete_listing"
"67f73df01d08a04e139a9e89","","remaining","","Restaurants","Restaurants","","","","","","{""status"":""pending"",""approved"":null,""alias"":null,""slug"":null,""isComplete"":false,""completenessScore"":33,""qualityScore"":null,""isTest"":null,""auditTag"":null,""business_name"":"""",""address"":""1403 W 11th St Los Angeles, CA 90015"",""city"":"""",""state"":""CA""}","unchanged","false","status_not_public|missing_alias_or_slug|incomplete_listing"
"67f73df01d08a04e139a9e8f","","remaining","","Restaurants","Restaurants","","","","","","{""status"":""pending"",""approved"":null,""alias"":""phillips-bar-b-que-inglewood-5"",""slug"":null,""isComplete"":false,""completenessScore"":56,""qualityScore"":null,""isTest"":null,""auditTag"":null,""business_name"":"""",""address"":""1517 Centinela Ave Inglewood, CA 90302"",""city"":"""",""state"":""CA""}","unchanged","false","status_not_public|incomplete_listing"
"67f73df01d08a04e139a9e98","","remaining","","Restaurants","Restaurants","","","","","","{""status"":""pending"",""approved"":null,""alias"":""popcornopolis-universal-city"",""slug"":null,""isComplete"":false,""completenessScore"":44,""qualityScore"":null,""isTest"":null,""auditTag"":null,""business_name"":"""",""address"":""1000 Universal City Dr Ste 188 Universal City, CA 91608"",""city"":"""",""state"":""CA""}","unchanged","false","status_not_public|incomplete_listing"
"67f73df01d08a04e139a9e9a","","remaining","","Restaurants","Restaurants","","","","","","{""status"":""pending"",""approved"":null,""alias"":""poppy-rose-los-angeles"",""slug"":null,""isComplete"":false,""completenessScore"":44,""qualityScore"":null,""isTest"":null,""auditTag"":null,""business_name"":"""",""address"":""765 Wall St Los Angeles, CA 90014"",""city"":"""",""state"":""CA""}","unchanged","false","status_not_public|incomplete_listing"
"67f73df01d08a04e139a9e9c","","remaining","","Restaurants","Restaurants","","","","","","{""status"":""pending"",""approved"":null,""alias"":""pucker-up-lemonade-company-compton"",""slug"":null,""isComplete"":false,""completenessScore"":44,""qualityScore"":null,""isTest"":null,""auditTag"":null,""business_name"":"""",""address"":""723 E Compton Blvd Compton, CA 90221"",""city"":"""",""state"":""CA""}","unchanged","false","status_not_public|incomplete_listing"
"67f73df01d08a04e139a9e9e","","remaining","","Event Planning","Event Planning","","","","","","{""status"":""pending"",""approved"":null,""alias"":""la-queens-boutique-los-angeles"",""slug"":null,""isComplete"":false,""completenessScore"":56,""qualityScore"":null,""isTest"":null,""auditTag"":null,""business_name"":"""",""address"":""912 S Santee St Los Angeles, CA 90015"",""city"":"""",""state"":""CA""}","unchanged","false","status_not_public|incomplete_listing"
"67f73df01d08a04e139a9ea2","","remaining","","Restaurants","Restaurants","","","","","","{""status"":""pending"",""approved"":null,""alias"":""r-kitchen-soul-food-lakewood"",""slug"":null,""isComplete"":false,""completenessScore"":44,""qualityScore"":null,""isTest"":null,""auditTag"":null,""business_name"":"""",""address"":""5253 Paramount Blvd Lakewood, CA 90712"",""city"":"""",""state"":""CA""}","unchanged","false","status_not_public|incomplete_listing"
"67f73df01d08a04e139a9ea3","","remaining","","Restaurants","Restaurants","","","","","","{""status"":""pending"",""approved"":null,""alias"":""rahel-ethiopian-vegan-cuisine-los-angeles"",""slug"":null,""isComplete"":false,""completenessScore"":56,""qualityScore"":null,""isTest"":null,""auditTag"":null,""business_name"":"""",""address"":""1047 S Fairfax Ave Los Angeles, CA 90019"",""city"":"""",""state"":""CA""}","unchanged","false","status_not_public|incomplete_listing"
"67f73df01d08a04e139a9eab","","remaining","","Shopping","Shopping","","","","","","{""status"":""pending"",""approved"":null,""alias"":""reparations-club-los-angeles"",""slug"":null,""isComplete"":false,""completenessScore"":56,""qualityScore"":null,""isTest"":null,""auditTag"":null,""business_name"":"""",""address"":""4636 W Washington Blvd Los Angeles, CA 90016"",""city"":"""",""state"":""CA""}","unchanged","false","status_not_public|incomplete_listing"
"67f73df01d08a04e139a9eaf","","remaining","","Shopping","Shopping","","","","","","{""status"":""pending"",""approved"":null,""alias"":null,""slug"":null,""isComplete"":false,""completenessScore"":44,""qualityScore"":null,""isTest"":null,""auditTag"":null,""business_name"":"""",""address"":""2959 Potomac Ave Los Angeles, CA 90016"",""city"":"""",""state"":""CA""}","unchanged","false","status_not_public|missing_alias_or_slug|incomplete_listing"
"67f73df01d08a04e139a9ebb","","remaining","","Restaurants","Restaurants","","","","","","{""status"":""pending"",""approved"":null,""alias"":""rusty-pot-cafe-inglewood"",""slug"":null,""isComplete"":false,""completenessScore"":44,""qualityScore"":null,""isTest"":null,""auditTag"":null,""business_name"":"""",""address"":""324 S Market St Inglewood, CA 90301"",""city"":"""",""state"":""CA""}","unchanged","false","status_not_public|incomplete_listing"
"67f73df01d08a04e139a9ebd","","remaining","","Shopping","Shopping","","","","","","{""status"":""pending"",""approved"":null,""alias"":null,""slug"":null,""isComplete"":false,""completenessScore"":56,""qualityScore"":null,""isTest"":null,""auditTag"":null,""business_name"":"""",""address"":""837 Traction Ave, Los Angeles, CA 90013"",""city"":"""",""state"":""CA""}","unchanged","false","status_not_public|missing_alias_or_slug|incomplete_listing"
"67f73df01d08a04e139a9ebe","","remaining","","Restaurants","Restaurants","","","","","","{""status"":""pending"",""approved"":null,""alias"":""sals-gumbo-shack-long-beach"",""slug"":null,""isComplete"":false,""completenessScore"":44,""qualityScore"":null,""isTest"":null,""auditTag"":null,""business_name"":"""",""address"":""6148 Long Beach Blvd Long Beach, CA 90805"",""city"":"""",""state"":""CA""}","unchanged","false","status_not_public|incomplete_listing"
"67f73df01d08a04e139a9ec2","","remaining","","Restaurants","Restaurants","","","","","","{""status"":""pending"",""approved"":null,""alias"":""say-cheese-los-angeles"",""slug"":null,""isComplete"":false,""completenessScore"":56,""qualityScore"":null,""isTest"":null,""auditTag"":null,""business_name"":"""",""address"":""2800 Hyperion Ave Los Angeles, CA 90027"",""city"":"""",""state"":""CA""}","unchanged","false","status_not_public|incomplete_listing"
"67f73df01d08a04e139a9ec7","","remaining","","Restaurants","Restaurants","","","","","","{""status"":""pending"",""approved"":null,""alias"":""shaquille-s-los-angeles"",""slug"":null,""isComplete"":false,""completenessScore"":44,""qualityScore"":null,""isTest"":null,""auditTag"":null,""business_name"":"""",""address"":""800 W Olympic Blvd Ste A150 Los Angeles, CA 90015"",""city"":"""",""state"":""CA""}","unchanged","false","status_not_public|incomplete_listing"
"67f73df01d08a04e139a9eca","","remaining","","Restaurants","Restaurants","","","","","","{""status"":""pending"",""approved"":null,""alias"":""simply-wholesome-los-angeles"",""slug"":null,""isComplete"":false,""completenessScore"":44,""qualityScore"":null,""isTest"":null,""auditTag"":null,""business_name"":"""",""address"":""4508 W Slauson Ave Los Angeles, CA 90043"",""city"":"""",""state"":""CA""}","unchanged","false","status_not_public|incomplete_listing"
"67f73df01d08a04e139a9ecb","","remaining","","Restaurants","Restaurants","","","","","","{""status"":""pending"",""approved"":null,""alias"":""sip-and-sonder-inglewood"",""slug"":null,""isComplete"":false,""completenessScore"":44,""qualityScore"":null,""isTest"":null,""auditTag"":null,""business_name"":"""",""address"":""108 S Market St Inglewood, CA 90301"",""city"":"""",""state"":""CA""}","unchanged","false","status_not_public|incomplete_listing"
"67f73df01d08a04e139a9ed0","","remaining","","Shopping","Shopping","","","","","","{""status"":""pending"",""approved"":null,""alias"":""sorella-boutique-los-angeles-2"",""slug"":null,""isComplete"":false,""completenessScore"":56,""qualityScore"":null,""isTest"":null,""auditTag"":null,""business_name"":"""",""address"":""7829 Melrose Ave Los Angeles, CA 90046"",""city"":"""",""state"":""CA""}","unchanged","false","status_not_public|incomplete_listing"
"67f73df01d08a04e139a9ed5","","remaining","","Restaurants","Restaurants","","","","","","{""status"":""pending"",""approved"":null,""alias"":""stevies-creole-cafe-los-angeles"",""slug"":null,""isComplete"":false,""completenessScore"":44,""qualityScore"":null,""isTest"":null,""auditTag"":null,""business_name"":"""",""address"":""5545 W Pico Blvd Los Angeles, CA 90019"",""city"":"""",""state"":""CA""}","unchanged","false","status_not_public|incomplete_listing"
"67f73df01d08a04e139a9eda","","remaining","","Restaurants","Restaurants","","","","","","{""status"":""pending"",""approved"":null,""alias"":""sugah-rush-bar-los-angeles"",""slug"":null,""isComplete"":false,""completenessScore"":44,""qualityScore"":null,""isTest"":null,""auditTag"":null,""business_name"":"""",""address"":""Los Angeles, CA 90250"",""city"":"""",""state"":""CA""}","unchanged","false","status_not_public|incomplete_listing"
"67f73df01d08a04e139a9ede","","remaining","","Museums, Cultural Institutions, and Shared Spaces","Museums, Cultural Institutions, and Shared Spaces","","","","","","{""status"":""pending"",""approved"":null,""alias"":""sika-los-angeles"",""slug"":null,""isComplete"":false,""completenessScore"":56,""qualityScore"":null,""isTest"":null,""auditTag"":null,""business_name"":"""",""address"":""4330 Degnan Blvd Los Angeles, CA 90008"",""city"":"""",""state"":""CA""}","unchanged","false","status_not_public|incomplete_listing"
"67f73df01d08a04e139a9edf","","remaining","","Shopping","Shopping","","","","","","{""status"":""pending"",""approved"":null,""alias"":""california-acrylic-design-los-angeles"",""slug"":null,""isComplete"":false,""completenessScore"":56,""qualityScore"":null,""isTest"":null,""auditTag"":null,""business_name"":"""",""address"":""3121 W Jefferson Blvd Los Angeles, CA 90018"",""city"":"""",""state"":""CA""}","unchanged","false","status_not_public|incomplete_listing"
"67f73df01d08a04e139a9ee8","","remaining","","Restaurants","Restaurants","","","","","","{""status"":""pending"",""approved"":null,""alias"":""the-boujie-crab-long-beach"",""slug"":null,""isComplete"":false,""completenessScore"":44,""qualityScore"":null,""isTest"":null,""auditTag"":null,""business_name"":"""",""address"":""1002 E South St Long Beach, CA 90805"",""city"":"""",""state"":""CA""}","unchanged","false","status_not_public|incomplete_listing"
"67f73df01d08a04e139a9eec","","remaining","","Restaurants","Restaurants","","","","","","{""status"":""pending"",""approved"":null,""alias"":""the-dw-cookie-co-santa-clarita-2"",""slug"":null,""isComplete"":false,""completenessScore"":44,""qualityScore"":null,""isTest"":null,""auditTag"":null,""business_name"":"""",""address"":""18962 Soledad Canyon Rd Santa Clarita, CA 91351"",""city"":"""",""state"":""CA""}","unchanged","false","status_not_public|incomplete_listing"
"67f73df01d08a04e139a9ef7","","remaining","","Restaurants","Restaurants","","","","","","{""status"":""pending"",""approved"":null,""alias"":""the-memphis-grill-los-angeles-2"",""slug"":null,""isComplete"":false,""completenessScore"":44,""qualityScore"":null,""isTest"":null,""auditTag"":null,""business_name"":"""",""address"":""5759 Lankershim Blvd Los Angeles, CA 91601"",""city"":"""",""state"":""CA""}","unchanged","false","status_not_public|incomplete_listing"
"67f73df01d08a04e139a9f05","","remaining","","Restaurants","Restaurants","","","","","","{""status"":""pending"",""approved"":null,""alias"":""the-sammiche-shoppe-inglewood"",""slug"":null,""isComplete"":false,""completenessScore"":44,""qualityScore"":null,""isTest"":null,""auditTag"":null,""business_name"":"""",""address"":""222 East Regent Inglewood, CA 90301"",""city"":"""",""state"":""CA""}","unchanged","false","status_not_public|incomplete_listing"
"67f73df01d08a04e139a9f06","","remaining","","Restaurants","Restaurants","","","","","","{""status"":""pending"",""approved"":null,""alias"":""the-serving-spoon-inglewood"",""slug"":null,""isComplete"":false,""completenessScore"":56,""qualityScore"":null,""isTest"":null,""auditTag"":null,""business_name"":"""",""address"":""1403 Centinela Ave Inglewood, CA 90302"",""city"":"""",""state"":""CA""}","unchanged","false","status_not_public|incomplete_listing"
"67f73df01d08a04e139a9f07","","remaining","","Shopping","Shopping","","","","","","{""status"":""pending"",""approved"":null,""alias"":""the-small-shop-los-angeles-7"",""slug"":null,""isComplete"":false,""completenessScore"":56,""qualityScore"":null,""isTest"":null,""auditTag"":null,""business_name"":"""",""address"":""215 W 6th St Ste 108 Los Angeles, CA 90014"",""city"":"""",""state"":""CA""}","unchanged","false","status_not_public|incomplete_listing"
"67f73df01d08a04e139a9f11","","remaining","","Restaurants","Restaurants","","","","","","{""status"":""pending"",""approved"":null,""alias"":null,""slug"":null,""isComplete"":false,""completenessScore"":44,""qualityScore"":null,""isTest"":null,""auditTag"":null,""business_name"":"""",""address"":""9030 Owensmouth Ave Canoga Park, CA 91304"",""city"":"""",""state"":""CA""}","unchanged","false","status_not_public|missing_alias_or_slug|incomplete_listing"
"67f73df01d08a04e139a9f15","","remaining","","Gym, Fitness Health and Wellness","Gym, Fitness Health and Wellness","","","","","","{""status"":""pending"",""approved"":null,""alias"":""thrive-health-lab-windsor-hills"",""slug"":null,""isComplete"":false,""completenessScore"":56,""qualityScore"":null,""isTest"":null,""auditTag"":null,""business_name"":"""",""address"":""3701 W 54th St Windsor Hills, CA 90043"",""city"":"""",""state"":""CA""}","unchanged","false","status_not_public|incomplete_listing"
"67f73df01d08a04e139a9f1c","","remaining","","Restaurants","Restaurants","","","","","","{""status"":""pending"",""approved"":null,""alias"":null,""slug"":null,""isComplete"":false,""completenessScore"":33,""qualityScore"":null,""isTest"":null,""auditTag"":null,""business_name"":"""",""address"":""6130 S AVALON BLVD 126. LOS ANGELES, CA 90022"",""city"":"""",""state"":""CA""}","unchanged","false","status_not_public|missing_alias_or_slug|incomplete_listing"
"67f73df01d08a04e139a9f24","","remaining","","Restaurants","Restaurants","","","","","","{""status"":""pending"",""approved"":null,""alias"":""watts-burgers-los-angeles"",""slug"":null,""isComplete"":false,""completenessScore"":56,""qualityScore"":null,""isTest"":null,""auditTag"":null,""business_name"":"""",""address"":""10203 S Central Ave Los Angeles, CA 90002"",""city"":"""",""state"":""CA""}","unchanged","false","status_not_public|incomplete_listing"
"67f73df01d08a04e139a9f27","","remaining","","Gym, Fitness Health and Wellness","Gym, Fitness Health and Wellness","","","","","","{""status"":""pending"",""approved"":null,""alias"":null,""slug"":null,""isComplete"":false,""completenessScore"":56,""qualityScore"":null,""isTest"":null,""auditTag"":null,""business_name"":"""",""address"":""1022 Waterloo St Los Angeles, CA 90026"",""city"":"""",""state"":""CA""}","unchanged","false","status_not_public|missing_alias_or_slug|incomplete_listing"
"67f73df01d08a04e139a9f2a","","remaining","","Restaurants","Restaurants","","","","","","{""status"":""pending"",""approved"":null,""alias"":""whos-hungry-caribbean-restaurant-los-angeles"",""slug"":null,""isComplete"":false,""completenessScore"":44,""qualityScore"":null,""isTest"":null,""auditTag"":null,""business_name"":"""",""address"":""2959 Crenshaw Blvd Los Angeles, CA 90016"",""city"":"""",""state"":""CA""}","unchanged","false","status_not_public|incomplete_listing"
"67f73df01d08a04e139a9f2f","","remaining","","Restaurants","Restaurants","","","","","","{""status"":""pending"",""approved"":null,""alias"":""wood-spoon-los-angeles-5"",""slug"":null,""isComplete"":false,""completenessScore"":56,""qualityScore"":null,""isTest"":null,""auditTag"":null,""business_name"":"""",""address"":""107 W 9th St Los Angeles, CA 90015"",""city"":"""",""state"":""CA""}","unchanged","false","status_not_public|incomplete_listing"
"67f73df01d08a04e139a9f30","","remaining","","Restaurants","Restaurants","","","","","","{""status"":""pending"",""approved"":null,""alias"":""woodys-bar-b-que-los-angeles"",""slug"":null,""isComplete"":false,""completenessScore"":56,""qualityScore"":null,""isTest"":null,""auditTag"":null,""business_name"":"""",""address"":""3446 W Slauson Ave Los Angeles, CA 90043"",""city"":"""",""state"":""CA""}","unchanged","false","status_not_public|incomplete_listing"
"67f73df01d08a04e139a9f33","","remaining","","Restaurants","Restaurants","","","","","","{""status"":""pending"",""approved"":null,""alias"":""yo-way-eatery-gardena-2"",""slug"":null,""isComplete"":false,""completenessScore"":56,""qualityScore"":null,""isTest"":null,""auditTag"":null,""business_name"":"""",""address"":""17901 S Vermont Ste D Gardena, CA 90248"",""city"":"""",""state"":""CA""}","unchanged","false","status_not_public|incomplete_listing"
"67f73df01d08a04e139a9f3f","","remaining","","Nutritionists","Gym, Fitness Health and Wellness","","","","","","{""status"":""pending"",""approved"":null,""alias"":""-118.3637264"",""slug"":null,""isComplete"":false,""completenessScore"":44,""qualityScore"":null,""isTest"":null,""auditTag"":null,""business_name"":"""",""address"":""Los Angeles, CA 90046"",""city"":"""",""state"":""CA""}","unchanged","false","status_not_public|incomplete_listing"
"67f73df01d08a04e139a9f44","","remaining","","Photo Booth Rentals","Services","","","","","","{""status"":""pending"",""approved"":null,""alias"":""-118.450058"",""slug"":null,""isComplete"":false,""completenessScore"":44,""qualityScore"":null,""isTest"":null,""auditTag"":null,""business_name"":"""",""address"":""Los Angeles, CA 90025"",""city"":"""",""state"":""CA""}","unchanged","false","status_not_public|incomplete_listing"
"67f73df01d08a04e139a9f4d","","remaining","","Video/Film Production","Services","","","","","","{""status"":""pending"",""approved"":null,""alias"":""-118.3349413"",""slug"":null,""isComplete"":false,""completenessScore"":44,""qualityScore"":null,""isTest"":null,""auditTag"":null,""business_name"":"""",""address"":""4108 Crenshaw Blvd Los Angeles, CA 90008"",""city"":"""",""state"":""CA""}","unchanged","false","status_not_public|incomplete_listing"
"67f73df01d08a04e139a9f52","","remaining","","Trainers","Gym, Fitness Health and Wellness","","","","","","{""status"":""pending"",""approved"":null,""alias"":""-118.42902"",""slug"":null,""isComplete"":false,""completenessScore"":44,""qualityScore"":null,""isTest"":null,""auditTag"":null,""business_name"":"""",""address"":""13559 Ventura Blvd Los Angeles, CA 91423"",""city"":"""",""state"":""CA""}","unchanged","false","status_not_public|incomplete_listing"
"67f73df01d08a04e139a9f65","","remaining","","Music Production Services","Services","","","","","","{""status"":""pending"",""approved"":null,""alias"":""-118.264679"",""slug"":null,""isComplete"":false,""completenessScore"":44,""qualityScore"":null,""isTest"":null,""auditTag"":null,""business_name"":"""",""address"":""Los Angeles, CA 90015"",""city"":"""",""state"":""CA""}","unchanged","false","status_not_public|incomplete_listing"
"67f73df01d08a04e139a9f66","","remaining","","Criminal Defense Law","Services","","","","","","{""status"":""pending"",""approved"":null,""alias"":""-118.298503"",""slug"":null,""isComplete"":false,""completenessScore"":44,""qualityScore"":null,""isTest"":null,""auditTag"":null,""business_name"":"""",""address"":""3435 Wilshire Blvd. STE 1195 Los Angeles, CA 90010"",""city"":"""",""state"":""CA""}","unchanged","false","status_not_public|incomplete_listing"
"67f73df01d08a04e139a9f6a","","remaining","","Home Organization","Services","","","","","","{""status"":""pending"",""approved"":null,""alias"":""-118.2427384"",""slug"":null,""isComplete"":false,""completenessScore"":44,""qualityScore"":null,""isTest"":null,""auditTag"":null,""business_name"":"""",""address"":""Los Angeles, CA 90016"",""city"":"""",""state"":""CA""}","unchanged","false","status_not_public|incomplete_listing"
"67f73df01d08a04e139a9f6d","","remaining","","Veterinarians","Services","","","","","","{""status"":""pending"",""approved"":null,""alias"":""-118.344758"",""slug"":null,""isComplete"":false,""completenessScore"":44,""qualityScore"":null,""isTest"":null,""auditTag"":null,""business_name"":"""",""address"":""7116 Melrose Ave Los Angeles, CA 90046"",""city"":"""",""state"":""CA""}","unchanged","false","status_not_public|incomplete_listing"
"67f73df01d08a04e139a9f6f","","remaining","","Printing Services","Services","","","","","","{""status"":""pending"",""approved"":null,""alias"":""-118.41841"",""slug"":null,""isComplete"":false,""completenessScore"":44,""qualityScore"":null,""isTest"":null,""auditTag"":null,""business_name"":"""",""address"":""3909 1/2 Sawtelle Blvd Los Angeles, CA 90066"",""city"":"""",""state"":""CA""}","unchanged","false","status_not_public|incomplete_listing"
"67f73df01d08a04e139a9f75","","remaining","","Music Production Services","Services","","","","","","{""status"":""pending"",""approved"":null,""alias"":""-118.25023"",""slug"":null,""isComplete"":false,""completenessScore"":44,""qualityScore"":null,""isTest"":null,""auditTag"":null,""business_name"":"""",""address"":""215 W 5th St Ste 304 Los Angeles, CA 90013"",""city"":"""",""state"":""CA""}","unchanged","false","status_not_public|incomplete_listing"
"67f73df01d08a04e139a9f7b","","remaining","","Party Equipment Rentals","Services","","","","","","{""status"":""rejected"",""approved"":false,""alias"":""-118.2871628"",""slug"":null,""isComplete"":false,""completenessScore"":44,""qualityScore"":null,""isTest"":null,""auditTag"":null,""business_name"":"""",""address"":""Los Angeles, CA 90037"",""city"":"""",""state"":""CA""}","unchanged","false","status_not_public|incomplete_listing"
"67f73df01d08a04e139a9f7f","","remaining","","Telecommunications","Services","","","","","","{""status"":""rejected"",""approved"":false,""alias"":""-118.4045351"",""slug"":null,""isComplete"":false,""completenessScore"":44,""qualityScore"":null,""isTest"":null,""auditTag"":null,""business_name"":"""",""address"":""10401 Venice Blvd Ste 200 Los Angeles, CA 90034"",""city"":"""",""state"":""CA""}","unchanged","false","status_not_public|incomplete_listing"
"67f73df01d08a04e139a9f89","","remaining","","Pet Groomers","Services","","","","","","{""status"":""rejected"",""approved"":false,""alias"":""-118.2713394"",""slug"":null,""isComplete"":false,""completenessScore"":44,""qualityScore"":null,""isTest"":null,""auditTag"":null,""business_name"":"""",""address"":""Los Angeles, CA 90061"",""city"":"""",""state"":""CA""}","unchanged","false","status_not_public|incomplete_listing"
"67f73df01d08a04e139a9f8a","","remaining","","Nanny Services","Services","","","","","","{""status"":""rejected"",""approved"":false,""alias"":""-118.26087"",""slug"":null,""isComplete"":false,""completenessScore"":44,""qualityScore"":null,""isTest"":null,""auditTag"":null,""business_name"":"""",""address"":""2680 Locksley Pl Los Angeles, CA 90039"",""city"":"""",""state"":""CA""}","unchanged","false","status_not_public|incomplete_listing"
"67f73df01d08a04e139a9f8d","","remaining","","Home Health Care","Services","","","","","","{""status"":""rejected"",""approved"":false,""alias"":""-118.5008219"",""slug"":null,""isComplete"":false,""completenessScore"":44,""qualityScore"":null,""isTest"":null,""auditTag"":null,""business_name"":"""",""address"":""16861 Ventura Blvd Ste 309 Los Angeles, CA 91436"",""city"":"""",""state"":""CA""}","unchanged","false","status_not_public|incomplete_listing"
"681d1df4fd9719ad7b26dfa2","LYS Beauty","remaining","","Makeup, Clean Beauty","Beauty, Grooming and Personal Care","","","","","","{""status"":""approved"",""approved"":null,""alias"":""lys-beauty"",""slug"":null,""isComplete"":false,""completenessScore"":67,""qualityScore"":null,""isTest"":null,""auditTag"":null,""business_name"":""LYS Beauty"",""address"":""Lys Beauty Salon, Gift and Decor Center, F.D. Rooseveltweg, Esperansa bij Salsbach, Curaçao, 0000 CW, Nederland"",""city"":"""",""state"":""NEDERLAND""}","unchanged","false","incomplete_listing"
"681d1df4fd9719ad7b26dfa6","For Them","remaining","","Apparel, Wellness","Clothing and Accessories","","","","","","{""status"":""approved"",""approved"":null,""alias"":""for-them"",""slug"":null,""isComplete"":false,""completenessScore"":67,""qualityScore"":null,""isTest"":null,""auditTag"":null,""business_name"":""For Them"",""address"":""Scrubs for Them, 2121, Carling Avenue, Carlingwood, Bay, Ottawa, Eastern Ontario, Ontario, K2A 1H1, Canada"",""city"":"""",""state"":""CANADA""}","unchanged","false","incomplete_listing"
"681d1df4fd9719ad7b26dfa8","Ami Colé","remaining","","Clean Beauty, Skin Care","Beauty, Grooming and Personal Care","","","","","","{""status"":""approved"",""approved"":null,""alias"":""ami-cole"",""slug"":null,""isComplete"":false,""completenessScore"":67,""qualityScore"":null,""isTest"":null,""auditTag"":null,""business_name"":""Ami Colé"",""address"":""Cole haan, 竜ヶ崎阿見線, よしわら一丁目, 阿見町, 稲敷郡, 茨城県, 300-1288, 日本"",""city"":"""",""state"":""日本""}","unchanged","false","incomplete_listing"
"681d1df4fd9719ad7b26dfa9","Saint Ola","remaining","","Fashion, Accessories","Clothing and Accessories","","","","","","{""status"":""approved"",""approved"":null,""alias"":""saint-ola"",""slug"":null,""isComplete"":false,""completenessScore"":67,""qualityScore"":null,""isTest"":null,""auditTag"":null,""business_name"":""Saint Ola"",""address"":""Ola, Igeldo, Mendebaldea, Donostia / San Sebastián, Gipuzkoa, Euskadi, 20008, España"",""city"":"""",""state"":""ESPAñA""}","unchanged","false","incomplete_listing"
"681d1df4fd9719ad7b26dfaa","Telfar","remaining","","Luxury Goods, Accessories","Clothing and Accessories","","","","","","{""status"":""approved"",""approved"":null,""alias"":""telfar"",""slug"":null,""isComplete"":false,""completenessScore"":67,""qualityScore"":null,""isTest"":null,""auditTag"":null,""business_name"":""Telfar"",""address"":""Kocatepe, Nizip, Gaziantep, Güneydoğu Anadolu Bölgesi, Türkiye"",""city"":"""",""state"":""TüRKIYE""}","unchanged","false","incomplete_listing"
"681d1df4fd9719ad7b26dfab","Third Crown","remaining","","Jewelry, Design","Clothing and Accessories","","","","","","{""status"":""approved"",""approved"":null,""alias"":""third-crown"",""slug"":null,""isComplete"":false,""completenessScore"":67,""qualityScore"":null,""isTest"":null,""auditTag"":null,""business_name"":""Third Crown"",""address"":""TP Legal Ltd, Church Street East, Horsell, Woking, Surrey, England, GU21 6HR, United Kingdom"",""city"":"""",""state"":""UNITED""}","unchanged","false","incomplete_listing"
"681d1df4fd9719ad7b26dfac","Tree Fairfax","remaining","","Leather Goods, Accessories","Clothing and Accessories","","","","","","{""status"":""approved"",""approved"":null,""alias"":""tree-fairfax"",""slug"":null,""isComplete"":false,""completenessScore"":67,""qualityScore"":null,""isTest"":null,""auditTag"":null,""business_name"":""Tree Fairfax"",""address"":""Fairfax VLG, Rose Tree, Upper Providence, Upper Providence Township, Delaware County, Pennsylvania, 19065, United States"",""city"":"""",""state"":""UNITED""}","unchanged","false","incomplete_listing"
"681d1df4fd9719ad7b26dfb1","Boon Boona Coffee","remaining","","Coffee","Food and Beverage","","","","","","{""status"":""approved"",""approved"":null,""alias"":""boon-boona-coffee"",""slug"":null,""isComplete"":false,""completenessScore"":67,""qualityScore"":null,""isTest"":null,""auditTag"":null,""business_name"":""Boon Boona Coffee"",""address"":""Boon Boona Coffee, 1223, East Cherry Street, Yesler Terrace, Seattle, King County, Washington, 98122, United States"",""city"":"""",""state"":""UNITED""}","unchanged","false","incomplete_listing"
"681d1df4fd9719ad7b26dfb2","Blk & Bold","remaining","","Coffee, Tea","Food and Beverage","","","","","","{""status"":""approved"",""approved"":null,""alias"":""blk-and-bold"",""slug"":null,""isComplete"":false,""completenessScore"":67,""qualityScore"":null,""isTest"":null,""auditTag"":null,""business_name"":""Blk & Bold"",""address"":""保樓 Bold Block, 崇平街 Sung Ping Street, 鶴園 Hok Yuen, 土瓜灣 To Kwa Wan, 九龍城區 Kowloon City District, 九龍 Kowloon, 香港 Hong Kong, 999077, 中国"",""city"":"""",""state"":""中国""}","unchanged","false","incomplete_listing"
"681d1df4fd9719ad7b26dfb7","Topicals","remaining","","Skin Care, Clinical","Beauty, Grooming and Personal Care","","","","","","{""status"":""approved"",""approved"":null,""alias"":""topicals"",""slug"":null,""isComplete"":false,""completenessScore"":67,""qualityScore"":null,""isTest"":null,""auditTag"":null,""business_name"":""Topicals"",""address"":""Kind Topicals, West 26th Avenue, Spenard, Anchorage, Alaska, 99503, United States"",""city"":"""",""state"":""UNITED""}","unchanged","false","incomplete_listing"
"681d1df4fd9719ad7b26dfb8","RedDrop","remaining","","Menstrual Products, Education","Beauty, Grooming and Personal Care","","","","","","{""status"":""approved"",""approved"":null,""alias"":""reddrop"",""slug"":null,""isComplete"":false,""completenessScore"":67,""qualityScore"":null,""isTest"":null,""auditTag"":null,""business_name"":""RedDrop"",""address"":""Reddrop Court, Altona Meadows, Melbourne, City of Hobsons Bay, Victoria, 3028, Australia"",""city"":"""",""state"":""AUSTRALIA""}","unchanged","false","incomplete_listing"
"681d1df4fd9719ad7b26dfbb","Barkal","remaining","","Footwear, Design","Clothing and Accessories","","","","","","{""status"":""approved"",""approved"":null,""alias"":""barkal"",""slug"":null,""isComplete"":false,""completenessScore"":67,""qualityScore"":null,""isTest"":null,""auditTag"":null,""business_name"":""Barkal"",""address"":""বরকল, বরকল উপজেলা, রাঙ্গামাটি পার্বত্য জেলা, চট্টগ্রাম বিভাগ, বাংলাদেশ"",""city"":"""",""state"":""বাংলাদেশ""}","unchanged","false","incomplete_listing"
"681d1df4fd9719ad7b26dfbd","Camille Rose","remaining","","Hair Care, Skin Care, Body Care","Beauty, Grooming and Personal Care","","","","","","{""status"":""approved"",""approved"":null,""alias"":""camille-rose"",""slug"":null,""isComplete"":false,""completenessScore"":67,""qualityScore"":null,""isTest"":null,""auditTag"":null,""business_name"":""Camille Rose"",""address"":""East Camille Rose Court, Mountain Rose Estates, Palmer, Matanuska-Susitna Borough, Alaska, United States"",""city"":"""",""state"":""UNITED""}","unchanged","false","incomplete_listing"
"681d1df4fd9719ad7b26dfc2","The Sip","remaining","","Wine Subscription","Food and Beverage","","","","","","{""status"":""approved"",""approved"":null,""alias"":""the-sip"",""slug"":null,""isComplete"":false,""completenessScore"":67,""qualityScore"":null,""isTest"":null,""auditTag"":null,""business_name"":""The Sip"",""address"":""SIP The Experience, 528, Main Street, Lindbergh, Atlanta, Fulton County, Georgia, 30324, United States"",""city"":"""",""state"":""UNITED""}","unchanged","false","incomplete_listing"
"681d1df4fd9719ad7b26dfc4","Be Rooted","remaining","","Stationery, Home Goods","Home and Kitchen","","","","","","{""status"":""approved"",""approved"":null,""alias"":""be-rooted"",""slug"":null,""isComplete"":false,""completenessScore"":67,""qualityScore"":null,""isTest"":null,""auditTag"":null,""business_name"":""Be Rooted"",""address"":""Rooted, 144, Rosemount Place, Rosemount, Rosemount and Mile End, Aberdeen City, Alba / Scotland, AB25 2YU, United Kingdom"",""city"":"""",""state"":""UNITED""}","unchanged","false","incomplete_listing"
"681d1df4fd9719ad7b26dfc5","Clare","remaining","","Paint, Home Improvement","Home and Kitchen","","","","","","{""status"":""approved"",""approved"":null,""alias"":""clare"",""slug"":null,""isComplete"":false,""completenessScore"":67,""qualityScore"":null,""isTest"":null,""auditTag"":null,""business_name"":""Clare"",""address"":""Clare County, Michigan, United States"",""city"":"""",""state"":""UNITED""}","unchanged","false","incomplete_listing"
"681d1df4fd9719ad7b26dfc6","Bolé Road","remaining","","Home Decor, Textiles","Home and Kitchen","","","","","","{""status"":""approved"",""approved"":null,""alias"":""bole-road"",""slug"":null,""isComplete"":false,""completenessScore"":67,""qualityScore"":null,""isTest"":null,""auditTag"":null,""business_name"":""Bolé Road"",""address"":""Africa Avenue / Bole Road, ወሎ ሰፈር አካባቢ, Kirkos, አዲስ አበባ Addis Ababa أديس أبابا, አዲስ አበባ أديس أبابا, 7966, ኢትዮጵያ إثيوبيا"",""city"":"""",""state"":""ኢትዮጵያ""}","unchanged","false","incomplete_listing"
"681d1df4fd9719ad7b26dfcb","The Whitney Collection","remaining","","Candles, Home Fragrance","Home and Kitchen","","","","","","{""status"":""approved"",""approved"":null,""alias"":""the-whitney-collection"",""slug"":null,""isComplete"":false,""completenessScore"":67,""qualityScore"":null,""isTest"":null,""auditTag"":null,""business_name"":""The Whitney Collection"",""address"":""Hotel David Whitney, Autograph Collection, Woodward Avenue, Detroit, Wayne County, Michigan, 48226, United States"",""city"":"""",""state"":""UNITED""}","unchanged","false","incomplete_listing"
"681d1df4fd9719ad7b26dfce","Fourth Phase","remaining","","Postnatal Care, Subscription","Baby and Kids","","","","","","{""status"":""approved"",""approved"":null,""alias"":""fourth-phase"",""slug"":null,""isComplete"":false,""completenessScore"":67,""qualityScore"":null,""isTest"":null,""auditTag"":null,""business_name"":""Fourth Phase"",""address"":""Bel-Air Village Phase I and II, District I, Makati, Southern Manila District, Metro Manila, 1209, Philippines"",""city"":"""",""state"":""PHILIPPINES""}","unchanged","false","incomplete_listing"
"681d1df4fd9719ad7b26dfd3","Royal Nation","remaining","","Clothing, Kids","Baby and Kids","","","","","","{""status"":""approved"",""approved"":null,""alias"":""royal-nation"",""slug"":null,""isComplete"":false,""completenessScore"":67,""qualityScore"":null,""isTest"":null,""auditTag"":null,""business_name"":""Royal Nation"",""address"":""Royal VI Nation, Place de la Nation, Quartier Sainte-Marguerite, Paris 11e Arrondissement, Paris, France métropolitaine, 75011, France"",""city"":"""",""state"":""FRANCE""}","unchanged","false","incomplete_listing"
"681d1df4fd9719ad7b26dfda","Loyalty Bookstores","remaining","","Bookstore, Events","Bookstores and Educational","","","","","","{""status"":""approved"",""approved"":null,""alias"":""loyalty-bookstores"",""slug"":null,""isComplete"":false,""completenessScore"":67,""qualityScore"":null,""isTest"":null,""auditTag"":null,""business_name"":""Loyalty Bookstores"",""address"":""Loyalty Bookstores, 823, Ellsworth Drive, Queen Annes, Silver Spring, Montgomery County, Maryland, 20910, United States"",""city"":"""",""state"":""UNITED""}","unchanged","false","incomplete_listing"
"681d1df4fd9719ad7b26dfdb","The Lit Bar","remaining","","Bookstore, Cafe","Bookstores and Educational","","","","","","{""status"":""approved"",""approved"":null,""alias"":""the-lit-bar"",""slug"":null,""isComplete"":false,""completenessScore"":67,""qualityScore"":null,""isTest"":null,""auditTag"":null,""business_name"":""The Lit Bar"",""address"":""The Lit Bar, Alexander Avenue, Mott Haven, The Bronx, Bronx County, City of New York, New York, 10454, United States"",""city"":"""",""state"":""UNITED""}","unchanged","false","incomplete_listing"
"68451075f4bbe63969630311","The Village Market Wellness Shop","remaining","","Health Shop, Wellness, Nutrition","Health & Wellness","","","","","","{""status"":""duplicate_pending_review"",""approved"":null,""alias"":null,""slug"":null,""isComplete"":true,""completenessScore"":78,""qualityScore"":null,""isTest"":null,""auditTag"":null,""business_name"":""The Village Market Wellness Shop"",""address"":""572 Edgewood Ave SE, Atlanta, GA 30312"",""city"":"""",""state"":""GA""}","unchanged","false","status_not_public|missing_alias_or_slug"
"68451075f4bbe63969630325","Fulton Supply Lofts Market","remaining","","Furniture, Vintage, Home Decor","Home & Furniture","","","","","","{""status"":""duplicate_pending_review"",""approved"":null,""alias"":null,""slug"":null,""isComplete"":true,""completenessScore"":78,""qualityScore"":null,""isTest"":null,""auditTag"":null,""business_name"":""Fulton Supply Lofts Market"",""address"":""342 Nelson St SW, Atlanta, GA 30313"",""city"":"""",""state"":""GA""}","unchanged","false","status_not_public|missing_alias_or_slug"
"68451075f4bbe6396963030d","The Wellness Spot ATL","remaining","","Wellness, Nutrition, Fitness","Health & Wellness","","","","","","{""status"":""duplicate_pending_review"",""approved"":null,""alias"":null,""slug"":null,""isComplete"":true,""completenessScore"":78,""qualityScore"":null,""isTest"":null,""auditTag"":null,""business_name"":""The Wellness Spot ATL"",""address"":""543 Spring St NW, Atlanta, GA 30308"",""city"":"""",""state"":""GA""}","unchanged","false","status_not_public|missing_alias_or_slug"
"68451075f4bbe6396963030a","Sage & Elm Apothecary","remaining","","Home Goods, Aromatherapy","Home & Furniture","","","","","","{""status"":""duplicate_pending_review"",""approved"":null,""alias"":null,""slug"":null,""isComplete"":true,""completenessScore"":78,""qualityScore"":null,""isTest"":null,""auditTag"":null,""business_name"":""Sage & Elm Apothecary"",""address"":""701 Memorial Dr SE, Atlanta, GA 30316"",""city"":"""",""state"":""GA""}","unchanged","false","status_not_public|missing_alias_or_slug"
"68451075f4bbe63969630313","Twisted Soul Cookhouse & Pours","remaining","","Soul Food, Southern, Restaurant","Food & Dining","","","","","","{""status"":""duplicate_pending_review"",""approved"":null,""alias"":null,""slug"":null,""isComplete"":true,""completenessScore"":78,""qualityScore"":null,""isTest"":null,""auditTag"":null,""business_name"":""Twisted Soul Cookhouse & Pours"",""address"":""1133 Huff Rd NW #D, Atlanta, GA 30318"",""city"":"""",""state"":""GA""}","unchanged","false","status_not_public|missing_alias_or_slug"
"68451075f4bbe63969630327","Parlor","remaining","","Bar, Lounge, Nightlife","Food & Dining","","","","","","{""status"":""duplicate_pending_review"",""approved"":null,""alias"":null,""slug"":null,""isComplete"":true,""completenessScore"":78,""qualityScore"":null,""isTest"":null,""auditTag"":null,""business_name"":""Parlor"",""address"":""249-A Peters St SW, Atlanta, GA 30313"",""city"":"""",""state"":""GA""}","unchanged","false","status_not_public|missing_alias_or_slug"
"68451075f4bbe63969630306","Slutty Vegan","remaining","","Vegan, Burgers, Restaurant","Food & Dining","","","","","","{""status"":""duplicate_pending_review"",""approved"":null,""alias"":null,""slug"":null,""isComplete"":true,""completenessScore"":78,""qualityScore"":null,""isTest"":null,""auditTag"":null,""business_name"":""Slutty Vegan"",""address"":""1542 Ralph David Abernathy Blvd SW, Atlanta, GA 30310"",""city"":"""",""state"":""GA""}","unchanged","false","status_not_public|missing_alias_or_slug"
"68451075f4bbe6396963030f","Body By Kariim Fitness","remaining","","Personal Training, Fitness","Health & Wellness","","","","","","{""status"":""duplicate_pending_review"",""approved"":null,""alias"":null,""slug"":null,""isComplete"":true,""completenessScore"":78,""qualityScore"":null,""isTest"":null,""auditTag"":null,""business_name"":""Body By Kariim Fitness"",""address"":""800 Miami Cir NE, Atlanta, GA 30324"",""city"":"""",""state"":""GA""}","unchanged","false","status_not_public|missing_alias_or_slug"
"68451075f4bbe6396963031a","Old Lady Gang","remaining","","Soul Food, Southern, Restaurant","Food & Dining","","","","","","{""status"":""duplicate_pending_review"",""approved"":null,""alias"":null,""slug"":null,""isComplete"":true,""completenessScore"":78,""qualityScore"":null,""isTest"":null,""auditTag"":null,""business_name"":""Old Lady Gang"",""address"":""177 Peters St SW, Atlanta, GA 30313"",""city"":"""",""state"":""GA""}","unchanged","false","status_not_public|missing_alias_or_slug"
"68451075f4bbe63969630309","Atlanta MADE","remaining","","Home Decor, Furniture","Home & Furniture","","","","","","{""status"":""duplicate_pending_review"",""approved"":null,""alias"":null,""slug"":null,""isComplete"":true,""completenessScore"":78,""qualityScore"":null,""isTest"":null,""auditTag"":null,""business_name"":""Atlanta MADE"",""address"":""659 Auburn Ave NE, Atlanta, GA 30312"",""city"":"""",""state"":""GA""}","unchanged","false","status_not_public|missing_alias_or_slug"
"68451075f4bbe63969630315","Bankhead Seafood","remaining","","Seafood, Restaurant","Food & Dining","","","","","","{""status"":""duplicate_pending_review"",""approved"":null,""alias"":null,""slug"":null,""isComplete"":true,""completenessScore"":78,""qualityScore"":null,""isTest"":null,""auditTag"":null,""business_name"":""Bankhead Seafood"",""address"":""1651 Donald Lee Hollowell Pkwy NW, Atlanta, GA 30318"",""city"":"""",""state"":""GA""}","unchanged","false","status_not_public|missing_alias_or_slug"
"68451075f4bbe63969630319","Strivers Row","remaining","","Menswear, Clothing","Apparel & Footwear","","","","","","{""status"":""duplicate_pending_review"",""approved"":null,""alias"":null,""slug"":null,""isComplete"":true,""completenessScore"":78,""qualityScore"":null,""isTest"":null,""auditTag"":null,""business_name"":""Strivers Row"",""address"":""999 Peachtree St NE #120, Atlanta, GA 30309"",""city"":"""",""state"":""GA""}","unchanged","false","status_not_public|missing_alias_or_slug"
"68451075f4bbe63969630326","The V Store","remaining","","Women's Clothing, Boutique","Apparel & Footwear","","","","","","{""status"":""duplicate_pending_review"",""approved"":null,""alias"":null,""slug"":null,""isComplete"":true,""completenessScore"":78,""qualityScore"":null,""isTest"":null,""auditTag"":null,""business_name"":""The V Store"",""address"":""1197 Peachtree St NE, Atlanta, GA 30361"",""city"":"""",""state"":""GA""}","unchanged","false","status_not_public|missing_alias_or_slug"
"67c9ead1818d604b84e5a45e","Slay My Set Pasadena 4","remaining","","Nail Technicians","Beauty, Grooming and Personal Care","","","","","","{""status"":""pending"",""approved"":null,""alias"":""slay-my-set-pasadena-4"",""slug"":null,""isComplete"":false,""completenessScore"":67,""qualityScore"":null,""isTest"":null,""auditTag"":null,""business_name"":""Slay My Set Pasadena 4"",""address"":""Pasadena, CA 90037"",""city"":"""",""state"":""CA""}","unchanged","false","status_not_public|incomplete_listing"
"67c9ead1818d604b84e5a45d","Pampered At Tiffanys Long Beach 3","remaining","","Skin Care, Nail Salons, Waxing","Beauty, Grooming and Personal Care","","","","","","{""status"":""approved"",""approved"":null,""alias"":""pampered-at-tiffanys-long-beach-3"",""slug"":null,""isComplete"":false,""completenessScore"":67,""qualityScore"":null,""isTest"":null,""auditTag"":null,""business_name"":""Pampered At Tiffanys Long Beach 3"",""address"":""Long Beach, CA 90802"",""city"":"""",""state"":""CA""}","unchanged","false","incomplete_listing"
"67c9ead1818d604b84e5a461","Sunset City Nails Studio City","remaining","","Nail Salons","Beauty, Grooming and Personal Care","","","","","","{""status"":""pending"",""approved"":null,""alias"":""sunset-city-nails-studio-city"",""slug"":null,""isComplete"":false,""completenessScore"":67,""qualityScore"":null,""isTest"":null,""auditTag"":null,""business_name"":""Sunset City Nails Studio City"",""address"":""12107 Ventura Blvd, Studio City, CA 91604"",""city"":"""",""state"":""CA""}","unchanged","false","status_not_public|incomplete_listing"
"67c9ead1818d604b84e5a462","Daelycyous Nail Designs San Pedro","remaining","","Nail Salons","Beauty, Grooming and Personal Care","","","","","","{""status"":""pending"",""approved"":null,""alias"":""daelycyous-nail-designs-san-pedro"",""slug"":null,""isComplete"":false,""completenessScore"":67,""qualityScore"":null,""isTest"":null,""auditTag"":null,""business_name"":""Daelycyous Nail Designs San Pedro"",""address"":""841 W 9th St, Salon Bellezza, San Pedro, CA 90731"",""city"":"""",""state"":""CA""}","unchanged","false","status_not_public|incomplete_listing"
"67c9ead1818d604b84e5a466","Hair Queen La Los Angeles","remaining","","Wigs, Hair Extensions","Beauty, Grooming and Personal Care","","","","","","{""status"":""approved"",""approved"":null,""alias"":""hair-queen-la-los-angeles"",""slug"":null,""isComplete"":false,""completenessScore"":67,""qualityScore"":null,""isTest"":null,""auditTag"":null,""business_name"":""Hair Queen La Los Angeles"",""address"":""5363 Wilshire Blvd, Los Angeles, CA 90036"",""city"":"""",""state"":""CA""}","unchanged","false","incomplete_listing"
"67c9ead1818d604b84e5a45f","Ms Glens Therapeutic Manicures And Pedicures Westchester","remaining","","Nail Salons, Massage","Beauty, Grooming and Personal Care","","","","","","{""status"":""approved"",""approved"":null,""alias"":""ms-glens-therapeutic-manicures-and-pedicures-westchester"",""slug"":null,""isComplete"":false,""completenessScore"":67,""qualityScore"":null,""isTest"":null,""auditTag"":null,""business_name"":""Ms Glens Therapeutic Manicures And Pedicures Westchester"",""address"":""6320 Howard B. Drollinger Way, Ste 206, Westchester, CA 90045"",""city"":"""",""state"":""CA""}","unchanged","false","incomplete_listing"
"67c9ead1818d604b84e5a460","The Talonted Vixen Atelier Tarzana 2","remaining","","Nail Technicians","Beauty, Grooming and Personal Care","","","","","","{""status"":""pending"",""approved"":null,""alias"":""the-talonted-vixen-atelier-tarzana-2"",""slug"":null,""isComplete"":false,""completenessScore"":56,""qualityScore"":null,""isTest"":null,""auditTag"":null,""business_name"":""The Talonted Vixen Atelier Tarzana 2"",""address"":""15125 Ventura Blvd, Ste 10, Tarzana, CA 91403"",""city"":"""",""state"":""CA""}","unchanged","false","status_not_public|incomplete_listing"
"67c9ead1818d604b84e5a465","Hair It Is Hair Salon Long Beach","remaining","","Hair Salons","Beauty, Grooming and Personal Care","","","","","","{""status"":""pending"",""approved"":null,""alias"":""hair-it-is-hair-salon-long-beach"",""slug"":null,""isComplete"":false,""completenessScore"":67,""qualityScore"":null,""isTest"":null,""auditTag"":null,""business_name"":""Hair It Is Hair Salon Long Beach"",""address"":""3253 South St, Ste 107, Long Beach, CA 90805"",""city"":"""",""state"":""CA""}","unchanged","false","status_not_public|incomplete_listing"
"67c9ead1818d604b84e5a468","Silver Liner Mobile Massage Studio Irvine","remaining","","Massage, Massage Therapy","Beauty, Grooming and Personal Care","","","","","","{""status"":""approved"",""approved"":null,""alias"":""silver-liner-mobile-massage-studio-irvine"",""slug"":null,""isComplete"":false,""completenessScore"":67,""qualityScore"":null,""isTest"":null,""auditTag"":null,""business_name"":""Silver Liner Mobile Massage Studio Irvine"",""address"":""Irvine, CA 92612"",""city"":"""",""state"":""CA""}","unchanged","false","incomplete_listing"
"67c9ead1818d604b84e5a46a","Mobile Hairdressers Los Angeles Beverly Hills","remaining","","Hair Salons, Makeup Artists, Nail Technicians","Beauty, Grooming and Personal Care","","","","","","{""status"":""approved"",""approved"":null,""alias"":""mobile-hairdressers-los-angeles-beverly-hills"",""slug"":null,""isComplete"":false,""completenessScore"":67,""qualityScore"":null,""isTest"":null,""auditTag"":null,""business_name"":""Mobile Hairdressers Los Angeles Beverly Hills"",""address"":""Beverly Hills, CA 90211"",""city"":"""",""state"":""CA""}","unchanged","false","incomplete_listing"
"67c9ead1818d604b84e5a470","Braid Queen La Los Angeles","remaining","","Hair Extensions, Cosmetics & Beauty Supply, Hair Stylists","Beauty, Grooming and Personal Care","","","","","","{""status"":""approved"",""approved"":null,""alias"":""braid-queen-la-los-angeles"",""slug"":null,""isComplete"":false,""completenessScore"":67,""qualityScore"":null,""isTest"":null,""auditTag"":null,""business_name"":""Braid Queen La Los Angeles"",""address"":""3959 Wilshire Blvd, Ste A25, Los Angeles, CA 90010"",""city"":"""",""state"":""CA""}","unchanged","false","incomplete_listing"
"67c9ead1818d604b84e5a471","Pure Pleasure Salon Los Angeles","remaining","","Hair Salons","Beauty, Grooming and Personal Care","","","","","","{""status"":""pending"",""approved"":null,""alias"":""pure-pleasure-salon-los-angeles"",""slug"":null,""isComplete"":false,""completenessScore"":67,""qualityScore"":null,""isTest"":null,""auditTag"":null,""business_name"":""Pure Pleasure Salon Los Angeles"",""address"":""2149 W Manchester Ave, Los Angeles, CA 90047"",""city"":"""",""state"":""CA""}","unchanged","false","status_not_public|incomplete_listing"
"67c9ead1818d604b84e5a477","A Curly Walk Studio Downey","remaining","","Hair Stylists","Beauty, Grooming and Personal Care","","","","","","{""status"":""pending"",""approved"":null,""alias"":""a-curly-walk-studio-downey"",""slug"":null,""isComplete"":false,""completenessScore"":67,""qualityScore"":null,""isTest"":null,""auditTag"":null,""business_name"":""A Curly Walk Studio Downey"",""address"":""306 Stonewood St, Studio 30, Stonewood Center, Downey, CA 90241"",""city"":"""",""state"":""CA""}","unchanged","false","status_not_public|incomplete_listing"
"67c9ead1818d604b84e5a474","Image Of Africa Los Angeles 2","remaining","","Hair Stylists, Hair Extensions","Beauty, Grooming and Personal Care","","","","","","{""status"":""approved"",""approved"":null,""alias"":""image-of-africa-los-angeles-2"",""slug"":null,""isComplete"":false,""completenessScore"":67,""qualityScore"":null,""isTest"":null,""auditTag"":null,""business_name"":""Image Of Africa Los Angeles 2"",""address"":""3860 Crenshaw Blvd, Ste 228, Los Angeles, CA 90008"",""city"":"""",""state"":""CA""}","unchanged","false","incomplete_listing"
"67c9ead1818d604b84e5a47a","Damone Roberts Beverly Hills Salon Beverly Hills 2","remaining","","Makeup Artists, Eyelash Service, Eyebrow Services","Beauty, Grooming and Personal Care","","","","","","{""status"":""approved"",""approved"":null,""alias"":""damone-roberts-beverly-hills-salon-beverly-hills-2"",""slug"":null,""isComplete"":false,""completenessScore"":67,""qualityScore"":null,""isTest"":null,""auditTag"":null,""business_name"":""Damone Roberts Beverly Hills Salon Beverly Hills 2"",""address"":""8383 Wilshire Blvd, Ste 50, Studio 206, Beverly Hills, CA 90211"",""city"":"""",""state"":""CA""}","unchanged","false","incomplete_listing"
"67c9ead1818d604b84e5a47b","Desiree G Hair West Hollywood 3","remaining","","Hair Stylists, Hair Extensions","Beauty, Grooming and Personal Care","","","","","","{""status"":""approved"",""approved"":null,""alias"":""desiree-g-hair-west-hollywood-3"",""slug"":null,""isComplete"":false,""completenessScore"":67,""qualityScore"":null,""isTest"":null,""auditTag"":null,""business_name"":""Desiree G Hair West Hollywood 3"",""address"":""8000 Sunset Blvd, Ste B-200, Studio 73, Salon Republic, West Hollywood, CA 90046"",""city"":"""",""state"":""CA""}","unchanged","false","incomplete_listing"
"67c9ead1818d604b84e5a473","L A Hair Palace Long Beach","remaining","","Hair Stylists, Hair Extensions","Beauty, Grooming and Personal Care","","","","","","{""status"":""approved"",""approved"":null,""alias"":""l-a-hair-palace-long-beach"",""slug"":null,""isComplete"":false,""completenessScore"":67,""qualityScore"":null,""isTest"":null,""auditTag"":null,""business_name"":""L A Hair Palace Long Beach"",""address"":""5439 Cherry Ave, Long Beach, CA 90805"",""city"":"""",""state"":""CA""}","unchanged","false","incomplete_listing"
"67c9ead1818d604b84e5a479","Crystal Blings Hair Los Angeles","remaining","","Hair Extensions","Beauty, Grooming and Personal Care","","","","","","{""status"":""pending"",""approved"":null,""alias"":""crystal-blings-hair-los-angeles"",""slug"":null,""isComplete"":false,""completenessScore"":67,""qualityScore"":null,""isTest"":null,""auditTag"":null,""business_name"":""Crystal Blings Hair Los Angeles"",""address"":""Los Angeles, CA 90047"",""city"":"""",""state"":""CA""}","unchanged","false","status_not_public|incomplete_listing"
"67c9ead1818d604b84e5a47e","Meedo Hair Salon Anaheim","remaining","","Hair Extensions, Hair Stylists","Beauty, Grooming and Personal Care","","","","","","{""status"":""approved"",""approved"":null,""alias"":""meedo-hair-salon-anaheim"",""slug"":null,""isComplete"":false,""completenessScore"":67,""qualityScore"":null,""isTest"":null,""auditTag"":null,""business_name"":""Meedo Hair Salon Anaheim"",""address"":""2839 W Lincoln Ave, Anaheim, CA 92801"",""city"":"""",""state"":""CA""}","unchanged","false","incomplete_listing"
"67c9ead1818d604b84e5a47d","Camille Ariane Makeup Los Angeles","remaining","","Makeup Artists, Hair Removal","Beauty, Grooming and Personal Care","","","","","","{""status"":""approved"",""approved"":null,""alias"":""camille-ariane-makeup-los-angeles"",""slug"":null,""isComplete"":false,""completenessScore"":67,""qualityScore"":null,""isTest"":null,""auditTag"":null,""business_name"":""Camille Ariane Makeup Los Angeles"",""address"":""5612 W Manchester Ave, Los Angeles, CA 90045"",""city"":"""",""state"":""CA""}","unchanged","false","incomplete_listing"
"67c9ead1818d604b84e5a476","Beautiful Hair Los Angeles","remaining","","Hair Salons","Beauty, Grooming and Personal Care","","","","","","{""status"":""pending"",""approved"":null,""alias"":""beautiful-hair-los-angeles"",""slug"":null,""isComplete"":false,""completenessScore"":67,""qualityScore"":null,""isTest"":null,""auditTag"":null,""business_name"":""Beautiful Hair Los Angeles"",""address"":""1051 Glendon Ave, Ste 108, Los Angeles, CA 90024"",""city"":"""",""state"":""CA""}","unchanged","false","status_not_public|incomplete_listing"
"67c9ead1818d604b84e5a482","Textured Tech Carson 4","remaining","","Cosmetics & Beauty Supply, Hair Extensions, Wigs","Beauty, Grooming and Personal Care","","","","","","{""status"":""approved"",""approved"":null,""alias"":""textured-tech-carson-4"",""slug"":null,""isComplete"":false,""completenessScore"":67,""qualityScore"":null,""isTest"":null,""auditTag"":null,""business_name"":""Textured Tech Carson 4"",""address"":""441 E Carson St, Unit C & D, Carson, CA 90745"",""city"":"""",""state"":""CA""}","unchanged","false","incomplete_listing"
"67c9ead1818d604b84e5a4af","Aarmy West Hollywood 3","remaining","","Gym, Fitness Health and Wellness","Gym, Fitness Health and Wellness","","","","","","{""status"":""pending"",""approved"":null,""alias"":""aarmy-west-hollywood-3"",""slug"":null,""isComplete"":false,""completenessScore"":56,""qualityScore"":null,""isTest"":null,""auditTag"":null,""business_name"":""Aarmy West Hollywood 3"",""address"":""8599 Santa Monica Blvd West Hollywood, CA 90069"",""city"":"""",""state"":""CA""}","unchanged","false","status_not_public|incomplete_listing"
"67c9ead1818d604b84e5a48f","Simply Divine Beauty Supply Monrovia","remaining","","Cosmetics & Beauty Supply, Wigs, Hair Extensions","Beauty, Grooming and Personal Care","","","","","","{""status"":""approved"",""approved"":null,""alias"":""simply-divine-beauty-supply-monrovia"",""slug"":null,""isComplete"":false,""completenessScore"":67,""qualityScore"":null,""isTest"":null,""auditTag"":null,""business_name"":""Simply Divine Beauty Supply Monrovia"",""address"":""325 W Huntington Dr, Monrovia, CA 91016"",""city"":"""",""state"":""CA""}","unchanged","false","incomplete_listing"
"67c9ead1818d604b84e5a4a5","","remaining","","Shopping","Shopping","","","","","","{""status"":""pending"",""approved"":null,""alias"":null,""slug"":null,""isComplete"":false,""completenessScore"":22,""qualityScore"":null,""isTest"":null,""auditTag"":null,""business_name"":"""",""address"":"""",""city"":"""",""state"":""""}","unchanged","false","status_not_public|missing_alias_or_slug|incomplete_listing"
"67c9ead1818d604b84e5a48e","Evettes Beauty Supply Pasadena 2","remaining","","Hair Extensions, Wigs, Cosmetics & Beauty Supply","Beauty, Grooming and Personal Care","","","","","","{""status"":""approved"",""approved"":null,""alias"":""evettes-beauty-supply-pasadena-2"",""slug"":null,""isComplete"":false,""completenessScore"":67,""qualityScore"":null,""isTest"":null,""auditTag"":null,""business_name"":""Evettes Beauty Supply Pasadena 2"",""address"":""1581 E Colorado Blvd, Pasadena, CA 91106"",""city"":"""",""state"":""CA""}","unchanged","false","incomplete_listing"
"67c9ead1818d604b84e5a4a0","The Artform Studio Los Angeles 18","remaining","","Hair Salons, Makeup Artists, Vinyl Records","Beauty, Grooming and Personal Care","","","","","","{""status"":""approved"",""approved"":null,""alias"":""the-artform-studio-los-angeles-18"",""slug"":null,""isComplete"":false,""completenessScore"":67,""qualityScore"":null,""isTest"":null,""auditTag"":null,""business_name"":""The Artform Studio Los Angeles 18"",""address"":""5611 N Figueroa St, Ste 2, Los Angeles, CA 90042"",""city"":"""",""state"":""CA""}","unchanged","false","incomplete_listing"
"67f73dec1d08a04e139a9c1b","ratio cycling","remaining","","Gym, Fitness Health and Wellness","Gym, Fitness Health and Wellness","","","","","","{""status"":""pending"",""approved"":null,""alias"":null,""slug"":null,""isComplete"":true,""completenessScore"":78,""qualityScore"":null,""isTest"":null,""auditTag"":null,""business_name"":""ratio cycling"",""address"":""1306 N Wilton Pl Los Angeles, CA 90028"",""city"":"""",""state"":""CA""}","unchanged","false","status_not_public|missing_alias_or_slug"
"67f73dec1d08a04e139a9c27","royal house of wraps","remaining","","Shopping","Shopping","","","","","","{""status"":""pending"",""approved"":null,""alias"":null,""slug"":null,""isComplete"":false,""completenessScore"":67,""qualityScore"":null,""isTest"":null,""auditTag"":null,""business_name"":""royal house of wraps"",""address"":""1600 Vine St Los Angeles, CA 90028"",""city"":"""",""state"":""CA""}","unchanged","false","status_not_public|missing_alias_or_slug|incomplete_listing"
"67c9ead1818d604b84e5a485","Hair And Makeup By Satis Los Angeles","remaining","","Hair Stylists, Makeup Artists","Beauty, Grooming and Personal Care","","","","","","{""status"":""approved"",""approved"":null,""alias"":""hair-and-makeup-by-satis-los-angeles"",""slug"":null,""isComplete"":false,""completenessScore"":67,""qualityScore"":null,""isTest"":null,""auditTag"":null,""business_name"":""Hair And Makeup By Satis Los Angeles"",""address"":""15600 Mulholland Dr, Apt A, Los Angeles, CA 90077"",""city"":"""",""state"":""CA""}","unchanged","false","incomplete_listing"
"67c9ead1818d604b84e5a4a4","Airport Royal Cuisine Inglewood","remaining","","Restaurants","Restaurants","","","","","","{""status"":""pending"",""approved"":null,""alias"":""airport-royal-cuisine-inglewood"",""slug"":null,""isComplete"":false,""completenessScore"":56,""qualityScore"":null,""isTest"":null,""auditTag"":null,""business_name"":""Airport Royal Cuisine Inglewood"",""address"":""4956 West Century Blvd Ste 10B Inglewood, CA 90304"",""city"":"""",""state"":""CA""}","unchanged","false","status_not_public|incomplete_listing"
"67c9ead1818d604b84e5a4b0","Adams Coffee Shop Los Angeles","remaining","","Restaurants","Restaurants","","","","","","{""status"":""pending"",""approved"":null,""alias"":""adams-coffee-shop-los-angeles"",""slug"":null,""isComplete"":false,""completenessScore"":44,""qualityScore"":null,""isTest"":null,""auditTag"":null,""business_name"":""Adams Coffee Shop Los Angeles"",""address"":""5357 W Adams Blvd Los Angeles, CA 90016"",""city"":"""",""state"":""CA""}","unchanged","false","status_not_public|incomplete_listing"
"67f73dec1d08a04e139a9c23","robert earl's bbq","remaining","","Restaurants","Restaurants","","","","","","{""status"":""pending"",""approved"":null,""alias"":null,""slug"":null,""isComplete"":false,""completenessScore"":67,""qualityScore"":null,""isTest"":null,""auditTag"":null,""business_name"":""robert earl's bbq"",""address"":""703 E Artesia Blvd Long Beach, CA 90805"",""city"":"""",""state"":""CA""}","unchanged","false","status_not_public|missing_alias_or_slug|incomplete_listing"
"67c9ead1818d604b84e5a4a9","5 Star Kitchen Los Angeles","remaining","","Restaurants","Restaurants","","","","","","{""status"":""pending"",""approved"":null,""alias"":""5-star-kitchen-los-angeles"",""slug"":null,""isComplete"":false,""completenessScore"":56,""qualityScore"":null,""isTest"":null,""auditTag"":null,""business_name"":""5 Star Kitchen Los Angeles"",""address"":""2205 W Vernon Ave Los Angeles, CA 90008"",""city"":"""",""state"":""CA""}","unchanged","false","status_not_public|incomplete_listing"
"67f73dec1d08a04e139a9c22","reparations club","remaining","","Shopping","Shopping","","","","","","{""status"":""pending"",""approved"":null,""alias"":null,""slug"":null,""isComplete"":true,""completenessScore"":78,""qualityScore"":null,""isTest"":null,""auditTag"":null,""business_name"":""reparations club"",""address"":""4636 W Washington Blvd Los Angeles, CA 90016"",""city"":"""",""state"":""CA""}","unchanged","false","status_not_public|missing_alias_or_slug"
"67c9ead1818d604b84e5a483","Jilly Does My Hair Los Angeles 10","remaining","","Hair Stylists, Hair Extensions","Beauty, Grooming and Personal Care","","","","","","{""status"":""approved"",""approved"":null,""alias"":""jilly-does-my-hair-los-angeles-10"",""slug"":null,""isComplete"":false,""completenessScore"":67,""qualityScore"":null,""isTest"":null,""auditTag"":null,""business_name"":""Jilly Does My Hair Los Angeles 10"",""address"":""2149 W Manchester Blvd, Los Angeles, CA 90047"",""city"":"""",""state"":""CA""}","unchanged","false","incomplete_listing"
"67c9ead1818d604b84e5a48a","Mirage Camille Northridge","remaining","","Hair Salons","Beauty, Grooming and Personal Care","","","","","","{""status"":""pending"",""approved"":null,""alias"":""mirage-camille-northridge"",""slug"":null,""isComplete"":false,""completenessScore"":67,""qualityScore"":null,""isTest"":null,""auditTag"":null,""business_name"":""Mirage Camille Northridge"",""address"":""Northridge, CA 91325"",""city"":"""",""state"":""CA""}","unchanged","false","status_not_public|incomplete_listing"
"67c9ead1818d604b84e5a492","Waxing By Inez Los Angeles 3","remaining","","Waxing, Day Spas","Beauty, Grooming and Personal Care","","","","","","{""status"":""pending"",""approved"":null,""alias"":""waxing-by-inez-los-angeles-3"",""slug"":null,""isComplete"":false,""completenessScore"":67,""qualityScore"":null,""isTest"":null,""auditTag"":null,""business_name"":""Waxing By Inez Los Angeles 3"",""address"":""1250 N La Brea, Ste 102, Los Angeles, CA 90046"",""city"":"""",""state"":""CA""}","unchanged","false","status_not_public|incomplete_listing"
"67c9ead1818d604b84e5a49d","Executivecuts Los Angeles","remaining","","Barbershop","Beauty, Grooming and Personal Care","","","","","","{""status"":""pending"",""approved"":null,""alias"":""executivecuts-los-angeles"",""slug"":null,""isComplete"":false,""completenessScore"":67,""qualityScore"":null,""isTest"":null,""auditTag"":null,""business_name"":""Executivecuts Los Angeles"",""address"":""5362 W Pico Blvd, Los Angeles, CA 90019"",""city"":"""",""state"":""CA""}","unchanged","false","status_not_public|incomplete_listing"
"67c9ead1818d604b84e5a48d","Temple Beauty Supply Carson 2","remaining","","Cosmetics & Beauty Supply","Beauty, Grooming and Personal Care","","","","","","{""status"":""approved"",""approved"":null,""alias"":""temple-beauty-supply-carson-2"",""slug"":null,""isComplete"":false,""completenessScore"":67,""qualityScore"":null,""isTest"":null,""auditTag"":null,""business_name"":""Temple Beauty Supply Carson 2"",""address"":""17531 S Central Ave, Ste D & E, Carson, CA 90746"",""city"":"""",""state"":""CA""}","unchanged","false","incomplete_listing"
"67c9ead1818d604b84e5a4b5","African American Firefighter Museum Los Angeles","remaining","","Museums, Cultural Institutions, and Shared Spaces","Museums, Cultural Institutions, and Shared Spaces","","","","","","{""status"":""approved"",""approved"":null,""alias"":""african-american-firefighter-museum-los-angeles"",""slug"":null,""isComplete"":false,""completenessScore"":67,""qualityScore"":null,""isTest"":null,""auditTag"":null,""business_name"":""African American Firefighter Museum Los Angeles"",""address"":""1401 S Central Ave Los Angeles, CA 90021"",""city"":"""",""state"":""CA""}","unchanged","false","incomplete_listing"
"67c9ead1818d604b84e5a4a3","27Th Street Bakery Los Angeles","remaining","","Restaurants","Restaurants","","","","","","{""status"":""pending"",""approved"":null,""alias"":""27th-street-bakery-los-angeles"",""slug"":null,""isComplete"":false,""completenessScore"":56,""qualityScore"":null,""isTest"":null,""auditTag"":null,""business_name"":""27Th Street Bakery Los Angeles"",""address"":""2700 S Central Ave Los Angeles, CA 90011"",""city"":"""",""state"":""CA""}","unchanged","false","status_not_public|incomplete_listing"
"67c9ead1818d604b84e5a4ac","A And D Wholesale Vintage Clothing Los Angeles 4","remaining","","Shopping","Shopping","","","","","","{""status"":""approved"",""approved"":null,""alias"":""a-and-d-wholesale-vintage-clothing-los-angeles-4"",""slug"":null,""isComplete"":false,""completenessScore"":67,""qualityScore"":null,""isTest"":null,""auditTag"":null,""business_name"":""A And D Wholesale Vintage Clothing Los Angeles 4"",""address"":""3501 Union Pacific Ave Los Angeles, CA 90023"",""city"":"""",""state"":""CA""}","unchanged","false","incomplete_listing"
"67c9ead1818d604b84e5a4a7","3Stakxs Kitchen Carson","remaining","","Restaurants","Restaurants","","","","","","{""status"":""pending"",""approved"":null,""alias"":""3stakxs-kitchen-carson"",""slug"":null,""isComplete"":false,""completenessScore"":44,""qualityScore"":null,""isTest"":null,""auditTag"":null,""business_name"":""3Stakxs Kitchen Carson"",""address"":""675 E University Dr Carson, CA 90746"",""city"":"""",""state"":""CA""}","unchanged","false","status_not_public|incomplete_listing"
"67f73dec1d08a04e139a9c16","popcorn heaven","remaining","","Restaurants","Restaurants","","","","","","{""status"":""pending"",""approved"":null,""alias"":null,""slug"":null,""isComplete"":false,""completenessScore"":67,""qualityScore"":null,""isTest"":null,""auditTag"":null,""business_name"":""popcorn heaven"",""address"":""1000 Universal City Dr Ste 188 Universal City, CA 91608"",""city"":"""",""state"":""CA""}","unchanged","false","status_not_public|missing_alias_or_slug|incomplete_listing"
"67c9ead1818d604b84e5a48c","Cloud9 Beauty Bar Long Beach","remaining","","Eyelash Service, Nail Salons, Hair Salons","Beauty, Grooming and Personal Care","","","","","","{""status"":""approved"",""approved"":null,""alias"":""cloud9-beauty-bar-long-beach"",""slug"":null,""isComplete"":false,""completenessScore"":67,""qualityScore"":null,""isTest"":null,""auditTag"":null,""business_name"":""Cloud9 Beauty Bar Long Beach"",""address"":""2726 E 10th St, Long Beach, CA 90804"",""city"":"""",""state"":""CA""}","unchanged","false","incomplete_listing"
"67c9ead1818d604b84e5a4aa","","remaining","","Shopping","Shopping","","","","","","{""status"":""pending"",""approved"":null,""alias"":null,""slug"":null,""isComplete"":false,""completenessScore"":22,""qualityScore"":null,""isTest"":null,""auditTag"":null,""business_name"":"""",""address"":"""",""city"":"""",""state"":""""}","unchanged","false","status_not_public|missing_alias_or_slug|incomplete_listing"
"67c9ead1818d604b84e5a4ae","Ackee Bamboo Jamaican Cuisine Los Angeles","remaining","","Restaurants","Restaurants","","","","","","{""status"":""approved"",""approved"":null,""alias"":""ackee-bamboo-jamaican-cuisine-los-angeles"",""slug"":null,""isComplete"":false,""completenessScore"":67,""qualityScore"":null,""isTest"":null,""auditTag"":null,""business_name"":""Ackee Bamboo Jamaican Cuisine Los Angeles"",""address"":""4305 Degnan Blvd Ste 100 Los Angeles, CA 90008"",""city"":"""",""state"":""CA""}","unchanged","false","incomplete_listing"
"67c9ead1818d604b84e5a4b7","Alta West Adams Los Angeles","remaining","","Restaurants","Restaurants","","","","","","{""status"":""pending"",""approved"":null,""alias"":""alta-west-adams-los-angeles"",""slug"":null,""isComplete"":false,""completenessScore"":56,""qualityScore"":null,""isTest"":null,""auditTag"":null,""business_name"":""Alta West Adams Los Angeles"",""address"":""5359 West Adams Blvd Los Angeles, CA 90016"",""city"":"""",""state"":""CA""}","unchanged","false","status_not_public|incomplete_listing"
"67f73dec1d08a04e139a9c18","poppy + rose","remaining","","Restaurants","Restaurants","","","","","","{""status"":""pending"",""approved"":null,""alias"":null,""slug"":null,""isComplete"":false,""completenessScore"":67,""qualityScore"":null,""isTest"":null,""auditTag"":null,""business_name"":""poppy + rose"",""address"":""765 Wall St Los Angeles, CA 90014"",""city"":"""",""state"":""CA""}","unchanged","false","status_not_public|missing_alias_or_slug|incomplete_listing"
"67c9ead1818d604b84e5a486","All Kindz Hair Care Compton","remaining","","Hair Salons","Beauty, Grooming and Personal Care","","","","","","{""status"":""pending"",""approved"":null,""alias"":""all-kindz-hair-care-compton"",""slug"":null,""isComplete"":false,""completenessScore"":67,""qualityScore"":null,""isTest"":null,""auditTag"":null,""business_name"":""All Kindz Hair Care Compton"",""address"":""325 E Compton Blvd, Compton, CA 90221"",""city"":"""",""state"":""CA""}","unchanged","false","status_not_public|incomplete_listing"
"67c9ead1818d604b84e5a496","Freshcuts Barber And Beauty Salon Los Angeles 2","remaining","","Barbershop","Beauty, Grooming and Personal Care","","","","","","{""status"":""pending"",""approved"":null,""alias"":""freshcuts-barber-and-beauty-salon-los-angeles-2"",""slug"":null,""isComplete"":false,""completenessScore"":67,""qualityScore"":null,""isTest"":null,""auditTag"":null,""business_name"":""Freshcuts Barber And Beauty Salon Los Angeles 2"",""address"":""3620 W Jefferson Blvd, Los Angeles, CA 90016"",""city"":"""",""state"":""CA""}","unchanged","false","status_not_public|incomplete_listing"
"67c9ead1818d604b84e5a49a","Fresh Cuts Barber Tarzana","remaining","","Barbershop","Beauty, Grooming and Personal Care","","","","","","{""status"":""pending"",""approved"":null,""alias"":""fresh-cuts-barber-tarzana"",""slug"":null,""isComplete"":false,""completenessScore"":67,""qualityScore"":null,""isTest"":null,""auditTag"":null,""business_name"":""Fresh Cuts Barber Tarzana"",""address"":""19458 Ventura Blvd, Tarzana, CA 91356"",""city"":"""",""state"":""CA""}","unchanged","false","status_not_public|incomplete_listing"
"67c9ead1818d604b84e5a4a1","F8Des Los Angeles","remaining","","Hair Salons","Beauty, Grooming and Personal Care","","","","","","{""status"":""pending"",""approved"":null,""alias"":""f8des-los-angeles"",""slug"":null,""isComplete"":false,""completenessScore"":67,""qualityScore"":null,""isTest"":null,""auditTag"":null,""business_name"":""F8Des Los Angeles"",""address"":""1051 Glendon Ave,, Suite 108, Los Angeles, CA 90024"",""city"":"""",""state"":""CA""}","unchanged","false","status_not_public|incomplete_listing"
"67c9ead1818d604b84e5a4a2","Lee Salon Pasadena Pasadena","remaining","","Hair Salons, Skin Care, Eyelash Service","Beauty, Grooming and Personal Care","","","","","","{""status"":""approved"",""approved"":null,""alias"":""lee-salon-pasadena-pasadena"",""slug"":null,""isComplete"":false,""completenessScore"":67,""qualityScore"":null,""isTest"":null,""auditTag"":null,""business_name"":""Lee Salon Pasadena Pasadena"",""address"":""573 S Lake Ave, Ste 1, Pasadena, CA 91101"",""city"":"""",""state"":""CA""}","unchanged","false","incomplete_listing"
"67c9ead1818d604b84e5a4b9","","remaining","","Shopping","Shopping","","","","","","{""status"":""pending"",""approved"":null,""alias"":null,""slug"":null,""isComplete"":false,""completenessScore"":56,""qualityScore"":null,""isTest"":null,""auditTag"":null,""business_name"":"""",""address"":""4725 W Washington Blvd, Los Angeles, CA 90016"",""city"":"""",""state"":""CA""}","unchanged","false","status_not_public|missing_alias_or_slug|incomplete_listing"
"67c9ead1818d604b84e5a489","Blessed Beauty Supply Glendale","remaining","","Cosmetics & Beauty Supply, Hair Extensions","Beauty, Grooming and Personal Care","","","","","","{""status"":""approved"",""approved"":null,""alias"":""blessed-beauty-supply-glendale"",""slug"":null,""isComplete"":false,""completenessScore"":67,""qualityScore"":null,""isTest"":null,""auditTag"":null,""business_name"":""Blessed Beauty Supply Glendale"",""address"":""413 S Central Ave, Glendale, CA 91204"",""city"":"""",""state"":""CA""}","unchanged","false","incomplete_listing"
"67c9ead1818d604b84e5a4b4","","remaining","","Shopping","Shopping","","","","","","{""status"":""pending"",""approved"":null,""alias"":null,""slug"":null,""isComplete"":false,""completenessScore"":44,""qualityScore"":null,""isTest"":null,""auditTag"":null,""business_name"":"""",""address"":""4705 Melrose Ave Los Angeles, CA 90029"",""city"":"""",""state"":""CA""}","unchanged","false","status_not_public|missing_alias_or_slug|incomplete_listing"
"67f73dec1d08a04e139a9b05","breegan jane","remaining","","Services","Services","","","","","","{""status"":""pending"",""approved"":null,""alias"":null,""slug"":null,""isComplete"":false,""completenessScore"":44,""qualityScore"":null,""isTest"":null,""auditTag"":null,""business_name"":""breegan jane"",""address"":"""",""city"":"""",""state"":""""}","unchanged","false","status_not_public|missing_alias_or_slug|incomplete_listing"
"67f73dec1d08a04e139a9afa","bonnie b's smokin bbq heaven","remaining","","Restaurants","Restaurants","","","","","","{""status"":""pending"",""approved"":null,""alias"":null,""slug"":null,""isComplete"":false,""completenessScore"":67,""qualityScore"":null,""isTest"":null,""auditTag"":null,""business_name"":""bonnie b's smokin bbq heaven"",""address"":""1280 N Lake Ave Pasadena, CA 91104"",""city"":"""",""state"":""CA""}","unchanged","false","status_not_public|missing_alias_or_slug|incomplete_listing"
"67f73dec1d08a04e139a9afe","brandoni pepperoni","remaining","","Restaurants","Restaurants","","","","","","{""status"":""pending"",""approved"":null,""alias"":null,""slug"":null,""isComplete"":true,""completenessScore"":78,""qualityScore"":null,""isTest"":null,""auditTag"":null,""business_name"":""brandoni pepperoni"",""address"":""7100 Santa Monica Blvd West Hollywood, CA 90046"",""city"":"""",""state"":""CA""}","unchanged","false","status_not_public|missing_alias_or_slug"
"67f73dec1d08a04e139a9b35","d's original take out grill","remaining","","Restaurants","Restaurants","","","","","","{""status"":""pending"",""approved"":null,""alias"":null,""slug"":null,""isComplete"":false,""completenessScore"":67,""qualityScore"":null,""isTest"":null,""auditTag"":null,""business_name"":""d's original take out grill"",""address"":""7873 S Western Ave Los Angeles, CA 90047"",""city"":"""",""state"":""CA""}","unchanged","false","status_not_public|missing_alias_or_slug|incomplete_listing"
"67f73dec1d08a04e139a9b3f","colony","remaining","","Restaurants","Restaurants","","","","","","{""status"":""pending"",""approved"":null,""alias"":null,""slug"":null,""isComplete"":true,""completenessScore"":78,""qualityScore"":null,""isTest"":null,""auditTag"":null,""business_name"":""colony"",""address"":""11419 Santa Monica Blvd Los Angeles, CA 90025"",""city"":"""",""state"":""CA""}","unchanged","false","status_not_public|missing_alias_or_slug"
"67c9ead1818d604b84e5a4bd","","remaining","","Restaurants","Restaurants","","","","","","{""status"":""pending"",""approved"":null,""alias"":null,""slug"":null,""isComplete"":false,""completenessScore"":22,""qualityScore"":null,""isTest"":null,""auditTag"":null,""business_name"":"""",""address"":"""",""city"":"""",""state"":""""}","unchanged","false","status_not_public|missing_alias_or_slug|incomplete_listing"
"67f73dec1d08a04e139a9ac5","a beautiful life","remaining","","Restaurants","Restaurants","","","","","","{""status"":""pending"",""approved"":null,""alias"":null,""slug"":null,""isComplete"":false,""completenessScore"":67,""qualityScore"":null,""isTest"":null,""auditTag"":null,""business_name"":""a beautiful life"",""address"":""216 S Spring St Los Angeles, CA 90012"",""city"":"""",""state"":""CA""}","unchanged","false","status_not_public|missing_alias_or_slug|incomplete_listing"
"67f73dec1d08a04e139a9b03","black cat bbq","remaining","","Restaurants","Restaurants","","","","","","{""status"":""pending"",""approved"":null,""alias"":null,""slug"":null,""isComplete"":false,""completenessScore"":67,""qualityScore"":null,""isTest"":null,""auditTag"":null,""business_name"":""black cat bbq"",""address"":""Los Angeles, CA 90032"",""city"":"""",""state"":""CA""}","unchanged","false","status_not_public|missing_alias_or_slug|incomplete_listing"
"67f73dec1d08a04e139a9b10","café ruisseau","remaining","","Restaurants","Restaurants","","","","","","{""status"":""pending"",""approved"":null,""alias"":null,""slug"":null,""isComplete"":true,""completenessScore"":78,""qualityScore"":null,""isTest"":null,""auditTag"":null,""business_name"":""café ruisseau"",""address"":""12150 Millennium Dr Los Angeles, CA 90094"",""city"":"""",""state"":""CA""}","unchanged","false","status_not_public|missing_alias_or_slug"
"67f73dec1d08a04e139a9b11","burkinabaé","remaining","","Shopping","Shopping","","","","","","{""status"":""pending"",""approved"":null,""alias"":null,""slug"":null,""isComplete"":false,""completenessScore"":44,""qualityScore"":null,""isTest"":null,""auditTag"":null,""business_name"":""burkinabaé"",""address"":"""",""city"":"""",""state"":""""}","unchanged","false","status_not_public|missing_alias_or_slug|incomplete_listing"
"67c9ead1818d604b84e5a4ba","","remaining","","Restaurants","Restaurants","","","","","","{""status"":""pending"",""approved"":null,""alias"":null,""slug"":null,""isComplete"":false,""completenessScore"":22,""qualityScore"":null,""isTest"":null,""auditTag"":null,""business_name"":"""",""address"":"""",""city"":"""",""state"":""""}","unchanged","false","status_not_public|missing_alias_or_slug|incomplete_listing"
"67f73dec1d08a04e139a9b86","jr's barbeque","remaining","","Restaurants","Restaurants","","","","","","{""status"":""pending"",""approved"":null,""alias"":null,""slug"":null,""isComplete"":false,""completenessScore"":67,""qualityScore"":null,""isTest"":null,""auditTag"":null,""business_name"":""jr's barbeque"",""address"":""3055 La Cienega Blvd Culver City, CA 90232"",""city"":"""",""state"":""CA""}","unchanged","false","status_not_public|missing_alias_or_slug|incomplete_listing"
"67f73dec1d08a04e139a9be4","pastry by jazymne","remaining","","Restaurants","Restaurants","","","","","","{""status"":""pending"",""approved"":null,""alias"":null,""slug"":null,""isComplete"":false,""completenessScore"":22,""qualityScore"":null,""isTest"":null,""auditTag"":null,""business_name"":""pastry by jazymne"",""address"":"""",""city"":"""",""state"":""""}","unchanged","false","status_not_public|missing_alias_or_slug|incomplete_listing"
"67f73dec1d08a04e139a9c04","patty wack vintage","remaining","","Shopping","Shopping","","","","","","{""status"":""pending"",""approved"":null,""alias"":null,""slug"":null,""isComplete"":false,""completenessScore"":67,""qualityScore"":null,""isTest"":null,""auditTag"":null,""business_name"":""patty wack vintage"",""address"":""1620 Morton Ave Los Angeles, CA 90026"",""city"":"""",""state"":""CA""}","unchanged","false","status_not_public|missing_alias_or_slug|incomplete_listing"
"67f73dec1d08a04e139a9bc2","m & t donuts","remaining","","Restaurants","Restaurants","","","","","","{""status"":""pending"",""approved"":null,""alias"":null,""slug"":null,""isComplete"":false,""completenessScore"":67,""qualityScore"":null,""isTest"":null,""auditTag"":null,""business_name"":""m & t donuts"",""address"":""1601 E 103rd St Ste 5 Los Angeles, CA 90002"",""city"":"""",""state"":""CA""}","unchanged","false","status_not_public|missing_alias_or_slug|incomplete_listing"
"67f73dec1d08a04e139a9c39","skin by liv","remaining","","Shopping","Shopping","","","","","","{""status"":""pending"",""approved"":null,""alias"":null,""slug"":null,""isComplete"":false,""completenessScore"":44,""qualityScore"":null,""isTest"":null,""auditTag"":null,""business_name"":""skin by liv"",""address"":"""",""city"":"""",""state"":""""}","unchanged","false","status_not_public|missing_alias_or_slug|incomplete_listing"
"67f73dec1d08a04e139a9b96","kenneth nicholson","remaining","","Shopping","Shopping","","","","","","{""status"":""pending"",""approved"":null,""alias"":null,""slug"":null,""isComplete"":false,""completenessScore"":44,""qualityScore"":null,""isTest"":null,""auditTag"":null,""business_name"":""kenneth nicholson"",""address"":"""",""city"":"""",""state"":""""}","unchanged","false","status_not_public|missing_alias_or_slug|incomplete_listing"
"67f73dec1d08a04e139a9bed","meals by genet","remaining","","Restaurants","Restaurants","","","","","","{""status"":""pending"",""approved"":null,""alias"":null,""slug"":null,""isComplete"":false,""completenessScore"":67,""qualityScore"":null,""isTest"":null,""auditTag"":null,""business_name"":""meals by genet"",""address"":""1053 S Fairfax Ave Los Angeles, CA 90019"",""city"":"""",""state"":""CA""}","unchanged","false","status_not_public|missing_alias_or_slug|incomplete_listing"
"67f73dec1d08a04e139a9acf","all flavor no grease","remaining","","Restaurants","Restaurants","","","","","","{""status"":""pending"",""approved"":null,""alias"":null,""slug"":null,""isComplete"":true,""completenessScore"":78,""qualityScore"":null,""isTest"":null,""auditTag"":null,""business_name"":""all flavor no grease"",""address"":""728 E 108th St Los Angeles, CA 90059"",""city"":"""",""state"":""CA""}","unchanged","false","status_not_public|missing_alias_or_slug"
"67f73dec1d08a04e139a9ad8","awash restaurant","remaining","","Restaurants","Restaurants","","","","","","{""status"":""pending"",""approved"":null,""alias"":null,""slug"":null,""isComplete"":true,""completenessScore"":78,""qualityScore"":null,""isTest"":null,""auditTag"":null,""business_name"":""awash restaurant"",""address"":""5990 1/2 W Pico Blvd Los Angeles, CA 90035"",""city"":"""",""state"":""CA""}","unchanged","false","status_not_public|missing_alias_or_slug"
"67f73dec1d08a04e139a9aef","big ant's bbq","remaining","","Restaurants","Restaurants","","","","","","{""status"":""pending"",""approved"":null,""alias"":null,""slug"":null,""isComplete"":false,""completenessScore"":67,""qualityScore"":null,""isTest"":null,""auditTag"":null,""business_name"":""big ant's bbq"",""address"":""2207 N San Fernando Rd Los Angeles, CA 90065"",""city"":"""",""state"":""CA""}","unchanged","false","status_not_public|missing_alias_or_slug|incomplete_listing"
"67f73dec1d08a04e139a9ad5","ayda ethiopian restaurant","remaining","","Restaurants","Restaurants","","","","","","{""status"":""pending"",""approved"":null,""alias"":null,""slug"":null,""isComplete"":false,""completenessScore"":67,""qualityScore"":null,""isTest"":null,""auditTag"":null,""business_name"":""ayda ethiopian restaurant"",""address"":""24940 Redlands Blvd Loma Linda, CA 92354"",""city"":"""",""state"":""CA""}","unchanged","false","status_not_public|missing_alias_or_slug|incomplete_listing"
"67f73dec1d08a04e139a9af7","big daddy's kickin' chicken","remaining","","Restaurants","Restaurants","","","","","","{""status"":""pending"",""approved"":null,""alias"":null,""slug"":null,""isComplete"":true,""completenessScore"":78,""qualityScore"":null,""isTest"":null,""auditTag"":null,""business_name"":""big daddy's kickin' chicken"",""address"":""214 E Nutwood St Inglewood, CA 90301"",""city"":"""",""state"":""CA""}","unchanged","false","status_not_public|missing_alias_or_slug"
"67f73dec1d08a04e139a9b07","black bottom southern kitchen","remaining","","Restaurants","Restaurants","","","","","","{""status"":""pending"",""approved"":null,""alias"":null,""slug"":null,""isComplete"":false,""completenessScore"":67,""qualityScore"":null,""isTest"":null,""auditTag"":null,""business_name"":""black bottom southern kitchen"",""address"":""4806 Vineland Ave North Hollywood, CA 91601"",""city"":"""",""state"":""CA""}","unchanged","false","status_not_public|missing_alias_or_slug|incomplete_listing"
"67f73dec1d08a04e139a9bb5","little red hen coffee shop","remaining","","Restaurants","Restaurants","","","","","","{""status"":""pending"",""approved"":null,""alias"":null,""slug"":null,""isComplete"":false,""completenessScore"":67,""qualityScore"":null,""isTest"":null,""auditTag"":null,""business_name"":""little red hen coffee shop"",""address"":""2697 Fair Oaks Ave Altadena, CA 91001"",""city"":"""",""state"":""CA""}","unchanged","false","status_not_public|missing_alias_or_slug|incomplete_listing"
"67f73dec1d08a04e139a9be1","nail dega","remaining","","Beauty, Grooming and Personal Care","Beauty, Grooming and Personal Care","","","","","","{""status"":""pending"",""approved"":null,""alias"":null,""slug"":null,""isComplete"":true,""completenessScore"":78,""qualityScore"":null,""isTest"":null,""auditTag"":null,""business_name"":""nail dega"",""address"":""8460 Crenshaw Blvd Inglewood, CA 90305"",""city"":"""",""state"":""CA""}","unchanged","false","status_not_public|missing_alias_or_slug"
"67f73dec1d08a04e139a9c09","phatdaddy's","remaining","","Restaurants","Restaurants","","","","","","{""status"":""pending"",""approved"":null,""alias"":null,""slug"":null,""isComplete"":false,""completenessScore"":67,""qualityScore"":null,""isTest"":null,""auditTag"":null,""business_name"":""phatdaddy's"",""address"":""2312 1/2 W 48th St Los Angeles, CA 90043"",""city"":"""",""state"":""CA""}","unchanged","false","status_not_public|missing_alias_or_slug|incomplete_listing"
"67f73dec1d08a04e139a9c12","queen boutique","remaining","","Event Planning","Event Planning","","","","","","{""status"":""pending"",""approved"":null,""alias"":null,""slug"":null,""isComplete"":true,""completenessScore"":78,""qualityScore"":null,""isTest"":null,""auditTag"":null,""business_name"":""queen boutique"",""address"":""912 S Santee St Los Angeles, CA 90015"",""city"":"""",""state"":""CA""}","unchanged","false","status_not_public|missing_alias_or_slug"
"67f73dec1d08a04e139a9ae8","barsha","remaining","","Restaurants","Restaurants","","","","","","{""status"":""pending"",""approved"":null,""alias"":null,""slug"":null,""isComplete"":false,""completenessScore"":67,""qualityScore"":null,""isTest"":null,""auditTag"":null,""business_name"":""barsha"",""address"":""1141 Aviation Blvd Hermosa Beach, CA 90254"",""city"":"""",""state"":""CA""}","unchanged","false","status_not_public|missing_alias_or_slug|incomplete_listing"
"67f73dec1d08a04e139a9af8","bo daddy's bbq","remaining","","Restaurants","Restaurants","","","","","","{""status"":""pending"",""approved"":null,""alias"":null,""slug"":null,""isComplete"":false,""completenessScore"":67,""qualityScore"":null,""isTest"":null,""auditTag"":null,""business_name"":""bo daddy's bbq"",""address"":""1415 S Hill St Los Angeles, CA 90015"",""city"":"""",""state"":""CA""}","unchanged","false","status_not_public|missing_alias_or_slug|incomplete_listing"
"67f73dec1d08a04e139a9b3c","dime nails","remaining","","Beauty, Grooming and Personal Care","Beauty, Grooming and Personal Care","","","","","","{""status"":""pending"",""approved"":null,""alias"":null,""slug"":null,""isComplete"":false,""completenessScore"":67,""qualityScore"":null,""isTest"":null,""auditTag"":null,""business_name"":""dime nails"",""address"":""1086 S Fairfax Ave Los Angeles, CA 90019"",""city"":"""",""state"":""CA""}","unchanged","false","status_not_public|missing_alias_or_slug|incomplete_listing"
"67f73dec1d08a04e139a9b5b","freaky fruit pizza","remaining","","Restaurants","Restaurants","","","","","","{""status"":""pending"",""approved"":null,""alias"":null,""slug"":null,""isComplete"":false,""completenessScore"":67,""qualityScore"":null,""isTest"":null,""auditTag"":null,""business_name"":""freaky fruit pizza"",""address"":""8301 S Western Los Angeles, CA 90047"",""city"":"""",""state"":""CA""}","unchanged","false","status_not_public|missing_alias_or_slug|incomplete_listing"
"67f73dec1d08a04e139a9b76","hyperion public","remaining","","Nightlife","Nightlife","","","","","","{""status"":""pending"",""approved"":null,""alias"":null,""slug"":null,""isComplete"":true,""completenessScore"":78,""qualityScore"":null,""isTest"":null,""auditTag"":null,""business_name"":""hyperion public"",""address"":""2538 Hyperion Ave Los Angeles, CA 90027"",""city"":"""",""state"":""CA""}","unchanged","false","status_not_public|missing_alias_or_slug"
"67f73dec1d08a04e139a9b17","california african american museum (caam)","remaining","","Museums, Cultural Institutions, and Shared Spaces","Museums, Cultural Institutions, and Shared Spaces","","","","","","{""status"":""pending"",""approved"":null,""alias"":null,""slug"":null,""isComplete"":true,""completenessScore"":78,""qualityScore"":null,""isTest"":null,""auditTag"":null,""business_name"":""california african american museum (caam)"",""address"":""600 State Dr Los Angeles, CA 90037"",""city"":"""",""state"":""CA""}","unchanged","false","status_not_public|missing_alias_or_slug"
"67f73dec1d08a04e139a9bc9","mama's chicken and market","remaining","","Restaurants","Restaurants","","","","","","{""status"":""pending"",""approved"":null,""alias"":null,""slug"":null,""isComplete"":false,""completenessScore"":67,""qualityScore"":null,""isTest"":null,""auditTag"":null,""business_name"":""mama's chicken and market"",""address"":""2510 W Slauson Ave Los Angeles, CA 90043"",""city"":"""",""state"":""CA""}","unchanged","false","status_not_public|missing_alias_or_slug|incomplete_listing"
"67f73dec1d08a04e139a9bf3","offerings","remaining","","Gym, Fitness Health and Wellness","Gym, Fitness Health and Wellness","","","","","","{""status"":""pending"",""approved"":null,""alias"":null,""slug"":null,""isComplete"":false,""completenessScore"":44,""qualityScore"":null,""isTest"":null,""auditTag"":null,""business_name"":""offerings"",""address"":"""",""city"":"""",""state"":""""}","unchanged","false","status_not_public|missing_alias_or_slug|incomplete_listing"
"67f73dec1d08a04e139a9ae4","bakedt gourmet goods","remaining","","Restaurants","Restaurants","","","","","","{""status"":""pending"",""approved"":null,""alias"":null,""slug"":null,""isComplete"":false,""completenessScore"":33,""qualityScore"":null,""isTest"":null,""auditTag"":null,""business_name"":""bakedt gourmet goods"",""address"":"""",""city"":"""",""state"":""""}","unchanged","false","status_not_public|missing_alias_or_slug|incomplete_listing"
"67f73dec1d08a04e139a9b0e","buna ethiopian restaurant & market","remaining","","Restaurants","Restaurants","","","","","","{""status"":""pending"",""approved"":null,""alias"":null,""slug"":null,""isComplete"":false,""completenessScore"":67,""qualityScore"":null,""isTest"":null,""auditTag"":null,""business_name"":""buna ethiopian restaurant & market"",""address"":""1034 S Fairfax Ave Los Angeles, CA 90019"",""city"":"""",""state"":""CA""}","unchanged","false","status_not_public|missing_alias_or_slug|incomplete_listing"
"67f73dec1d08a04e139a9b5a","fraiche signatures","remaining","","Restaurants","Restaurants","","","","","","{""status"":""pending"",""approved"":null,""alias"":null,""slug"":null,""isComplete"":false,""completenessScore"":56,""qualityScore"":null,""isTest"":null,""auditTag"":null,""business_name"":""fraiche signatures"",""address"":""4807 W Adams Blvd Los Angeles, CA 90016"",""city"":"""",""state"":""CA""}","unchanged","false","status_not_public|missing_alias_or_slug|incomplete_listing"
"67f73dec1d08a04e139a9bcb","megan renee","remaining","","Shopping","Shopping","","","","","","{""status"":""pending"",""approved"":null,""alias"":null,""slug"":null,""isComplete"":false,""completenessScore"":44,""qualityScore"":null,""isTest"":null,""auditTag"":null,""business_name"":""megan renee"",""address"":"""",""city"":"""",""state"":""""}","unchanged","false","status_not_public|missing_alias_or_slug|incomplete_listing"
"67f73dec1d08a04e139a9bd5","mom's haus","remaining","","Restaurants","Restaurants","","","","","","{""status"":""pending"",""approved"":null,""alias"":null,""slug"":null,""isComplete"":false,""completenessScore"":56,""qualityScore"":null,""isTest"":null,""auditTag"":null,""business_name"":""mom's haus"",""address"":""14062 Vanowen St Van Nuys, CA 91405"",""city"":"""",""state"":""CA""}","unchanged","false","status_not_public|missing_alias_or_slug|incomplete_listing"
"67f73dec1d08a04e139a9c00","ozi's kitchen","remaining","","Restaurants","Restaurants","","","","","","{""status"":""pending"",""approved"":null,""alias"":null,""slug"":null,""isComplete"":false,""completenessScore"":44,""qualityScore"":null,""isTest"":null,""auditTag"":null,""business_name"":""ozi's kitchen"",""address"":""1403 W 11th St Los Angeles, CA 90015"",""city"":"""",""state"":""CA""}","unchanged","false","status_not_public|missing_alias_or_slug|incomplete_listing"
"67f73dec1d08a04e139a9c2e","rec room","remaining","","Nightlife","Nightlife","","","","","","{""status"":""pending"",""approved"":null,""alias"":null,""slug"":null,""isComplete"":true,""completenessScore"":78,""qualityScore"":null,""isTest"":null,""auditTag"":null,""business_name"":""rec room"",""address"":""7227 Edinger Ave Huntington Beach, CA 92647"",""city"":"""",""state"":""CA""}","unchanged","false","status_not_public|missing_alias_or_slug"
"67f73dec1d08a04e139a9b8b","janga by derrick's jamaican cuisine","remaining","","Restaurants","Restaurants","","","","","","{""status"":""pending"",""approved"":null,""alias"":null,""slug"":null,""isComplete"":false,""completenessScore"":67,""qualityScore"":null,""isTest"":null,""auditTag"":null,""business_name"":""janga by derrick's jamaican cuisine"",""address"":""3850 Main St Culver City, CA 90232"",""city"":"""",""state"":""CA""}","unchanged","false","status_not_public|missing_alias_or_slug|incomplete_listing"
"67f73dec1d08a04e139a9b92","keith's kettle corn","remaining","","Restaurants","Restaurants","","","","","","{""status"":""pending"",""approved"":null,""alias"":null,""slug"":null,""isComplete"":false,""completenessScore"":67,""qualityScore"":null,""isTest"":null,""auditTag"":null,""business_name"":""keith's kettle corn"",""address"":""200 W Foothill Blvd Ste 3 Azusa, CA 91702"",""city"":"""",""state"":""CA""}","unchanged","false","status_not_public|missing_alias_or_slug|incomplete_listing"
"67f73dec1d08a04e139a9bad","leberry bakery","remaining","","Restaurants","Restaurants","","","","","","{""status"":""pending"",""approved"":null,""alias"":null,""slug"":null,""isComplete"":false,""completenessScore"":67,""qualityScore"":null,""isTest"":null,""auditTag"":null,""business_name"":""leberry bakery"",""address"":""445 E Colorado Blvd Pasadena, CA 91101"",""city"":"""",""state"":""CA""}","unchanged","false","status_not_public|missing_alias_or_slug|incomplete_listing"
"67f73dec1d08a04e139a9c3a","smok n joe's chili","remaining","","Restaurants","Restaurants","","","","","","{""status"":""pending"",""approved"":null,""alias"":null,""slug"":null,""isComplete"":false,""completenessScore"":44,""qualityScore"":null,""isTest"":null,""auditTag"":null,""business_name"":""smok n joe's chili"",""address"":"""",""city"":"""",""state"":""""}","unchanged","false","status_not_public|missing_alias_or_slug|incomplete_listing"
"67f73dec1d08a04e139a9b6c","grilled fraiche hyde park los-angeles","remaining","","Restaurants","Restaurants","","","","","","{""status"":""pending"",""approved"":null,""alias"":null,""slug"":null,""isComplete"":true,""completenessScore"":78,""qualityScore"":null,""isTest"":null,""auditTag"":null,""business_name"":""grilled fraiche hyde park los-angeles"",""address"":""5800 W Blvd Los Angeles, CA 90043"",""city"":"""",""state"":""CA""}","unchanged","false","status_not_public|missing_alias_or_slug"
"67f73dec1d08a04e139a9bd6","millers room","remaining","","Shopping","Shopping","","","","","","{""status"":""pending"",""approved"":null,""alias"":null,""slug"":null,""isComplete"":false,""completenessScore"":44,""qualityScore"":null,""isTest"":null,""auditTag"":null,""business_name"":""millers room"",""address"":"""",""city"":"""",""state"":""""}","unchanged","false","status_not_public|missing_alias_or_slug|incomplete_listing"
"67f73dec1d08a04e139a9bdb","melnificent wingz","remaining","","Restaurants","Restaurants","","","","","","{""status"":""pending"",""approved"":null,""alias"":null,""slug"":null,""isComplete"":false,""completenessScore"":67,""qualityScore"":null,""isTest"":null,""auditTag"":null,""business_name"":""melnificent wingz"",""address"":""12021 Allegheny St Sun Valley, CA 91352"",""city"":"""",""state"":""CA""}","unchanged","false","status_not_public|missing_alias_or_slug|incomplete_listing"
"67f73dec1d08a04e139a9c0a","phat & juicy burgers","remaining","","Restaurants","Restaurants","","","","","","{""status"":""pending"",""approved"":null,""alias"":null,""slug"":null,""isComplete"":false,""completenessScore"":67,""qualityScore"":null,""isTest"":null,""auditTag"":null,""business_name"":""phat & juicy burgers"",""address"":""1580 Centinela Ave Ste 4 Inglewood, CA 90302"",""city"":"""",""state"":""CA""}","unchanged","false","status_not_public|missing_alias_or_slug|incomplete_listing"
"67f73dec1d08a04e139a9c3b","sika","remaining","","Museums, Cultural Institutions, and Shared Spaces","Museums, Cultural Institutions, and Shared Spaces","","","","","","{""status"":""pending"",""approved"":null,""alias"":null,""slug"":null,""isComplete"":true,""completenessScore"":78,""qualityScore"":null,""isTest"":null,""auditTag"":null,""business_name"":""sika"",""address"":""4330 Degnan Blvd Los Angeles, CA 90008"",""city"":"""",""state"":""CA""}","unchanged","false","status_not_public|missing_alias_or_slug"
"67f73dec1d08a04e139a9b0c","bychari","remaining","","Shopping","Shopping","","","","","","{""status"":""pending"",""approved"":null,""alias"":null,""slug"":null,""isComplete"":false,""completenessScore"":67,""qualityScore"":null,""isTest"":null,""auditTag"":null,""business_name"":""bychari"",""address"":""600 S Spring St Los Angeles, CA 90014"",""city"":"""",""state"":""CA""}","unchanged","false","status_not_public|missing_alias_or_slug|incomplete_listing"
"67f73dec1d08a04e139a9b7e","harold's chicken","remaining","","Nightlife","Nightlife","","","","","","{""status"":""pending"",""approved"":null,""alias"":null,""slug"":null,""isComplete"":false,""completenessScore"":67,""qualityScore"":null,""isTest"":null,""auditTag"":null,""business_name"":""harold's chicken"",""address"":""6523 Hollywood Blvd Los Angeles, CA 90028"",""city"":"""",""state"":""CA""}","unchanged","false","status_not_public|missing_alias_or_slug|incomplete_listing"
"67f73dec1d08a04e139a9c1c","r kitchen soul food","remaining","","Restaurants","Restaurants","","","","","","{""status"":""pending"",""approved"":null,""alias"":null,""slug"":null,""isComplete"":false,""completenessScore"":56,""qualityScore"":null,""isTest"":null,""auditTag"":null,""business_name"":""r kitchen soul food"",""address"":""5253 Paramount Blvd Lakewood, CA 90712"",""city"":"""",""state"":""CA""}","unchanged","false","status_not_public|missing_alias_or_slug|incomplete_listing"
"67f73dec1d08a04e139a9c21","roam vintage","remaining","","Shopping","Shopping","","","","","","{""status"":""pending"",""approved"":null,""alias"":null,""slug"":null,""isComplete"":false,""completenessScore"":67,""qualityScore"":null,""isTest"":null,""auditTag"":null,""business_name"":""roam vintage"",""address"":""2959 Potomac Ave Los Angeles, CA 90016"",""city"":"""",""state"":""CA""}","unchanged","false","status_not_public|missing_alias_or_slug|incomplete_listing"
"67f73dec1d08a04e139a9c01","patria coffee","remaining","","Restaurants","Restaurants","","","","","","{""status"":""pending"",""approved"":null,""alias"":null,""slug"":null,""isComplete"":false,""completenessScore"":67,""qualityScore"":null,""isTest"":null,""auditTag"":null,""business_name"":""patria coffee"",""address"":""108 N Alameda St E Compton, CA 90221"",""city"":"""",""state"":""CA""}","unchanged","false","status_not_public|missing_alias_or_slug|incomplete_listing"
"67f73dec1d08a04e139a9c19","pucker up lemonade company","remaining","","Restaurants","Restaurants","","","","","","{""status"":""pending"",""approved"":null,""alias"":null,""slug"":null,""isComplete"":false,""completenessScore"":67,""qualityScore"":null,""isTest"":null,""auditTag"":null,""business_name"":""pucker up lemonade company"",""address"":""723 E Compton Blvd Compton, CA 90221"",""city"":"""",""state"":""CA""}","unchanged","false","status_not_public|missing_alias_or_slug|incomplete_listing"
"67f73dec1d08a04e139a9abd","27th street bakery","remaining","","Restaurants","Restaurants","","","","","","{""status"":""pending"",""approved"":null,""alias"":null,""slug"":null,""isComplete"":false,""completenessScore"":67,""qualityScore"":null,""isTest"":null,""auditTag"":null,""business_name"":""27th street bakery"",""address"":""2700 S Central Ave Los Angeles, CA 90011"",""city"":"""",""state"":""CA""}","unchanged","false","status_not_public|missing_alias_or_slug|incomplete_listing"
"67f73dec1d08a04e139a9acb","agnes baddoo","remaining","","Shopping","Shopping","","","","","","{""status"":""pending"",""approved"":null,""alias"":null,""slug"":null,""isComplete"":false,""completenessScore"":67,""qualityScore"":null,""isTest"":null,""auditTag"":null,""business_name"":""agnes baddoo"",""address"":""4705 Melrose Ave Los Angeles, CA 90029"",""city"":"""",""state"":""CA""}","unchanged","false","status_not_public|missing_alias_or_slug|incomplete_listing"
"67f73dec1d08a04e139a9bf4","marie burgos design","remaining","","Services","Services","","","","","","{""status"":""pending"",""approved"":null,""alias"":null,""slug"":null,""isComplete"":false,""completenessScore"":56,""qualityScore"":null,""isTest"":null,""auditTag"":null,""business_name"":""marie burgos design"",""address"":"""",""city"":"""",""state"":""""}","unchanged","false","status_not_public|missing_alias_or_slug|incomplete_listing"
"67f73dec1d08a04e139a9aa9","Jason Scott The Barber","remaining","","Barbershop","Beauty, Grooming and Personal Care","","","","","","{""status"":""pending"",""approved"":null,""alias"":null,""slug"":null,""isComplete"":true,""completenessScore"":78,""qualityScore"":null,""isTest"":null,""auditTag"":null,""business_name"":""Jason Scott The Barber"",""address"":""15217 S Western Ave, Gardena, CA 90249"",""city"":"""",""state"":""CA""}","unchanged","false","status_not_public|missing_alias_or_slug"
"67f73dec1d08a04e139a9bbc","lotus vegan","remaining","","Restaurants","Restaurants","","","","","","{""status"":""pending"",""approved"":null,""alias"":null,""slug"":null,""isComplete"":false,""completenessScore"":67,""qualityScore"":null,""isTest"":null,""auditTag"":null,""business_name"":""lotus vegan"",""address"":""4715 Lankershim Blvd North Hollywood, CA 91602"",""city"":"""",""state"":""CA""}","unchanged","false","status_not_public|missing_alias_or_slug|incomplete_listing"
"67f73dec1d08a04e139a9c5c","tangana wellness","remaining","","Shopping","Shopping","","","","","","{""status"":""pending"",""approved"":null,""alias"":null,""slug"":null,""isComplete"":false,""completenessScore"":44,""qualityScore"":null,""isTest"":null,""auditTag"":null,""business_name"":""tangana wellness"",""address"":"""",""city"":"""",""state"":""""}","unchanged","false","status_not_public|missing_alias_or_slug|incomplete_listing"
"67f73dec1d08a04e139a9e0e","","remaining","","Restaurants","Restaurants","","","","","","{""status"":""pending"",""approved"":null,""alias"":""j-looneys-long-beach-2"",""slug"":null,""isComplete"":false,""completenessScore"":44,""qualityScore"":null,""isTest"":null,""auditTag"":null,""business_name"":"""",""address"":""5204 Orange Ave Long Beach, CA 90805"",""city"":"""",""state"":""CA""}","unchanged","false","status_not_public|incomplete_listing"
"67f73dec1d08a04e139a9e28","","remaining","","Shopping","Shopping","","","","","","{""status"":""pending"",""approved"":null,""alias"":""kevan-hall-fashion-designs-los-angeles"",""slug"":null,""isComplete"":false,""completenessScore"":56,""qualityScore"":null,""isTest"":null,""auditTag"":null,""business_name"":"""",""address"":""8313 Beverly Blvd Los Angeles, CA 90048"",""city"":"""",""state"":""CA""}","unchanged","false","status_not_public|incomplete_listing"
"67f73dec1d08a04e139a9d40","","remaining","","Barbershop","Beauty, Grooming and Personal Care","","","","","","{""status"":""pending"",""approved"":null,""alias"":""crownd-barber-lounge-hawthorne-2"",""slug"":null,""isComplete"":false,""completenessScore"":56,""qualityScore"":null,""isTest"":null,""auditTag"":null,""business_name"":"""",""address"":""13343 Hawthorne Blvd, Hawthorne, CA 90250"",""city"":"""",""state"":""CA""}","unchanged","false","status_not_public|incomplete_listing"
"67f73dec1d08a04e139a9c55","t&t lifestyle","remaining","","Restaurants","Restaurants","","","","","","{""status"":""pending"",""approved"":null,""alias"":null,""slug"":null,""isComplete"":false,""completenessScore"":67,""qualityScore"":null,""isTest"":null,""auditTag"":null,""business_name"":""t&t lifestyle"",""address"":""11419 Santa Monica Blvd Los Angeles, CA 90025"",""city"":"""",""state"":""CA""}","unchanged","false","status_not_public|missing_alias_or_slug|incomplete_listing"
"67f73dec1d08a04e139a9cc3","pineapple express dispensary los angeles","remaining","","Cannabis Dispensaries","Shopping","","","","","","{""status"":""pending"",""approved"":null,""alias"":null,""slug"":null,""isComplete"":false,""completenessScore"":67,""qualityScore"":null,""isTest"":null,""auditTag"":null,""business_name"":""pineapple express dispensary los angeles"",""address"":""1132 South Western Ave Los Angeles, CA 90006"",""city"":"""",""state"":""CA""}","unchanged","false","status_not_public|missing_alias_or_slug|incomplete_listing"
"67f73dec1d08a04e139a9d11","","remaining","","Nail Technicians","Beauty, Grooming and Personal Care","","","","","","{""status"":""pending"",""approved"":null,""alias"":""the-talonted-vixen-atelier-tarzana-2"",""slug"":null,""isComplete"":false,""completenessScore"":44,""qualityScore"":null,""isTest"":null,""auditTag"":null,""business_name"":"""",""address"":""15125 Ventura Blvd, Ste 10, Tarzana, CA 91403"",""city"":"""",""state"":""CA""}","unchanged","false","status_not_public|incomplete_listing"
"67f73dec1d08a04e139a9d3f","","remaining","","Barbershop","Beauty, Grooming and Personal Care","","","","","","{""status"":""pending"",""approved"":null,""alias"":""render-pasadena-pasadena-2"",""slug"":null,""isComplete"":false,""completenessScore"":56,""qualityScore"":null,""isTest"":null,""auditTag"":null,""business_name"":"""",""address"":""638 Colorado Blvd, Ste 301 1/4, Dimensions Pasadena, Pasadena, CA 91101"",""city"":"""",""state"":""CA""}","unchanged","false","status_not_public|incomplete_listing"
"67f73dec1d08a04e139a9c92","triangular faces","remaining","","Shopping","Shopping","","","","","","{""status"":""pending"",""approved"":null,""alias"":null,""slug"":null,""isComplete"":false,""completenessScore"":44,""qualityScore"":null,""isTest"":null,""auditTag"":null,""business_name"":""triangular faces"",""address"":"""",""city"":"""",""state"":""""}","unchanged","false","status_not_public|missing_alias_or_slug|incomplete_listing"
"67f73dec1d08a04e139a9adc","babes of the wave","remaining","","Shopping","Shopping","","","","","","{""status"":""pending"",""approved"":null,""alias"":null,""slug"":null,""isComplete"":false,""completenessScore"":44,""qualityScore"":null,""isTest"":null,""auditTag"":null,""business_name"":""babes of the wave"",""address"":"""",""city"":"""",""state"":""""}","unchanged","false","status_not_public|missing_alias_or_slug|incomplete_listing"
"67f73dec1d08a04e139a9bd9","museum of african american art","remaining","","Museums, Cultural Institutions, and Shared Spaces","Museums, Cultural Institutions, and Shared Spaces","","","","","","{""status"":""pending"",""approved"":null,""alias"":null,""slug"":null,""isComplete"":true,""completenessScore"":78,""qualityScore"":null,""isTest"":null,""auditTag"":null,""business_name"":""museum of african american art"",""address"":""4005 Crenshaw Blvd Los Angeles, CA 90008"",""city"":"""",""state"":""CA""}","unchanged","false","status_not_public|missing_alias_or_slug"
"67f73dec1d08a04e139a9c97","veronica's kitchen","remaining","","Restaurants","Restaurants","","","","","","{""status"":""pending"",""approved"":null,""alias"":null,""slug"":null,""isComplete"":true,""completenessScore"":78,""qualityScore"":null,""isTest"":null,""auditTag"":null,""business_name"":""veronica's kitchen"",""address"":""401 E Hillcrest Blvd Inglewood, CA 90301"",""city"":"""",""state"":""CA""}","unchanged","false","status_not_public|missing_alias_or_slug"
"67f73dec1d08a04e139a9c3d","smakk'd refreshers & teas","remaining","","Restaurants","Restaurants","","","","","","{""status"":""pending"",""approved"":null,""alias"":null,""slug"":null,""isComplete"":false,""completenessScore"":44,""qualityScore"":null,""isTest"":null,""auditTag"":null,""business_name"":""smakk'd refreshers & teas"",""address"":"""",""city"":"""",""state"":""""}","unchanged","false","status_not_public|missing_alias_or_slug|incomplete_listing"
"67f73dec1d08a04e139a9b57","fourfortyfour","remaining","","Restaurants","Restaurants","","","","","","{""status"":""pending"",""approved"":null,""alias"":null,""slug"":null,""isComplete"":false,""completenessScore"":67,""qualityScore"":null,""isTest"":null,""auditTag"":null,""business_name"":""fourfortyfour"",""address"":""Los Angeles, CA 91604"",""city"":"""",""state"":""CA""}","unchanged","false","status_not_public|missing_alias_or_slug|incomplete_listing"
"67f73dec1d08a04e139a9b99","knibb design","remaining","","Services","Services","","","","","","{""status"":""pending"",""approved"":null,""alias"":null,""slug"":null,""isComplete"":true,""completenessScore"":78,""qualityScore"":null,""isTest"":null,""auditTag"":null,""business_name"":""knibb design"",""address"":""1522 Abbot Kinney Blvd Venice, CA 90291"",""city"":"""",""state"":""CA""}","unchanged","false","status_not_public|missing_alias_or_slug"
"67f73dec1d08a04e139a9c37","shades of afrika","remaining","","Shopping","Shopping","","","","","","{""status"":""pending"",""approved"":null,""alias"":null,""slug"":null,""isComplete"":true,""completenessScore"":78,""qualityScore"":null,""isTest"":null,""auditTag"":null,""business_name"":""shades of afrika"",""address"":""1001 E 4th St Long Beach, CA 90802"",""city"":"""",""state"":""CA""}","unchanged","false","status_not_public|missing_alias_or_slug"
"67c9ead1818d604b84e5a4be","Antique Stove Heaven Los Angeles","remaining","","Services","Services","","","","","","{""status"":""approved"",""approved"":null,""alias"":""antique-stove-heaven-los-angeles"",""slug"":null,""isComplete"":false,""completenessScore"":67,""qualityScore"":null,""isTest"":null,""auditTag"":null,""business_name"":""Antique Stove Heaven Los Angeles"",""address"":""5414 S Western Ave Los Angeles, CA 90062"",""city"":"""",""state"":""CA""}","unchanged","false","incomplete_listing"
"67f73dec1d08a04e139a9af0","black stationery","remaining","","Shopping","Shopping","","","","","","{""status"":""pending"",""approved"":null,""alias"":null,""slug"":null,""isComplete"":false,""completenessScore"":44,""qualityScore"":null,""isTest"":null,""auditTag"":null,""business_name"":""black stationery"",""address"":"""",""city"":"""",""state"":""""}","unchanged","false","status_not_public|missing_alias_or_slug|incomplete_listing"
"67f73dec1d08a04e139a9d65","","remaining","","Restaurants","Restaurants","","","","","","{""status"":""pending"",""approved"":null,""alias"":""annies-soul-delicious-los-angeles"",""slug"":null,""isComplete"":false,""completenessScore"":44,""qualityScore"":null,""isTest"":null,""auditTag"":null,""business_name"":"""",""address"":""1066 S Fairfax Ave Los Angeles, CA 90019"",""city"":"""",""state"":""CA""}","unchanged","false","status_not_public|incomplete_listing"
"67f73dec1d08a04e139a9e17","","remaining","","Restaurants","Restaurants","","","","","","{""status"":""pending"",""approved"":null,""alias"":null,""slug"":null,""isComplete"":false,""completenessScore"":44,""qualityScore"":null,""isTest"":null,""auditTag"":null,""business_name"":"""",""address"":""1710 E Compton Blvd Compton, CA 90221"",""city"":"""",""state"":""CA""}","unchanged","false","status_not_public|missing_alias_or_slug|incomplete_listing"
"67f73dec1d08a04e139a9d12","","remaining","","Hair Stylists, Hair Extensions","Beauty, Grooming and Personal Care","","","","","","{""status"":""pending"",""approved"":null,""alias"":""l-a-hair-palace-long-beach"",""slug"":null,""isComplete"":false,""completenessScore"":56,""qualityScore"":null,""isTest"":null,""auditTag"":null,""business_name"":"""",""address"":""5439 Cherry Ave, Long Beach, CA 90805"",""city"":"""",""state"":""CA""}","unchanged","false","status_not_public|incomplete_listing"
"67f73dec1d08a04e139a9d8b","","remaining","","Restaurants","Restaurants","","","","","","{""status"":""pending"",""approved"":null,""alias"":""bonnie-bs-smokin-pasadena-3"",""slug"":null,""isComplete"":false,""completenessScore"":44,""qualityScore"":null,""isTest"":null,""auditTag"":null,""business_name"":"""",""address"":""1280 N Lake Ave Pasadena, CA 91104"",""city"":"""",""state"":""CA""}","unchanged","false","status_not_public|incomplete_listing"
"67f73dec1d08a04e139a9dcc","","remaining","","Restaurants","Restaurants","","","","","","{""status"":""pending"",""approved"":null,""alias"":""cw-and-chris-fish-and-chicken-los-angeles"",""slug"":null,""isComplete"":false,""completenessScore"":44,""qualityScore"":null,""isTest"":null,""auditTag"":null,""business_name"":"""",""address"":""6512 S Western Ave Los Angeles, CA 90047"",""city"":"""",""state"":""CA""}","unchanged","false","status_not_public|incomplete_listing"
"67f73dec1d08a04e139a9de7","","remaining","","Restaurants","Restaurants","","","","","","{""status"":""pending"",""approved"":null,""alias"":null,""slug"":null,""isComplete"":false,""completenessScore"":33,""qualityScore"":null,""isTest"":null,""auditTag"":null,""business_name"":"""",""address"":""4807 W Adams Blvd Los Angeles, CA 90016"",""city"":"""",""state"":""CA""}","unchanged","false","status_not_public|missing_alias_or_slug|incomplete_listing"
"67f73dec1d08a04e139a9c49","str8 up tacos","remaining","","Restaurants","Restaurants","","","","","","{""status"":""pending"",""approved"":null,""alias"":null,""slug"":null,""isComplete"":false,""completenessScore"":56,""qualityScore"":null,""isTest"":null,""auditTag"":null,""business_name"":""str8 up tacos"",""address"":""8471 Walker St La Palma, CA 90623"",""city"":"""",""state"":""CA""}","unchanged","false","status_not_public|missing_alias_or_slug|incomplete_listing"
"67f73dec1d08a04e139a9d08","","remaining","","Hair Extensions, Nail Salons, Eyelash Service","Beauty, Grooming and Personal Care","","","","","","{""status"":""pending"",""approved"":null,""alias"":""couture-weave-boutique-and-nail-cottage-los-angeles"",""slug"":null,""isComplete"":false,""completenessScore"":56,""qualityScore"":null,""isTest"":null,""auditTag"":null,""business_name"":"""",""address"":""5872 W Pico Blvd, Los Angeles, CA 90019"",""city"":"""",""state"":""CA""}","unchanged","false","status_not_public|incomplete_listing"
"67f73dec1d08a04e139a9d46","","remaining","","Barbershop","Beauty, Grooming and Personal Care","","","","","","{""status"":""pending"",""approved"":null,""alias"":""the-barber-bureau-monrovia"",""slug"":null,""isComplete"":false,""completenessScore"":56,""qualityScore"":null,""isTest"":null,""auditTag"":null,""business_name"":"""",""address"":""443 W Foothill Blvd, Monrovia, CA 91016"",""city"":"""",""state"":""CA""}","unchanged","false","status_not_public|incomplete_listing"
"67f73dec1d08a04e139a9d63","","remaining","","Shopping","Shopping","","","","","","{""status"":""pending"",""approved"":null,""alias"":null,""slug"":null,""isComplete"":false,""completenessScore"":56,""qualityScore"":null,""isTest"":null,""auditTag"":null,""business_name"":"""",""address"":""4725 W Washington Blvd, Los Angeles, CA 90016"",""city"":"""",""state"":""CA""}","unchanged","false","status_not_public|missing_alias_or_slug|incomplete_listing"
"67f73dec1d08a04e139a9d4f","","remaining","","Shopping","Shopping","","","","","","{""status"":""pending"",""approved"":null,""alias"":""45-three-modern-vintage-home-los-angeles-2"",""slug"":null,""isComplete"":false,""completenessScore"":56,""qualityScore"":null,""isTest"":null,""auditTag"":null,""business_name"":"""",""address"":""1051 1/2 S Fairfax Ave Los Angeles, CA 90019"",""city"":"""",""state"":""CA""}","unchanged","false","status_not_public|incomplete_listing"
"67c9ead1818d604b84e5a4c8","Band Of Vices Art Gallery Los Angeles","remaining","","Museums, Cultural Institutions, and Shared Spaces","Museums, Cultural Institutions, and Shared Spaces","","","","","","{""status"":""approved"",""approved"":null,""alias"":""band-of-vices-art-gallery-los-angeles"",""slug"":null,""isComplete"":false,""completenessScore"":67,""qualityScore"":null,""isTest"":null,""auditTag"":null,""business_name"":""Band Of Vices Art Gallery Los Angeles"",""address"":""5376 W Adams Blvd Los Angeles, CA 90016"",""city"":"""",""state"":""CA""}","unchanged","false","incomplete_listing"
"67c9ead1818d604b84e5a4cc","Bayou Grille Inglewood","remaining","","Restaurants","Restaurants","","","","","","{""status"":""pending"",""approved"":null,""alias"":""bayou-grille-inglewood"",""slug"":null,""isComplete"":false,""completenessScore"":56,""qualityScore"":null,""isTest"":null,""auditTag"":null,""business_name"":""Bayou Grille Inglewood"",""address"":""1400 N La Brea Ave Inglewood, CA 90302"",""city"":"""",""state"":""CA""}","unchanged","false","status_not_public|incomplete_listing"
"67c9ead1818d604b84e5a4d6","Black Bottom Southern Kitchen North Hollywood","remaining","","Restaurants","Restaurants","","","","","","{""status"":""pending"",""approved"":null,""alias"":""black-bottom-southern-kitchen-north-hollywood"",""slug"":null,""isComplete"":false,""completenessScore"":56,""qualityScore"":null,""isTest"":null,""auditTag"":null,""business_name"":""Black Bottom Southern Kitchen North Hollywood"",""address"":""4806 Vineland Ave North Hollywood, CA 91601"",""city"":"""",""state"":""CA""}","unchanged","false","status_not_public|incomplete_listing"
"67c9ead1818d604b84e5a4eb","Billionaire Burger Boyz Compton","remaining","","Restaurants","Restaurants","","","","","","{""status"":""pending"",""approved"":null,""alias"":""billionaire-burger-boyz-compton"",""slug"":null,""isComplete"":false,""completenessScore"":56,""qualityScore"":null,""isTest"":null,""auditTag"":null,""business_name"":""Billionaire Burger Boyz Compton"",""address"":""811 S Long Beach Blvd Compton, CA 90221"",""city"":"""",""state"":""CA""}","unchanged","false","status_not_public|incomplete_listing"
"67c9ead1818d604b84e5a4f0","","remaining","","Shopping","Shopping","","","","","","{""status"":""pending"",""approved"":null,""alias"":null,""slug"":null,""isComplete"":false,""completenessScore"":22,""qualityScore"":null,""isTest"":null,""auditTag"":null,""business_name"":"""",""address"":"""",""city"":"""",""state"":""""}","unchanged","false","status_not_public|missing_alias_or_slug|incomplete_listing"
"67c9ead1818d604b84e5a4e3","","remaining","","Restaurants","Restaurants","","","","","","{""status"":""pending"",""approved"":null,""alias"":null,""slug"":null,""isComplete"":false,""completenessScore"":33,""qualityScore"":null,""isTest"":null,""auditTag"":null,""business_name"":"""",""address"":""2029 Sheridan St Los Angeles, CA 90033"",""city"":"""",""state"":""CA""}","unchanged","false","status_not_public|missing_alias_or_slug|incomplete_listing"
"67c9ead1818d604b84e5a4da","Boketto Cold Brew Los Angeles","remaining","","Restaurants","Restaurants","","","","","","{""status"":""approved"",""approved"":null,""alias"":""boketto-cold-brew-los-angeles"",""slug"":null,""isComplete"":false,""completenessScore"":67,""qualityScore"":null,""isTest"":null,""auditTag"":null,""business_name"":""Boketto Cold Brew Los Angeles"",""address"":""743 B S Broadway Los Angeles, CA 90014"",""city"":"""",""state"":""CA""}","unchanged","false","incomplete_listing"
"67c9ead1818d604b84e5a4dc","Black Cat Bbq Los Angeles 2","remaining","","Restaurants","Restaurants","","","","","","{""status"":""pending"",""approved"":null,""alias"":""black-cat-bbq-los-angeles-2"",""slug"":null,""isComplete"":false,""completenessScore"":56,""qualityScore"":null,""isTest"":null,""auditTag"":null,""business_name"":""Black Cat Bbq Los Angeles 2"",""address"":""Los Angeles, CA 90032"",""city"":"""",""state"":""CA""}","unchanged","false","status_not_public|incomplete_listing"
"67c9ead1818d604b84e5a4ee","Blessed Tropical Jamaican Cuisine Inglewood","remaining","","Restaurants","Restaurants","","","","","","{""status"":""pending"",""approved"":null,""alias"":""blessed-tropical-jamaican-cuisine-inglewood"",""slug"":null,""isComplete"":false,""completenessScore"":56,""qualityScore"":null,""isTest"":null,""auditTag"":null,""business_name"":""Blessed Tropical Jamaican Cuisine Inglewood"",""address"":""901 S Prarie Ave Inglewood, CA 90301"",""city"":"""",""state"":""CA""}","unchanged","false","status_not_public|incomplete_listing"
"67c9ead1818d604b84e5a4f8","Cafe Creole Los Angeles","remaining","","Restaurants","Restaurants","","","","","","{""status"":""pending"",""approved"":null,""alias"":""cafe-creole-los-angeles"",""slug"":null,""isComplete"":false,""completenessScore"":56,""qualityScore"":null,""isTest"":null,""auditTag"":null,""business_name"":""Cafe Creole Los Angeles"",""address"":""3650 W Martin Luther King Jr Blvd Ste 144 Los Angeles, CA 90008"",""city"":"""",""state"":""CA""}","unchanged","false","status_not_public|incomplete_listing"
"67c9ead1818d604b84e5a4ea","Brothers Bar B Que Los Angeles","remaining","","Restaurants","Restaurants","","","","","","{""status"":""approved"",""approved"":null,""alias"":""brothers-bar-b-que-los-angeles"",""slug"":null,""isComplete"":false,""completenessScore"":67,""qualityScore"":null,""isTest"":null,""auditTag"":null,""business_name"":""Brothers Bar B Que Los Angeles"",""address"":""7725 Crenshaw Blvd Los Angeles, CA 90043"",""city"":"""",""state"":""CA""}","unchanged","false","incomplete_listing"
"67c9ead1818d604b84e5a4fb","Cake Buzz Redondo Beach 4","remaining","","Restaurants","Restaurants","","","","","","{""status"":""pending"",""approved"":null,""alias"":""cake-buzz-redondo-beach-4"",""slug"":null,""isComplete"":false,""completenessScore"":56,""qualityScore"":null,""isTest"":null,""auditTag"":null,""business_name"":""Cake Buzz Redondo Beach 4"",""address"":""2701 Artesia Blvd Redondo Beach, CA 90278"",""city"":"""",""state"":""CA""}","unchanged","false","status_not_public|incomplete_listing"
"67c9ead1818d604b84e5a4c5","Baby Love Sweetery Los Angeles","remaining","","Restaurants","Restaurants","","","","","","{""status"":""pending"",""approved"":null,""alias"":""baby-love-sweetery-los-angeles"",""slug"":null,""isComplete"":false,""completenessScore"":56,""qualityScore"":null,""isTest"":null,""auditTag"":null,""business_name"":""Baby Love Sweetery Los Angeles"",""address"":""Los Angeles, CA 91607"",""city"":"""",""state"":""CA""}","unchanged","false","status_not_public|incomplete_listing"
"67c9ead1818d604b84e5a4e5","","remaining","","Services","Services","","","","","","{""status"":""pending"",""approved"":null,""alias"":null,""slug"":null,""isComplete"":false,""completenessScore"":22,""qualityScore"":null,""isTest"":null,""auditTag"":null,""business_name"":"""",""address"":"""",""city"":"""",""state"":""""}","unchanged","false","status_not_public|missing_alias_or_slug|incomplete_listing"
"67c9ead1818d604b84e5a4e8","Blaqhaus Noho North Hollywood 2","remaining","","Restaurants","Restaurants","","","","","","{""status"":""approved"",""approved"":null,""alias"":""blaqhaus-noho-north-hollywood-2"",""slug"":null,""isComplete"":false,""completenessScore"":67,""qualityScore"":null,""isTest"":null,""auditTag"":null,""business_name"":""Blaqhaus Noho North Hollywood 2"",""address"":""11671 Victory Blvd North Hollywood, CA 91606"",""city"":"""",""state"":""CA""}","unchanged","false","incomplete_listing"
"67c9ead1818d604b84e5a4fd","California African American Museum Los Angeles","remaining","","Museums, Cultural Institutions, and Shared Spaces","Museums, Cultural Institutions, and Shared Spaces","","","","","","{""status"":""approved"",""approved"":null,""alias"":""california-african-american-museum-los-angeles"",""slug"":null,""isComplete"":false,""completenessScore"":67,""qualityScore"":null,""isTest"":null,""auditTag"":null,""business_name"":""California African American Museum Los Angeles"",""address"":""600 State Dr Los Angeles, CA 90037"",""city"":"""",""state"":""CA""}","unchanged","false","incomplete_listing"
"67c9ead1818d604b84e5a4ef","Brothers Keeper Bbq Long Beach","remaining","","Restaurants","Restaurants","","","","","","{""status"":""pending"",""approved"":null,""alias"":""brothers-keeper-bbq-long-beach"",""slug"":null,""isComplete"":false,""completenessScore"":56,""qualityScore"":null,""isTest"":null,""auditTag"":null,""business_name"":""Brothers Keeper Bbq Long Beach"",""address"":""Long Beach, CA 90815"",""city"":"""",""state"":""CA""}","unchanged","false","status_not_public|incomplete_listing"
"67c9ead1818d604b84e5a4cd","Barbara Jean La Los Angeles 2","remaining","","Restaurants","Restaurants","","","","","","{""status"":""pending"",""approved"":null,""alias"":""barbara-jean-la-los-angeles-2"",""slug"":null,""isComplete"":false,""completenessScore"":44,""qualityScore"":null,""isTest"":null,""auditTag"":null,""business_name"":""Barbara Jean La Los Angeles 2"",""address"":""3939 S Figueroa St Los Angeles, CA 90037"",""city"":"""",""state"":""CA""}","unchanged","false","status_not_public|incomplete_listing"
"67c9ead1818d604b84e5a4d2","Big Fish Market Inglewood","remaining","","Restaurants","Restaurants","","","","","","{""status"":""pending"",""approved"":null,""alias"":""big-fish-market-inglewood"",""slug"":null,""isComplete"":false,""completenessScore"":56,""qualityScore"":null,""isTest"":null,""auditTag"":null,""business_name"":""Big Fish Market Inglewood"",""address"":""8409 S 8th Ave Ste 1 Inglewood, CA 90305"",""city"":"""",""state"":""CA""}","unchanged","false","status_not_public|incomplete_listing"
"67c9ead1818d604b84e5a4d5","Benjamin Salon West Hollywood West Hollywood","remaining","","Beauty, Grooming and Personal Care","Beauty, Grooming and Personal Care","","","","","","{""status"":""approved"",""approved"":null,""alias"":""benjamin-salon-west-hollywood-west-hollywood"",""slug"":null,""isComplete"":false,""completenessScore"":67,""qualityScore"":null,""isTest"":null,""auditTag"":null,""business_name"":""Benjamin Salon West Hollywood West Hollywood"",""address"":""8910 Melrose Ave West Hollywood, CA 90069"",""city"":"""",""state"":""CA""}","unchanged","false","incomplete_listing"
"67c9ead1818d604b84e5a4e0","","remaining","","Shopping","Shopping","","","","","","{""status"":""pending"",""approved"":null,""alias"":null,""slug"":null,""isComplete"":false,""completenessScore"":22,""qualityScore"":null,""isTest"":null,""auditTag"":null,""business_name"":"""",""address"":"""",""city"":"""",""state"":""""}","unchanged","false","status_not_public|missing_alias_or_slug|incomplete_listing"
"67c9ead1818d604b84e5a4bf","Azla Los Angeles","remaining","","Restaurants","Restaurants","","","","","","{""status"":""pending"",""approved"":null,""alias"":""azla-los-angeles"",""slug"":null,""isComplete"":false,""completenessScore"":56,""qualityScore"":null,""isTest"":null,""auditTag"":null,""business_name"":""Azla Los Angeles"",""address"":""4309 Leimert Blvd Los Angeles, CA 90008"",""city"":"""",""state"":""CA""}","unchanged","false","status_not_public|incomplete_listing"
"67c9ead1818d604b84e5a4cf","Bent Soul Food And Bent Events Los Angeles","remaining","","Restaurants","Restaurants","","","","","","{""status"":""pending"",""approved"":null,""alias"":""bent-soul-food-and-bent-events-los-angeles"",""slug"":null,""isComplete"":false,""completenessScore"":56,""qualityScore"":null,""isTest"":null,""auditTag"":null,""business_name"":""Bent Soul Food And Bent Events Los Angeles"",""address"":""Los Angeles, CA 90210"",""city"":"""",""state"":""CA""}","unchanged","false","status_not_public|incomplete_listing"
"67c9ead1818d604b84e5a4d3","","remaining","","Shopping","Shopping","","","","","","{""status"":""pending"",""approved"":null,""alias"":null,""slug"":null,""isComplete"":false,""completenessScore"":22,""qualityScore"":null,""isTest"":null,""auditTag"":null,""business_name"":"""",""address"":"""",""city"":"""",""state"":""""}","unchanged","false","status_not_public|missing_alias_or_slug|incomplete_listing"
"67c9ead1818d604b84e5a4d4","Bellys Sliders And Wings Carson","remaining","","Restaurants","Restaurants","","","","","","{""status"":""approved"",""approved"":null,""alias"":""bellys-sliders-and-wings-carson"",""slug"":null,""isComplete"":false,""completenessScore"":67,""qualityScore"":null,""isTest"":null,""auditTag"":null,""business_name"":""Bellys Sliders And Wings Carson"",""address"":""Carson, CA 90220"",""city"":"""",""state"":""CA""}","unchanged","false","incomplete_listing"
"67c9ead1818d604b84e5a4d8","Bohemian House Of Espresso Chai Los Angeles","remaining","","Restaurants","Restaurants","","","","","","{""status"":""pending"",""approved"":null,""alias"":""bohemian-house-of-espresso-chai-los-angeles"",""slug"":null,""isComplete"":false,""completenessScore"":56,""qualityScore"":null,""isTest"":null,""auditTag"":null,""business_name"":""Bohemian House Of Espresso Chai Los Angeles"",""address"":""548 S Spring St R110 Los Angeles, CA 90013"",""city"":"""",""state"":""CA""}","unchanged","false","status_not_public|incomplete_listing"
"67c9ead1818d604b84e5a4f3","","remaining","","Shopping","Shopping","","","","","","{""status"":""pending"",""approved"":null,""alias"":null,""slug"":null,""isComplete"":false,""completenessScore"":22,""qualityScore"":null,""isTest"":null,""auditTag"":null,""business_name"":"""",""address"":"""",""city"":"""",""state"":""""}","unchanged","false","status_not_public|missing_alias_or_slug|incomplete_listing"
"67c9ead1818d604b84e5a4c2","","remaining","","Restaurants","Restaurants","","","","","","{""status"":""pending"",""approved"":null,""alias"":null,""slug"":null,""isComplete"":false,""completenessScore"":44,""qualityScore"":null,""isTest"":null,""auditTag"":null,""business_name"":"""",""address"":""4344 Degnan Blvd Los Angeles, CA 90008"",""city"":"""",""state"":""CA""}","unchanged","false","status_not_public|missing_alias_or_slug|incomplete_listing"
"67c9ead1818d604b84e5a4c7","","remaining","","Shopping","Shopping","","","","","","{""status"":""pending"",""approved"":null,""alias"":null,""slug"":null,""isComplete"":false,""completenessScore"":56,""qualityScore"":null,""isTest"":null,""auditTag"":null,""business_name"":"""",""address"":""3107 W 6th St, Los Angeles, CA 90020"",""city"":"""",""state"":""CA""}","unchanged","false","status_not_public|missing_alias_or_slug|incomplete_listing"
"67c9ead1818d604b84e5a4ce","Belizean Fish Market Los Angeles","remaining","","Restaurants","Restaurants","","","","","","{""status"":""pending"",""approved"":null,""alias"":""belizean-fish-market-los-angeles"",""slug"":null,""isComplete"":false,""completenessScore"":56,""qualityScore"":null,""isTest"":null,""auditTag"":null,""business_name"":""Belizean Fish Market Los Angeles"",""address"":""2640 S Western Ave Los Angeles, CA 90018"",""city"":"""",""state"":""CA""}","unchanged","false","status_not_public|incomplete_listing"
"67c9ead1818d604b84e5a4d0","Beauty Pro La West Hollywood 5","remaining","","Beauty, Grooming and Personal Care","Beauty, Grooming and Personal Care","","","","","","{""status"":""approved"",""approved"":null,""alias"":""beauty-pro-la-west-hollywood-5"",""slug"":null,""isComplete"":false,""completenessScore"":67,""qualityScore"":null,""isTest"":null,""auditTag"":null,""business_name"":""Beauty Pro La West Hollywood 5"",""address"":""1250 N La Brea Ave Ste 108 West Hollywood, CA 90038"",""city"":"""",""state"":""CA""}","unchanged","false","incomplete_listing"
"67c9ead1818d604b84e5a4e2","Bludsos Bar And Que Los Angeles","remaining","","Restaurants","Restaurants","","","","","","{""status"":""pending"",""approved"":null,""alias"":""bludsos-bar-and-que-los-angeles"",""slug"":null,""isComplete"":false,""completenessScore"":56,""qualityScore"":null,""isTest"":null,""auditTag"":null,""business_name"":""Bludsos Bar And Que Los Angeles"",""address"":""609 N La Brea Ave Los Angeles, CA 90036"",""city"":"""",""state"":""CA""}","unchanged","false","status_not_public|incomplete_listing"
"67c9ead1818d604b84e5a4e9","Bring Something To The Party Los Angeles","remaining","","Event Planning","Event Planning","","","","","","{""status"":""approved"",""approved"":null,""alias"":""bring-something-to-the-party-los-angeles"",""slug"":null,""isComplete"":false,""completenessScore"":67,""qualityScore"":null,""isTest"":null,""auditTag"":null,""business_name"":""Bring Something To The Party Los Angeles"",""address"":""700 W 7th St Ste G420 Los Angeles, CA 90017"",""city"":"""",""state"":""CA""}","unchanged","false","incomplete_listing"
"67c9ead1818d604b84e5a4fa","Cafe Buna Marina Del Rey","remaining","","Restaurants","Restaurants","","","","","","{""status"":""pending"",""approved"":null,""alias"":""cafe-buna-marina-del-rey"",""slug"":null,""isComplete"":false,""completenessScore"":56,""qualityScore"":null,""isTest"":null,""auditTag"":null,""business_name"":""Cafe Buna Marina Del Rey"",""address"":""552 Washington Blvd Marina del Rey, CA 90292"",""city"":"""",""state"":""CA""}","unchanged","false","status_not_public|incomplete_listing"
"67c9ead1818d604b84e5a4f7","","remaining","","Shopping","Shopping","","","","","","{""status"":""pending"",""approved"":null,""alias"":null,""slug"":null,""isComplete"":false,""completenessScore"":22,""qualityScore"":null,""isTest"":null,""auditTag"":null,""business_name"":"""",""address"":"""",""city"":"""",""state"":""""}","unchanged","false","status_not_public|missing_alias_or_slug|incomplete_listing"
"67c9ead1818d604b84e5a4d1","Bbq Chef Long Beach","remaining","","Restaurants","Restaurants","","","","","","{""status"":""pending"",""approved"":null,""alias"":""bbq-chef-long-beach"",""slug"":null,""isComplete"":false,""completenessScore"":56,""qualityScore"":null,""isTest"":null,""auditTag"":null,""business_name"":""Bbq Chef Long Beach"",""address"":""1782 Martin Luther King Jr Ave Long Beach, CA 90813"",""city"":"""",""state"":""CA""}","unchanged","false","status_not_public|incomplete_listing"
"67f73dec1d08a04e139a9d66","","remaining","","Restaurants","Restaurants","","","","","","{""status"":""pending"",""approved"":null,""alias"":""antidote-eats-los-angeles"",""slug"":null,""isComplete"":false,""completenessScore"":44,""qualityScore"":null,""isTest"":null,""auditTag"":null,""business_name"":"""",""address"":""Los Angeles, CA 90012"",""city"":"""",""state"":""CA""}","unchanged","false","status_not_public|incomplete_listing"
"67c9ead1818d604b84e5a4c4","","remaining","","Restaurants","Restaurants","","","","","","{""status"":""pending"",""approved"":null,""alias"":null,""slug"":null,""isComplete"":false,""completenessScore"":11,""qualityScore"":null,""isTest"":null,""auditTag"":null,""business_name"":"""",""address"":"""",""city"":"""",""state"":""""}","unchanged","false","status_not_public|missing_alias_or_slug|incomplete_listing"
"67c9ead1818d604b84e5a4db","Bloom And Plume Coffee Los Angeles 4","remaining","","Restaurants","Restaurants","","","","","","{""status"":""approved"",""approved"":null,""alias"":""bloom-and-plume-coffee-los-angeles-4"",""slug"":null,""isComplete"":false,""completenessScore"":67,""qualityScore"":null,""isTest"":null,""auditTag"":null,""business_name"":""Bloom And Plume Coffee Los Angeles 4"",""address"":""1638 W Temple St Los Angeles, CA 90026"",""city"":"""",""state"":""CA""}","unchanged","false","incomplete_listing"
"67c9ead1818d604b84e5a4e7","","remaining","","Services","Services","","","","","","{""status"":""pending"",""approved"":null,""alias"":null,""slug"":null,""isComplete"":false,""completenessScore"":56,""qualityScore"":null,""isTest"":null,""auditTag"":null,""business_name"":"""",""address"":""1050 N Cahuenga Blvd, Los Angeles, CA 90038"",""city"":"""",""state"":""CA""}","unchanged","false","status_not_public|missing_alias_or_slug|incomplete_listing"
"67c9ead1818d604b84e5a4f6","Bundts On Melrose Long Beach","remaining","","Restaurants","Restaurants","","","","","","{""status"":""pending"",""approved"":null,""alias"":""bundts-on-melrose-long-beach"",""slug"":null,""isComplete"":false,""completenessScore"":56,""qualityScore"":null,""isTest"":null,""auditTag"":null,""business_name"":""Bundts On Melrose Long Beach"",""address"":""4147 Long Beach Blvd Long Beach, CA 90807"",""city"":"""",""state"":""CA""}","unchanged","false","status_not_public|incomplete_listing"
"67c9ead1818d604b84e5a4c6","","remaining","","Shopping","Shopping","","","","","","{""status"":""pending"",""approved"":null,""alias"":null,""slug"":null,""isComplete"":false,""completenessScore"":22,""qualityScore"":null,""isTest"":null,""auditTag"":null,""business_name"":"""",""address"":"""",""city"":"""",""state"":""""}","unchanged","false","status_not_public|missing_alias_or_slug|incomplete_listing"
"67c9ead1818d604b84e5a4dd","Bonita Interiors Pasadena","remaining","","Museums, Cultural Institutions, and Shared Spaces","Museums, Cultural Institutions, and Shared Spaces","","","","","","{""status"":""approved"",""approved"":null,""alias"":""bonita-interiors-pasadena"",""slug"":null,""isComplete"":false,""completenessScore"":67,""qualityScore"":null,""isTest"":null,""auditTag"":null,""business_name"":""Bonita Interiors Pasadena"",""address"":""480 S Fair Oaks Ave Pasadena, CA 91105"",""city"":"""",""state"":""CA""}","unchanged","false","incomplete_listing"
"67f73dec1d08a04e139a9d83","","remaining","","Restaurants","Restaurants","","","","","","{""status"":""pending"",""approved"":null,""alias"":""blaqhaus-noho-north-hollywood-2"",""slug"":null,""isComplete"":false,""completenessScore"":56,""qualityScore"":null,""isTest"":null,""auditTag"":null,""business_name"":"""",""address"":""11671 Victory Blvd North Hollywood, CA 91606"",""city"":"""",""state"":""CA""}","unchanged","false","status_not_public|incomplete_listing"
"67f73dec1d08a04e139a9d18","","remaining","","Hair Extensions, Hair Stylists","Beauty, Grooming and Personal Care","","","","","","{""status"":""pending"",""approved"":null,""alias"":""lashannas-braid-parlor-los-angeles"",""slug"":null,""isComplete"":false,""completenessScore"":56,""qualityScore"":null,""isTest"":null,""auditTag"":null,""business_name"":"""",""address"":""1938 W Florence Ave, Los Angeles, CA 90047"",""city"":"""",""state"":""CA""}","unchanged","false","status_not_public|incomplete_listing"
"67f73dec1d08a04e139a9d84","","remaining","","Restaurants","Restaurants","","","","","","{""status"":""pending"",""approved"":null,""alias"":""bloom-and-plume-coffee-los-angeles-4"",""slug"":null,""isComplete"":false,""completenessScore"":56,""qualityScore"":null,""isTest"":null,""auditTag"":null,""business_name"":"""",""address"":""1638 W Temple St Los Angeles, CA 90026"",""city"":"""",""state"":""CA""}","unchanged","false","status_not_public|incomplete_listing"
"67f73dec1d08a04e139a9e2d","","remaining","","Shopping","Shopping","","","","","","{""status"":""pending"",""approved"":null,""alias"":null,""slug"":null,""isComplete"":false,""completenessScore"":22,""qualityScore"":null,""isTest"":null,""auditTag"":null,""business_name"":"""",""address"":"""",""city"":"""",""state"":""""}","unchanged","false","status_not_public|missing_alias_or_slug|incomplete_listing"
"67f73dec1d08a04e139a9dae","","remaining","","Restaurants","Restaurants","","","","","","{""status"":""pending"",""approved"":null,""alias"":""chulita-venice"",""slug"":null,""isComplete"":false,""completenessScore"":44,""qualityScore"":null,""isTest"":null,""auditTag"":null,""business_name"":"""",""address"":""533 Rose Ave Venice, CA 90291"",""city"":"""",""state"":""CA""}","unchanged","false","status_not_public|incomplete_listing"
"67f73dec1d08a04e139a9df9","","remaining","","Restaurants","Restaurants","","","","","","{""status"":""pending"",""approved"":null,""alias"":""halls-krispy-krunchy-chicken-los-angeles"",""slug"":null,""isComplete"":false,""completenessScore"":44,""qualityScore"":null,""isTest"":null,""auditTag"":null,""business_name"":"""",""address"":""1600 W Slauson Ave Unit I31 Los Angeles, CA 90047"",""city"":"""",""state"":""CA""}","unchanged","false","status_not_public|incomplete_listing"
"67f73dec1d08a04e139a9d71","","remaining","","Shopping","Shopping","","","","","","{""status"":""pending"",""approved"":null,""alias"":null,""slug"":null,""isComplete"":false,""completenessScore"":56,""qualityScore"":null,""isTest"":null,""auditTag"":null,""business_name"":"""",""address"":""3107 W 6th St, Los Angeles, CA 90020"",""city"":"""",""state"":""CA""}","unchanged","false","status_not_public|missing_alias_or_slug|incomplete_listing"
"67f73dec1d08a04e139a9d50","","remaining","","Shopping","Shopping","","","","","","{""status"":""pending"",""approved"":null,""alias"":null,""slug"":null,""isComplete"":false,""completenessScore"":22,""qualityScore"":null,""isTest"":null,""auditTag"":null,""business_name"":"""",""address"":"""",""city"":"""",""state"":""""}","unchanged","false","status_not_public|missing_alias_or_slug|incomplete_listing"
"67f73dec1d08a04e139a9d4d","","remaining","","Hair Salons, Makeup Artists, Vinyl Records","Beauty, Grooming and Personal Care","","","","","","{""status"":""pending"",""approved"":null,""alias"":""the-artform-studio-los-angeles-18"",""slug"":null,""isComplete"":false,""completenessScore"":56,""qualityScore"":null,""isTest"":null,""auditTag"":null,""business_name"":"""",""address"":""5611 N Figueroa St, Ste 2, Los Angeles, CA 90042"",""city"":"""",""state"":""CA""}","unchanged","false","status_not_public|incomplete_listing"
"67f73dec1d08a04e139a9d56","","remaining","","Restaurants","Restaurants","","","","","","{""status"":""pending"",""approved"":null,""alias"":""adams-coffee-shop-los-angeles"",""slug"":null,""isComplete"":false,""completenessScore"":33,""qualityScore"":null,""isTest"":null,""auditTag"":null,""business_name"":"""",""address"":""5357 W Adams Blvd Los Angeles, CA 90016"",""city"":"""",""state"":""CA""}","unchanged","false","status_not_public|incomplete_listing"
"67f73dec1d08a04e139a9de6","","remaining","","Shopping","Shopping","","","","","","{""status"":""pending"",""approved"":null,""alias"":null,""slug"":null,""isComplete"":false,""completenessScore"":44,""qualityScore"":null,""isTest"":null,""auditTag"":null,""business_name"":"""",""address"":""Fashion District Los Angeles, CA"",""city"":"""",""state"":""CA""}","unchanged","false","status_not_public|missing_alias_or_slug|incomplete_listing"
"67f73dec1d08a04e139a9c68","the gourmet cobbler factory","remaining","","Restaurants","Restaurants","","","","","","{""status"":""pending"",""approved"":null,""alias"":null,""slug"":null,""isComplete"":false,""completenessScore"":67,""qualityScore"":null,""isTest"":null,""auditTag"":null,""business_name"":""the gourmet cobbler factory"",""address"":""33 N Catalina Ave Pasadena, CA 91106"",""city"":"""",""state"":""CA""}","unchanged","false","status_not_public|missing_alias_or_slug|incomplete_listing"
"67f73dec1d08a04e139a9dcf","","remaining","","Restaurants","Restaurants","","","","","","{""status"":""pending"",""approved"":null,""alias"":""day-days-bbq-and-waffle-house-pomona-3"",""slug"":null,""isComplete"":false,""completenessScore"":44,""qualityScore"":null,""isTest"":null,""auditTag"":null,""business_name"":"""",""address"":""994 E Holt Blvd Pomona, CA 91767"",""city"":"""",""state"":""CA""}","unchanged","false","status_not_public|incomplete_listing"
"67f73dec1d08a04e139a9c4e","swift cafe","remaining","","Restaurants","Restaurants","","","","","","{""status"":""pending"",""approved"":null,""alias"":null,""slug"":null,""isComplete"":false,""completenessScore"":67,""qualityScore"":null,""isTest"":null,""auditTag"":null,""business_name"":""swift cafe"",""address"":""4279 1/2 Crenshaw Blvd Los Angeles, CA 90008"",""city"":"""",""state"":""CA""}","unchanged","false","status_not_public|missing_alias_or_slug|incomplete_listing"
"67f73dec1d08a04e139a9c91","the vtree","remaining","","Restaurants","Restaurants","","","","","","{""status"":""pending"",""approved"":null,""alias"":null,""slug"":null,""isComplete"":false,""completenessScore"":67,""qualityScore"":null,""isTest"":null,""auditTag"":null,""business_name"":""the vtree"",""address"":""1999 N Sycamore Ave Hollywood, CA 90068"",""city"":"""",""state"":""CA""}","unchanged","false","status_not_public|missing_alias_or_slug|incomplete_listing"
"67f73dec1d08a04e139a9caa","woodspoon","remaining","","Restaurants","Restaurants","","","","","","{""status"":""pending"",""approved"":null,""alias"":null,""slug"":null,""isComplete"":true,""completenessScore"":78,""qualityScore"":null,""isTest"":null,""auditTag"":null,""business_name"":""woodspoon"",""address"":""107 W 9th St Los Angeles, CA 90015"",""city"":"""",""state"":""CA""}","unchanged","false","status_not_public|missing_alias_or_slug"
"67f73dec1d08a04e139a9d0c","","remaining","","Nail Salons","Beauty, Grooming and Personal Care","","","","","","{""status"":""pending"",""approved"":null,""alias"":""daelycyous-nail-designs-san-pedro"",""slug"":null,""isComplete"":false,""completenessScore"":56,""qualityScore"":null,""isTest"":null,""auditTag"":null,""business_name"":"""",""address"":""841 W 9th St, Salon Bellezza, San Pedro, CA 90731"",""city"":"""",""state"":""CA""}","unchanged","false","status_not_public|incomplete_listing"
"67f73dec1d08a04e139a9d9e","","remaining","","Shopping","Shopping","","","","","","{""status"":""pending"",""approved"":null,""alias"":null,""slug"":null,""isComplete"":false,""completenessScore"":22,""qualityScore"":null,""isTest"":null,""auditTag"":null,""business_name"":"""",""address"":"""",""city"":"""",""state"":""""}","unchanged","false","status_not_public|missing_alias_or_slug|incomplete_listing"
"67f73dec1d08a04e139a9de2","","remaining","","Restaurants","Restaurants","","","","","","{""status"":""pending"",""approved"":null,""alias"":""fourfortyfour-catering-and-curation-los-angeles"",""slug"":null,""isComplete"":false,""completenessScore"":44,""qualityScore"":null,""isTest"":null,""auditTag"":null,""business_name"":"""",""address"":""Los Angeles, CA 91604"",""city"":"""",""state"":""CA""}","unchanged","false","status_not_public|incomplete_listing"
"67f73dec1d08a04e139a9d73","","remaining","","Shopping","Shopping","","","","","","{""status"":""pending"",""approved"":null,""alias"":null,""slug"":null,""isComplete"":false,""completenessScore"":22,""qualityScore"":null,""isTest"":null,""auditTag"":null,""business_name"":"""",""address"":"""",""city"":"""",""state"":""""}","unchanged","false","status_not_public|missing_alias_or_slug|incomplete_listing"
"67f73dec1d08a04e139a9e08","","remaining","","Restaurants","Restaurants","","","","","","{""status"":""pending"",""approved"":null,""alias"":""industry-cafe-and-jazz-culver-city"",""slug"":null,""isComplete"":false,""completenessScore"":44,""qualityScore"":null,""isTest"":null,""auditTag"":null,""business_name"":"""",""address"":""6039 Washington Blvd Culver City, CA 90232"",""city"":"""",""state"":""CA""}","unchanged","false","status_not_public|incomplete_listing"
"67f73dec1d08a04e139a9def","","remaining","","Restaurants","Restaurants","","","","","","{""status"":""pending"",""approved"":null,""alias"":""fun-diggity-funnel-cakes-los-angeles"",""slug"":null,""isComplete"":false,""completenessScore"":44,""qualityScore"":null,""isTest"":null,""auditTag"":null,""business_name"":"""",""address"":""222 E 120th St Los Angeles, CA 90061"",""city"":"""",""state"":""CA""}","unchanged","false","status_not_public|incomplete_listing"
"67f73dec1d08a04e139a9df0","","remaining","","Restaurants","Restaurants","","","","","","{""status"":""pending"",""approved"":null,""alias"":null,""slug"":null,""isComplete"":false,""completenessScore"":33,""qualityScore"":null,""isTest"":null,""auditTag"":null,""business_name"":"""",""address"":""3746 Monteith Dr View Park-Windsor Hills, CA 90043"",""city"":"""",""state"":""CA""}","unchanged","false","status_not_public|missing_alias_or_slug|incomplete_listing"
"67f73dec1d08a04e139a9e0a","","remaining","","Restaurants","Restaurants","","","","","","{""status"":""pending"",""approved"":null,""alias"":""hilltop-coffee-and-kitchen-los-angeles"",""slug"":null,""isComplete"":false,""completenessScore"":56,""qualityScore"":null,""isTest"":null,""auditTag"":null,""business_name"":"""",""address"":""4427 W Slauson Ave Los Angeles, CA 90043"",""city"":"""",""state"":""CA""}","unchanged","false","status_not_public|incomplete_listing"
"67f73dec1d08a04e139a9e23","","remaining","","Restaurants","Restaurants","","","","","","{""status"":""pending"",""approved"":null,""alias"":""janga-by-derricks-jamaican-cuisine-culver-city"",""slug"":null,""isComplete"":false,""completenessScore"":44,""qualityScore"":null,""isTest"":null,""auditTag"":null,""business_name"":"""",""address"":""3850 Main St Culver City, CA 90232"",""city"":"""",""state"":""CA""}","unchanged","false","status_not_public|incomplete_listing"
"67f73dec1d08a04e139a9c4a","suprmarkt","remaining","","Shopping","Shopping","","","","","","{""status"":""pending"",""approved"":null,""alias"":null,""slug"":null,""isComplete"":false,""completenessScore"":44,""qualityScore"":null,""isTest"":null,""auditTag"":null,""business_name"":""suprmarkt"",""address"":"""",""city"":"""",""state"":""""}","unchanged","false","status_not_public|missing_alias_or_slug|incomplete_listing"
"67f73dec1d08a04e139a9c4d","sweet blessings","remaining","","Restaurants","Restaurants","","","","","","{""status"":""pending"",""approved"":null,""alias"":null,""slug"":null,""isComplete"":false,""completenessScore"":67,""qualityScore"":null,""isTest"":null,""auditTag"":null,""business_name"":""sweet blessings"",""address"":""14126 Sherman Way Ste 1 Los Angeles, CA 91405"",""city"":"""",""state"":""CA""}","unchanged","false","status_not_public|missing_alias_or_slug|incomplete_listing"
"67f73dec1d08a04e139a9c8b","tracy's belizean restaurant","remaining","","Restaurants","Restaurants","","","","","","{""status"":""pending"",""approved"":null,""alias"":null,""slug"":null,""isComplete"":false,""completenessScore"":67,""qualityScore"":null,""isTest"":null,""auditTag"":null,""business_name"":""tracy's belizean restaurant"",""address"":""3810 S Western Ave Los Angeles, CA 90062"",""city"":"""",""state"":""CA""}","unchanged","false","status_not_public|missing_alias_or_slug|incomplete_listing"
"67f73dec1d08a04e139a9c8e","uedf fish & chips","remaining","","Restaurants","Restaurants","","","","","","{""status"":""pending"",""approved"":null,""alias"":null,""slug"":null,""isComplete"":false,""completenessScore"":67,""qualityScore"":null,""isTest"":null,""auditTag"":null,""business_name"":""uedf fish & chips"",""address"":""2191 N Lake Ave Altadena, CA 91001"",""city"":"""",""state"":""CA""}","unchanged","false","status_not_public|missing_alias_or_slug|incomplete_listing"
"67f73dec1d08a04e139a9ca8","your bakery 1st","remaining","","Restaurants","Restaurants","","","","","","{""status"":""pending"",""approved"":null,""alias"":null,""slug"":null,""isComplete"":false,""completenessScore"":67,""qualityScore"":null,""isTest"":null,""auditTag"":null,""business_name"":""your bakery 1st"",""address"":""6525 West Blvd Inglewood, CA 90302"",""city"":"""",""state"":""CA""}","unchanged","false","status_not_public|missing_alias_or_slug|incomplete_listing"
"67f73dec1d08a04e139a9cab","wowo's bbq","remaining","","Restaurants","Restaurants","","","","","","{""status"":""pending"",""approved"":null,""alias"":null,""slug"":null,""isComplete"":false,""completenessScore"":67,""qualityScore"":null,""isTest"":null,""auditTag"":null,""business_name"":""wowo's bbq"",""address"":""13022 Whittier Blvd Whittier, CA 90602"",""city"":"""",""state"":""CA""}","unchanged","false","status_not_public|missing_alias_or_slug|incomplete_listing"
"67c9ead1818d604b84e5a4ff","Carls Atelier Canoga Park","remaining","","Museums, Cultural Institutions, and Shared Spaces","Museums, Cultural Institutions, and Shared Spaces","","","","","","{""status"":""approved"",""approved"":null,""alias"":""carls-atelier-canoga-park"",""slug"":null,""isComplete"":false,""completenessScore"":67,""qualityScore"":null,""isTest"":null,""auditTag"":null,""business_name"":""Carls Atelier Canoga Park"",""address"":""Canoga Park, CA 91303"",""city"":"""",""state"":""CA""}","unchanged","false","incomplete_listing"
"67c9ead1818d604b84e5a500","Castles Catering Los Angeles 8","remaining","","Restaurants","Restaurants","","","","","","{""status"":""pending"",""approved"":null,""alias"":""castles-catering-los-angeles-8"",""slug"":null,""isComplete"":false,""completenessScore"":56,""qualityScore"":null,""isTest"":null,""auditTag"":null,""business_name"":""Castles Catering Los Angeles 8"",""address"":""4287 Crenshaw Blvd Los Angeles, CA 90008"",""city"":"""",""state"":""CA""}","unchanged","false","status_not_public|incomplete_listing"
"67c9ead1818d604b84e5a518","Cultural Interiors Los Angeles 3","remaining","","Shopping","Shopping","","","","","","{""status"":""approved"",""approved"":null,""alias"":""cultural-interiors-los-angeles-3"",""slug"":null,""isComplete"":false,""completenessScore"":67,""qualityScore"":null,""isTest"":null,""auditTag"":null,""business_name"":""Cultural Interiors Los Angeles 3"",""address"":""4421 W Slauson Ave Los Angeles, CA 90043"",""city"":"""",""state"":""CA""}","unchanged","false","incomplete_listing"
"67c9ead1818d604b84e5a523","Delvigne Croissant Culver City","remaining","","Restaurants","Restaurants","","","","","","{""status"":""pending"",""approved"":null,""alias"":""delvigne-croissant-culver-city"",""slug"":null,""isComplete"":false,""completenessScore"":56,""qualityScore"":null,""isTest"":null,""auditTag"":null,""business_name"":""Delvigne Croissant Culver City"",""address"":""9626 Venice Blvd Culver City, CA 90232"",""city"":"""",""state"":""CA""}","unchanged","false","status_not_public|incomplete_listing"
"67f73dec1d08a04e139a9c9f","vanillablack","remaining","","Restaurants","Restaurants","","","","","","{""status"":""pending"",""approved"":null,""alias"":null,""slug"":null,""isComplete"":false,""completenessScore"":56,""qualityScore"":null,""isTest"":null,""auditTag"":null,""business_name"":""vanillablack"",""address"":""1825 Sunset Blvd Los Angeles, CA 90026"",""city"":"""",""state"":""CA""}","unchanged","false","status_not_public|missing_alias_or_slug|incomplete_listing"
"67c9ead1818d604b84e5a52e","E And J Seafood Inglewood 2","remaining","","Restaurants","Restaurants","","","","","","{""status"":""pending"",""approved"":null,""alias"":""e-and-j-seafood-inglewood-2"",""slug"":null,""isComplete"":false,""completenessScore"":56,""qualityScore"":null,""isTest"":null,""auditTag"":null,""business_name"":""E And J Seafood Inglewood 2"",""address"":""424 E Manchester Blvd Inglewood, CA 90301"",""city"":"""",""state"":""CA""}","unchanged","false","status_not_public|incomplete_listing"
"67f73dec1d08a04e139a9d1b","","remaining","","Cosmetics & Beauty Supply, Hair Salons, Skin Care","Beauty, Grooming and Personal Care","","","","","","{""status"":""pending"",""approved"":null,""alias"":""beautybeez-north-hollywood"",""slug"":null,""isComplete"":false,""completenessScore"":56,""qualityScore"":null,""isTest"":null,""auditTag"":null,""business_name"":"""",""address"":""6522 Laurel Canyon Blvd, North Hollywood, CA 91606"",""city"":"""",""state"":""CA""}","unchanged","false","status_not_public|incomplete_listing"
"67f73dec1d08a04e139a9da4","","remaining","","Restaurants","Restaurants","","","","","","{""status"":""pending"",""approved"":null,""alias"":""camilles-burbank-2"",""slug"":null,""isComplete"":false,""completenessScore"":44,""qualityScore"":null,""isTest"":null,""auditTag"":null,""business_name"":"""",""address"":""2713 W Olive Ave Burbank, CA 91505"",""city"":"""",""state"":""CA""}","unchanged","false","status_not_public|incomplete_listing"
"67f73dec1d08a04e139a9d2f","","remaining","","Wigs, Cosmetics & Beauty Supply, Hair Extensions","Beauty, Grooming and Personal Care","","","","","","{""status"":""pending"",""approved"":null,""alias"":""hair-magnifique-los-angeles-6"",""slug"":null,""isComplete"":false,""completenessScore"":56,""qualityScore"":null,""isTest"":null,""auditTag"":null,""business_name"":"""",""address"":""5593 W Manchester Ave, Los Angeles, CA 90045"",""city"":"""",""state"":""CA""}","unchanged","false","status_not_public|incomplete_listing"
"67f73dec1d08a04e139a9da1","","remaining","","Shopping","Shopping","","","","","","{""status"":""pending"",""approved"":null,""alias"":null,""slug"":null,""isComplete"":false,""completenessScore"":44,""qualityScore"":null,""isTest"":null,""auditTag"":null,""business_name"":"""",""address"":""600 S Spring St Los Angeles, CA 90014"",""city"":"""",""state"":""CA""}","unchanged","false","status_not_public|missing_alias_or_slug|incomplete_listing"
"67f73dec1d08a04e139a9dbd","","remaining","","Services","Services","","","","","","{""status"":""pending"",""approved"":null,""alias"":null,""slug"":null,""isComplete"":false,""completenessScore"":33,""qualityScore"":null,""isTest"":null,""auditTag"":null,""business_name"":"""",""address"":"""",""city"":"""",""state"":""""}","unchanged","false","status_not_public|missing_alias_or_slug|incomplete_listing"
"67f73dec1d08a04e139a9dfc","","remaining","","Restaurants","Restaurants","","","","","","{""status"":""pending"",""approved"":null,""alias"":""hambones-bar-and-grill-bellflower"",""slug"":null,""isComplete"":false,""completenessScore"":56,""qualityScore"":null,""isTest"":null,""auditTag"":null,""business_name"":"""",""address"":""9825 Belmont St Bellflower, CA 90706"",""city"":"""",""state"":""CA""}","unchanged","false","status_not_public|incomplete_listing"
"67f73dec1d08a04e139a9e07","","remaining","","Nightlife","Nightlife","","","","","","{""status"":""pending"",""approved"":null,""alias"":""hyperion-public-los-angeles-5"",""slug"":null,""isComplete"":false,""completenessScore"":56,""qualityScore"":null,""isTest"":null,""auditTag"":null,""business_name"":"""",""address"":""2538 Hyperion Ave Los Angeles, CA 90027"",""city"":"""",""state"":""CA""}","unchanged","false","status_not_public|incomplete_listing"
"67c9ead1818d604b84e5a586","","remaining","","Services","Services","","","","","","{""status"":""pending"",""approved"":null,""alias"":null,""slug"":null,""isComplete"":false,""completenessScore"":56,""qualityScore"":null,""isTest"":null,""auditTag"":null,""business_name"":"""",""address"":""11765 Iowa Ave Los Angeles, CA 90025"",""city"":"""",""state"":""CA""}","unchanged","false","status_not_public|missing_alias_or_slug|incomplete_listing"
"67c9ead1818d604b84e5a58c","La Louisanne Los Angeles 3","remaining","","Restaurants","Restaurants","","","","","","{""status"":""pending"",""approved"":null,""alias"":""la-louisanne-los-angeles-3"",""slug"":null,""isComplete"":false,""completenessScore"":56,""qualityScore"":null,""isTest"":null,""auditTag"":null,""business_name"":""La Louisanne Los Angeles 3"",""address"":""5812 Overhill Dr Los Angeles, CA 90043"",""city"":"""",""state"":""CA""}","unchanged","false","status_not_public|incomplete_listing"
"67f73dec1d08a04e139a9d21","","remaining","","Hair Salons","Beauty, Grooming and Personal Care","","","","","","{""status"":""pending"",""approved"":null,""alias"":""starring-by-ted-gibson-los-angeles"",""slug"":null,""isComplete"":false,""completenessScore"":56,""qualityScore"":null,""isTest"":null,""auditTag"":null,""business_name"":"""",""address"":""211 South La Brea Ave, Los Angeles, CA 90036"",""city"":"""",""state"":""CA""}","unchanged","false","status_not_public|incomplete_listing"
"67c9ead1818d604b84e5a5a0","","remaining","","Restaurants","Restaurants","","","","","","{""status"":""pending"",""approved"":null,""alias"":null,""slug"":null,""isComplete"":false,""completenessScore"":44,""qualityScore"":null,""isTest"":null,""auditTag"":null,""business_name"":"""",""address"":""2640 Main St, Santa Monica, CA 90404"",""city"":"""",""state"":""CA""}","unchanged","false","status_not_public|missing_alias_or_slug|incomplete_listing"
"67c9ead1818d604b84e5a5a2","","remaining","","Shopping","Shopping","","","","","","{""status"":""pending"",""approved"":null,""alias"":null,""slug"":null,""isComplete"":false,""completenessScore"":22,""qualityScore"":null,""isTest"":null,""auditTag"":null,""business_name"":"""",""address"":"""",""city"":"""",""state"":""""}","unchanged","false","status_not_public|missing_alias_or_slug|incomplete_listing"
"67c9ead1818d604b84e5a520","","remaining","","Shopping","Shopping","","","","","","{""status"":""pending"",""approved"":null,""alias"":null,""slug"":null,""isComplete"":false,""completenessScore"":56,""qualityScore"":null,""isTest"":null,""auditTag"":null,""business_name"":"""",""address"":""4446 W Slauson Ave, Windsor Hills, CA 90043"",""city"":"""",""state"":""CA""}","unchanged","false","status_not_public|missing_alias_or_slug|incomplete_listing"
"67f73dec1d08a04e139a9c56","superior frames","remaining","","Shopping","Shopping","","","","","","{""status"":""pending"",""approved"":null,""alias"":null,""slug"":null,""isComplete"":true,""completenessScore"":78,""qualityScore"":null,""isTest"":null,""auditTag"":null,""business_name"":""superior frames"",""address"":""3121 W Jefferson Blvd Los Angeles, CA 90018"",""city"":"""",""state"":""CA""}","unchanged","false","status_not_public|missing_alias_or_slug"
"67f73dec1d08a04e139a9c7b","the sammich shop","remaining","","Restaurants","Restaurants","","","","","","{""status"":""pending"",""approved"":null,""alias"":null,""slug"":null,""isComplete"":false,""completenessScore"":67,""qualityScore"":null,""isTest"":null,""auditTag"":null,""business_name"":""the sammich shop"",""address"":""222 East Regent Inglewood, CA 90301"",""city"":"""",""state"":""CA""}","unchanged","false","status_not_public|missing_alias_or_slug|incomplete_listing"
"67f73dec1d08a04e139a9d1a","","remaining","","Hair Stylists, Hair Extensions, Makeup Artists","Beauty, Grooming and Personal Care","","","","","","{""status"":""pending"",""approved"":null,""alias"":""le-mode-hair-salon-suite-los-angeles-3"",""slug"":null,""isComplete"":false,""completenessScore"":56,""qualityScore"":null,""isTest"":null,""auditTag"":null,""business_name"":"""",""address"":""5444 Yolanda Ave, Ste 217, Los Angeles, CA 91356"",""city"":"""",""state"":""CA""}","unchanged","false","status_not_public|incomplete_listing"
"67f73dec1d08a04e139a9d74","","remaining","","Museums, Cultural Institutions, and Shared Spaces","Museums, Cultural Institutions, and Shared Spaces","","","","","","{""status"":""pending"",""approved"":null,""alias"":""band-of-vices-art-gallery-los-angeles"",""slug"":null,""isComplete"":false,""completenessScore"":56,""qualityScore"":null,""isTest"":null,""auditTag"":null,""business_name"":"""",""address"":""5376 W Adams Blvd Los Angeles, CA 90016"",""city"":"""",""state"":""CA""}","unchanged","false","status_not_public|incomplete_listing"
"67f73dec1d08a04e139a9d8d","","remaining","","Beauty, Grooming and Personal Care","Beauty, Grooming and Personal Care","","","","","","{""status"":""pending"",""approved"":null,""alias"":""beauty-pro-la-west-hollywood-5"",""slug"":null,""isComplete"":false,""completenessScore"":56,""qualityScore"":null,""isTest"":null,""auditTag"":null,""business_name"":"""",""address"":""1250 N La Brea Ave Ste 108 West Hollywood, CA 90038"",""city"":"""",""state"":""CA""}","unchanged","false","status_not_public|incomplete_listing"
"67f73dec1d08a04e139a9e1e","","remaining","","Shopping","Shopping","","","","","","{""status"":""pending"",""approved"":null,""alias"":null,""slug"":null,""isComplete"":false,""completenessScore"":44,""qualityScore"":null,""isTest"":null,""auditTag"":null,""business_name"":"""",""address"":""1030 Sanborn Ave Los Angeles, CA 90029"",""city"":"""",""state"":""CA""}","unchanged","false","status_not_public|missing_alias_or_slug|incomplete_listing"
"67f73dec1d08a04e139a9ca5","yo-way eatery","remaining","","Restaurants","Restaurants","","","","","","{""status"":""pending"",""approved"":null,""alias"":null,""slug"":null,""isComplete"":true,""completenessScore"":78,""qualityScore"":null,""isTest"":null,""auditTag"":null,""business_name"":""yo-way eatery"",""address"":""17901 S Vermont Ste D Gardena, CA 90248"",""city"":"""",""state"":""CA""}","unchanged","false","status_not_public|missing_alias_or_slug"
"67f73dec1d08a04e139a9d33","","remaining","","Hair Extensions, Wigs, Cosmetics & Beauty Supply","Beauty, Grooming and Personal Care","","","","","","{""status"":""pending"",""approved"":null,""alias"":""evettes-beauty-supply-pasadena-2"",""slug"":null,""isComplete"":false,""completenessScore"":56,""qualityScore"":null,""isTest"":null,""auditTag"":null,""business_name"":"""",""address"":""1581 E Colorado Blvd, Pasadena, CA 91106"",""city"":"""",""state"":""CA""}","unchanged","false","status_not_public|incomplete_listing"
"67f73dec1d08a04e139a9d5e","","remaining","","Restaurants","Restaurants","","","","","","{""status"":""pending"",""approved"":null,""alias"":""alex-fish-market-los-angeles"",""slug"":null,""isComplete"":false,""completenessScore"":44,""qualityScore"":null,""isTest"":null,""auditTag"":null,""business_name"":"""",""address"":""1451 W Martin Luther King Jr Blvd Los Angeles, CA 90062"",""city"":"""",""state"":""CA""}","unchanged","false","status_not_public|incomplete_listing"
"67f73dec1d08a04e139a9dcd","","remaining","","Restaurants","Restaurants","","","","","","{""status"":""pending"",""approved"":null,""alias"":null,""slug"":null,""isComplete"":false,""completenessScore"":44,""qualityScore"":null,""isTest"":null,""auditTag"":null,""business_name"":"""",""address"":""315 N Sierra Bonita Ave Los Angeles, CA 90036"",""city"":"""",""state"":""CA""}","unchanged","false","status_not_public|missing_alias_or_slug|incomplete_listing"
"67c9ead1818d604b84e5a563","Island Flavors Caribbean Cuisine Los Angeles 2","remaining","","Restaurants","Restaurants","","","","","","{""status"":""approved"",""approved"":null,""alias"":""island-flavors-caribbean-cuisine-los-angeles-2"",""slug"":null,""isComplete"":false,""completenessScore"":67,""qualityScore"":null,""isTest"":null,""auditTag"":null,""business_name"":""Island Flavors Caribbean Cuisine Los Angeles 2"",""address"":""Los Angeles, CA 91401"",""city"":"""",""state"":""CA""}","unchanged","false","incomplete_listing"
"67f73dec1d08a04e139a9c50","taco bar","remaining","","Restaurants","Restaurants","","","","","","{""status"":""pending"",""approved"":null,""alias"":null,""slug"":null,""isComplete"":false,""completenessScore"":67,""qualityScore"":null,""isTest"":null,""auditTag"":null,""business_name"":""taco bar"",""address"":""5815 West Pico Blvd Los Angeles, CA 90019"",""city"":"""",""state"":""CA""}","unchanged","false","status_not_public|missing_alias_or_slug|incomplete_listing"
"67f73dec1d08a04e139a9de8","","remaining","","Shopping","Shopping","","","","","","{""status"":""pending"",""approved"":null,""alias"":null,""slug"":null,""isComplete"":false,""completenessScore"":22,""qualityScore"":null,""isTest"":null,""auditTag"":null,""business_name"":"""",""address"":"""",""city"":"""",""state"":""""}","unchanged","false","status_not_public|missing_alias_or_slug|incomplete_listing"
"67f73dec1d08a04e139a9e1d","","remaining","","Restaurants","Restaurants","","","","","","{""status"":""pending"",""approved"":null,""alias"":""juice-c-juice-carson-2"",""slug"":null,""isComplete"":false,""completenessScore"":44,""qualityScore"":null,""isTest"":null,""auditTag"":null,""business_name"":"""",""address"":""940 E Dominguez Ste K Carson, CA 90746"",""city"":"""",""state"":""CA""}","unchanged","false","status_not_public|incomplete_listing"
"67c9ead1818d604b84e5a58d","Lalibela Ethiopian Restaurant Los Angeles","remaining","","Restaurants","Restaurants","","","","","","{""status"":""approved"",""approved"":null,""alias"":""lalibela-ethiopian-restaurant-los-angeles"",""slug"":null,""isComplete"":false,""completenessScore"":67,""qualityScore"":null,""isTest"":null,""auditTag"":null,""business_name"":""Lalibela Ethiopian Restaurant Los Angeles"",""address"":""1025 S Fairfax Ave Los Angeles, CA 90019"",""city"":"""",""state"":""CA""}","unchanged","false","incomplete_listing"
"67c9ead1818d604b84e5a59c","Little Belize Restaurant Inglewood 2","remaining","","Restaurants","Restaurants","","","","","","{""status"":""pending"",""approved"":null,""alias"":""little-belize-restaurant-inglewood-2"",""slug"":null,""isComplete"":false,""completenessScore"":56,""qualityScore"":null,""isTest"":null,""auditTag"":null,""business_name"":""Little Belize Restaurant Inglewood 2"",""address"":""217 E Nutwood St Inglewood, CA 90301"",""city"":"""",""state"":""CA""}","unchanged","false","status_not_public|incomplete_listing"
"67c9ead1818d604b84e5a503","","remaining","","Museums, Cultural Institutions, and Shared Spaces","Museums, Cultural Institutions, and Shared Spaces","","","","","","{""status"":""pending"",""approved"":null,""alias"":null,""slug"":null,""isComplete"":false,""completenessScore"":44,""qualityScore"":null,""isTest"":null,""auditTag"":null,""business_name"":"""",""address"":""10624 Graham Ave, Los Angeles, CA 90002"",""city"":"""",""state"":""CA""}","unchanged","false","status_not_public|missing_alias_or_slug|incomplete_listing"
"67c9ead1818d604b84e5a505","Cobblers Cakes And Kream Inglewood","remaining","","Restaurants","Restaurants","","","","","","{""status"":""pending"",""approved"":null,""alias"":""cobblers-cakes-and-kream-inglewood"",""slug"":null,""isComplete"":false,""completenessScore"":56,""qualityScore"":null,""isTest"":null,""auditTag"":null,""business_name"":""Cobblers Cakes And Kream Inglewood"",""address"":""2323 W Manchester Blvd Ste B Inglewood, CA 90305"",""city"":"""",""state"":""CA""}","unchanged","false","status_not_public|incomplete_listing"
"67c9ead1818d604b84e5a50c","Chef Marilyns Los Angeles 2","remaining","","Restaurants","Restaurants","","","","","","{""status"":""approved"",""approved"":null,""alias"":""chef-marilyns-los-angeles-2"",""slug"":null,""isComplete"":false,""completenessScore"":67,""qualityScore"":null,""isTest"":null,""auditTag"":null,""business_name"":""Chef Marilyns Los Angeles 2"",""address"":""2638 Crenshaw Blvd Los Angeles, CA 90016"",""city"":"""",""state"":""CA""}","unchanged","false","incomplete_listing"
"67c9ead1818d604b84e5a514","Compton Vegan Los Angeles","remaining","","Restaurants","Restaurants","","","","","","{""status"":""pending"",""approved"":null,""alias"":""compton-vegan-los-angeles"",""slug"":null,""isComplete"":false,""completenessScore"":56,""qualityScore"":null,""isTest"":null,""auditTag"":null,""business_name"":""Compton Vegan Los Angeles"",""address"":""11419 Santa Monica Blvd Los Angeles, CA 90025"",""city"":"""",""state"":""CA""}","unchanged","false","status_not_public|incomplete_listing"
"67c9ead1818d604b84e5a521","Day Days Bbq And Waffle House Pomona 3","remaining","","Restaurants","Restaurants","","","","","","{""status"":""pending"",""approved"":null,""alias"":""day-days-bbq-and-waffle-house-pomona-3"",""slug"":null,""isComplete"":false,""completenessScore"":56,""qualityScore"":null,""isTest"":null,""auditTag"":null,""business_name"":""Day Days Bbq And Waffle House Pomona 3"",""address"":""994 E Holt Blvd Pomona, CA 91767"",""city"":"""",""state"":""CA""}","unchanged","false","status_not_public|incomplete_listing"
"67c9ead1818d604b84e5a527","Dharma Yoga L A Los Angeles","remaining","","Gym, Fitness Health and Wellness","Gym, Fitness Health and Wellness","","","","","","{""status"":""approved"",""approved"":null,""alias"":""dharma-yoga-l-a-los-angeles"",""slug"":null,""isComplete"":false,""completenessScore"":67,""qualityScore"":null,""isTest"":null,""auditTag"":null,""business_name"":""Dharma Yoga L A Los Angeles"",""address"":""4870 W Adams Blvd Unit B Los Angeles, CA 90016"",""city"":"""",""state"":""CA""}","unchanged","false","incomplete_listing"
"67c9ead1818d604b84e5a541","","remaining","","Restaurants","Restaurants","","","","","","{""status"":""pending"",""approved"":null,""alias"":null,""slug"":null,""isComplete"":false,""completenessScore"":33,""qualityScore"":null,""isTest"":null,""auditTag"":null,""business_name"":"""",""address"":""3746 Monteith Dr View Park-Windsor Hills, CA 90043"",""city"":"""",""state"":""CA""}","unchanged","false","status_not_public|missing_alias_or_slug|incomplete_listing"
"67f73dec1d08a04e139a9ca3","wilson's bbq rib shack","remaining","","Restaurants","Restaurants","","","","","","{""status"":""pending"",""approved"":null,""alias"":null,""slug"":null,""isComplete"":false,""completenessScore"":67,""qualityScore"":null,""isTest"":null,""auditTag"":null,""business_name"":""wilson's bbq rib shack"",""address"":""300 N El Molino St Alhambra, CA 91801"",""city"":"""",""state"":""CA""}","unchanged","false","status_not_public|missing_alias_or_slug|incomplete_listing"
"67f73dec1d08a04e139a9d5c","","remaining","","Restaurants","Restaurants","","","","","","{""status"":""pending"",""approved"":null,""alias"":""aduke-nigerian-cuisine-inglewood-3"",""slug"":null,""isComplete"":false,""completenessScore"":44,""qualityScore"":null,""isTest"":null,""auditTag"":null,""business_name"":"""",""address"":""1117 W Manchester Blvd Ste C Inglewood, CA 90301"",""city"":"""",""state"":""CA""}","unchanged","false","status_not_public|incomplete_listing"
"67f73dec1d08a04e139a9dcb","","remaining","","Restaurants","Restaurants","","","","","","{""status"":""pending"",""approved"":null,""alias"":""devis-donuts-and-sweets-long-beach"",""slug"":null,""isComplete"":false,""completenessScore"":44,""qualityScore"":null,""isTest"":null,""auditTag"":null,""business_name"":"""",""address"":""130 Cherry Ave Long Beach, CA 90813"",""city"":"""",""state"":""CA""}","unchanged","false","status_not_public|incomplete_listing"
"67f73dec1d08a04e139a9e01","","remaining","","Restaurants","Restaurants","","","","","","{""status"":""pending"",""approved"":null,""alias"":""harriets-cheesecakes-unlimited-inglewood"",""slug"":null,""isComplete"":false,""completenessScore"":56,""qualityScore"":null,""isTest"":null,""auditTag"":null,""business_name"":"""",""address"":""1515 Centinela Ave Inglewood, CA 90302"",""city"":"""",""state"":""CA""}","unchanged","false","status_not_public|incomplete_listing"
"67f73dec1d08a04e139a9da2","","remaining","","Restaurants","Restaurants","","","","","","{""status"":""pending"",""approved"":null,""alias"":""cafe-creole-los-angeles"",""slug"":null,""isComplete"":false,""completenessScore"":44,""qualityScore"":null,""isTest"":null,""auditTag"":null,""business_name"":"""",""address"":""3650 W Martin Luther King Jr Blvd Ste 144 Los Angeles, CA 90008"",""city"":"""",""state"":""CA""}","unchanged","false","status_not_public|incomplete_listing"
"67c9ead1818d604b84e5a577","Just Turkey Los Angeles 2","remaining","","Restaurants","Restaurants","","","","","","{""status"":""pending"",""approved"":null,""alias"":""just-turkey-los-angeles-2"",""slug"":null,""isComplete"":false,""completenessScore"":56,""qualityScore"":null,""isTest"":null,""auditTag"":null,""business_name"":""Just Turkey Los Angeles 2"",""address"":""3340 La Cienega Blvd Los Angeles, CA 90016"",""city"":"""",""state"":""CA""}","unchanged","false","status_not_public|incomplete_listing"
"67c9ead1818d604b84e5a57f","","remaining","","Restaurants","Restaurants","","","","","","{""status"":""pending"",""approved"":null,""alias"":null,""slug"":null,""isComplete"":false,""completenessScore"":33,""qualityScore"":null,""isTest"":null,""auditTag"":null,""business_name"":"""",""address"":""1253 Mira Valle St Corona, CA 92879"",""city"":"""",""state"":""CA""}","unchanged","false","status_not_public|missing_alias_or_slug|incomplete_listing"
"67c9ead1818d604b84e5a584","","remaining","","Gym, Fitness Health and Wellness","Gym, Fitness Health and Wellness","","","","","","{""status"":""pending"",""approved"":null,""alias"":null,""slug"":null,""isComplete"":false,""completenessScore"":44,""qualityScore"":null,""isTest"":null,""auditTag"":null,""business_name"":"""",""address"":""1710 N McCadden Pl, Los Angeles, CA 90028"",""city"":"""",""state"":""CA""}","unchanged","false","status_not_public|missing_alias_or_slug|incomplete_listing"
"67f73dec1d08a04e139a9c8a","trap kitchen","remaining","","Restaurants","Restaurants","","","","","","{""status"":""pending"",""approved"":null,""alias"":null,""slug"":null,""isComplete"":false,""completenessScore"":67,""qualityScore"":null,""isTest"":null,""auditTag"":null,""business_name"":""trap kitchen"",""address"":""4712 Lomita St Los Angeles, CA 90019"",""city"":"""",""state"":""CA""}","unchanged","false","status_not_public|missing_alias_or_slug|incomplete_listing"
"67c9ead1818d604b84e5a592","","remaining","","Shopping","Shopping","","","","","","{""status"":""pending"",""approved"":null,""alias"":null,""slug"":null,""isComplete"":false,""completenessScore"":22,""qualityScore"":null,""isTest"":null,""auditTag"":null,""business_name"":"""",""address"":"""",""city"":"""",""state"":""""}","unchanged","false","status_not_public|missing_alias_or_slug|incomplete_listing"
"67c9ead1818d604b84e5a599","Lettuce Feast Los Angeles 2","remaining","","Restaurants","Restaurants","","","","","","{""status"":""pending"",""approved"":null,""alias"":""lettuce-feast-los-angeles-2"",""slug"":null,""isComplete"":false,""completenessScore"":56,""qualityScore"":null,""isTest"":null,""auditTag"":null,""business_name"":""Lettuce Feast Los Angeles 2"",""address"":""Los Angeles, CA 90001"",""city"":"""",""state"":""CA""}","unchanged","false","status_not_public|incomplete_listing"
"67c9ead1818d604b84e5a52b","Dime Nails La Los Angeles","remaining","","Beauty, Grooming and Personal Care","Beauty, Grooming and Personal Care","","","","","","{""status"":""approved"",""approved"":null,""alias"":""dime-nails-la-los-angeles"",""slug"":null,""isComplete"":false,""completenessScore"":67,""qualityScore"":null,""isTest"":null,""auditTag"":null,""business_name"":""Dime Nails La Los Angeles"",""address"":""1086 S Fairfax Ave Los Angeles, CA 90019"",""city"":"""",""state"":""CA""}","unchanged","false","incomplete_listing"
"67c9ead1818d604b84e5a53f","","remaining","","Restaurants","Restaurants","","","","","","{""status"":""pending"",""approved"":null,""alias"":null,""slug"":null,""isComplete"":false,""completenessScore"":33,""qualityScore"":null,""isTest"":null,""auditTag"":null,""business_name"":"""",""address"":""205 S Willowbrook Ave Compton, CA 90220"",""city"":"""",""state"":""CA""}","unchanged","false","status_not_public|missing_alias_or_slug|incomplete_listing"
"67c9ead1818d604b84e5a5a5","","remaining","","Shopping","Shopping","","","","","","{""status"":""pending"",""approved"":null,""alias"":null,""slug"":null,""isComplete"":false,""completenessScore"":44,""qualityScore"":null,""isTest"":null,""auditTag"":null,""business_name"":"""",""address"":""623 SOUTH LONG BEACH COMPTON, CA 90221"",""city"":"""",""state"":""CA""}","unchanged","false","status_not_public|missing_alias_or_slug|incomplete_listing"
"67c9ead1818d604b84e5a511","","remaining","","Services","Services","","","","","","{""status"":""pending"",""approved"":null,""alias"":null,""slug"":null,""isComplete"":false,""completenessScore"":33,""qualityScore"":null,""isTest"":null,""auditTag"":null,""business_name"":"""",""address"":"""",""city"":"""",""state"":""""}","unchanged","false","status_not_public|missing_alias_or_slug|incomplete_listing"
"67c9ead1818d604b84e5a517","","remaining","","Shopping","Shopping","","","","","","{""status"":""pending"",""approved"":null,""alias"":null,""slug"":null,""isComplete"":false,""completenessScore"":44,""qualityScore"":null,""isTest"":null,""auditTag"":null,""business_name"":"""",""address"":""311 N. Robertson Blvd., Suite 458 Beverly Hills, CA 90211"",""city"":"""",""state"":""CA""}","unchanged","false","status_not_public|missing_alias_or_slug|incomplete_listing"
"67c9ead1818d604b84e5a54a","","remaining","","Restaurants","Restaurants","","","","","","{""status"":""pending"",""approved"":null,""alias"":null,""slug"":null,""isComplete"":false,""completenessScore"":44,""qualityScore"":null,""isTest"":null,""auditTag"":null,""business_name"":"""",""address"":""541 S Spring St #133, Los Angeles, CA 90013"",""city"":"""",""state"":""CA""}","unchanged","false","status_not_public|missing_alias_or_slug|incomplete_listing"
"67c9ead1818d604b84e5a54e","Georgias Restaurant Long Beach","remaining","","Restaurants","Restaurants","","","","","","{""status"":""pending"",""approved"":null,""alias"":""georgias-restaurant-long-beach"",""slug"":null,""isComplete"":false,""completenessScore"":56,""qualityScore"":null,""isTest"":null,""auditTag"":null,""business_name"":""Georgias Restaurant Long Beach"",""address"":""4101 McGowen St Ste 155 Long Beach, CA 90808"",""city"":"""",""state"":""CA""}","unchanged","false","status_not_public|incomplete_listing"
"67c9ead1818d604b84e5a562","","remaining","","Services","Services","","","","","","{""status"":""pending"",""approved"":null,""alias"":null,""slug"":null,""isComplete"":false,""completenessScore"":33,""qualityScore"":null,""isTest"":null,""auditTag"":null,""business_name"":"""",""address"":"""",""city"":"""",""state"":""""}","unchanged","false","status_not_public|missing_alias_or_slug|incomplete_listing"
"67c9ead1818d604b84e5a568","Jackfruit Cafe Los Angeles","remaining","","Restaurants","Restaurants","","","","","","{""status"":""pending"",""approved"":null,""alias"":""jackfruit-cafe-los-angeles"",""slug"":null,""isComplete"":false,""completenessScore"":56,""qualityScore"":null,""isTest"":null,""auditTag"":null,""business_name"":""Jackfruit Cafe Los Angeles"",""address"":""11419 Santa Monica Blvd Ste K23 Los Angeles, CA 90025"",""city"":"""",""state"":""CA""}","unchanged","false","status_not_public|incomplete_listing"
"67f73dec1d08a04e139a9c60","tamra copper water bottles","remaining","","Shopping","Shopping","","","","","","{""status"":""pending"",""approved"":null,""alias"":null,""slug"":null,""isComplete"":false,""completenessScore"":44,""qualityScore"":null,""isTest"":null,""auditTag"":null,""business_name"":""tamra copper water bottles"",""address"":"""",""city"":"""",""state"":""""}","unchanged","false","status_not_public|missing_alias_or_slug|incomplete_listing"
"67f73dec1d08a04e139a9c65","the d.w. cookie co.","remaining","","Restaurants","Restaurants","","","","","","{""status"":""pending"",""approved"":null,""alias"":null,""slug"":null,""isComplete"":false,""completenessScore"":67,""qualityScore"":null,""isTest"":null,""auditTag"":null,""business_name"":""the d.w. cookie co."",""address"":""18962 Soledad Canyon Rd Santa Clarita, CA 91351"",""city"":"""",""state"":""CA""}","unchanged","false","status_not_public|missing_alias_or_slug|incomplete_listing"
"67f73dec1d08a04e139a9c7c","the runway boutique","remaining","","Shopping","Shopping","","","","","","{""status"":""pending"",""approved"":null,""alias"":null,""slug"":null,""isComplete"":true,""completenessScore"":78,""qualityScore"":null,""isTest"":null,""auditTag"":null,""business_name"":""the runway boutique"",""address"":""6737 Greenleaf Ave Whittier, CA 90601"",""city"":"""",""state"":""CA""}","unchanged","false","status_not_public|missing_alias_or_slug"
"67f73dec1d08a04e139a9d92","","remaining","","Services","Services","","","","","","{""status"":""pending"",""approved"":null,""alias"":null,""slug"":null,""isComplete"":false,""completenessScore"":22,""qualityScore"":null,""isTest"":null,""auditTag"":null,""business_name"":"""",""address"":"""",""city"":"""",""state"":""""}","unchanged","false","status_not_public|missing_alias_or_slug|incomplete_listing"
"67c9ead1818d604b84e5a579","Karubas Yardy Kitchen Inglewood 2","remaining","","Restaurants","Restaurants","","","","","","{""status"":""approved"",""approved"":null,""alias"":""karubas-yardy-kitchen-inglewood-2"",""slug"":null,""isComplete"":false,""completenessScore"":67,""qualityScore"":null,""isTest"":null,""auditTag"":null,""business_name"":""Karubas Yardy Kitchen Inglewood 2"",""address"":""1300 Centinela Ave Unit 103 Inglewood, CA 90302"",""city"":"""",""state"":""CA""}","unchanged","false","incomplete_listing"
"67f73dec1d08a04e139a9de1","","remaining","","Restaurants","Restaurants","","","","","","{""status"":""pending"",""approved"":null,""alias"":""flowerboy-project-los-angeles"",""slug"":null,""isComplete"":false,""completenessScore"":56,""qualityScore"":null,""isTest"":null,""auditTag"":null,""business_name"":"""",""address"":""824 Lincoln Blvd Los Angeles, CA 90291"",""city"":"""",""state"":""CA""}","unchanged","false","status_not_public|incomplete_listing"
"67f73dec1d08a04e139a9c5f","the blvd kitchen","remaining","","Restaurants","Restaurants","","","","","","{""status"":""pending"",""approved"":null,""alias"":null,""slug"":null,""isComplete"":false,""completenessScore"":67,""qualityScore"":null,""isTest"":null,""auditTag"":null,""business_name"":""the blvd kitchen"",""address"":""13545 Ventura Blvd Los Angeles, CA 91423"",""city"":"""",""state"":""CA""}","unchanged","false","status_not_public|missing_alias_or_slug|incomplete_listing"
"67f73dec1d08a04e139a9c8c","treme kitchen","remaining","","Restaurants","Restaurants","","","","","","{""status"":""pending"",""approved"":null,""alias"":null,""slug"":null,""isComplete"":false,""completenessScore"":56,""qualityScore"":null,""isTest"":null,""auditTag"":null,""business_name"":""treme kitchen"",""address"":""Leimert Park, CA 90008"",""city"":"""",""state"":""CA""}","unchanged","false","status_not_public|missing_alias_or_slug|incomplete_listing"
"67c9ead1818d604b84e5a591","","remaining","","Services","Services","","","","","","{""status"":""pending"",""approved"":null,""alias"":null,""slug"":null,""isComplete"":false,""completenessScore"":22,""qualityScore"":null,""isTest"":null,""auditTag"":null,""business_name"":"""",""address"":"""",""city"":"""",""state"":""""}","unchanged","false","status_not_public|missing_alias_or_slug|incomplete_listing"
"67f73dec1d08a04e139a9d70","","remaining","","Restaurants","Restaurants","","","","","","{""status"":""pending"",""approved"":null,""alias"":null,""slug"":null,""isComplete"":false,""completenessScore"":11,""qualityScore"":null,""isTest"":null,""auditTag"":null,""business_name"":"""",""address"":"""",""city"":"""",""state"":""""}","unchanged","false","status_not_public|missing_alias_or_slug|incomplete_listing"
"67f73dec1d08a04e139a9d9c","","remaining","","Restaurants","Restaurants","","","","","","{""status"":""pending"",""approved"":null,""alias"":""buna-ethiopian-restaurant-and-market-los-angeles-2"",""slug"":null,""isComplete"":false,""completenessScore"":44,""qualityScore"":null,""isTest"":null,""auditTag"":null,""business_name"":"""",""address"":""1034 S Fairfax Ave Los Angeles, CA 90019"",""city"":"""",""state"":""CA""}","unchanged","false","status_not_public|incomplete_listing"
"67c9ead1818d604b84e5a531","","remaining","","Shopping","Shopping","","","","","","{""status"":""pending"",""approved"":null,""alias"":null,""slug"":null,""isComplete"":false,""completenessScore"":22,""qualityScore"":null,""isTest"":null,""auditTag"":null,""business_name"":"""",""address"":"""",""city"":"""",""state"":""""}","unchanged","false","status_not_public|missing_alias_or_slug|incomplete_listing"
"67c9ead1818d604b84e5a537","","remaining","","Shopping","Shopping","","","","","","{""status"":""pending"",""approved"":null,""alias"":null,""slug"":null,""isComplete"":false,""completenessScore"":44,""qualityScore"":null,""isTest"":null,""auditTag"":null,""business_name"":"""",""address"":""3940 Laurel Canyon Blvd #427 Studio City, CA 91604"",""city"":"""",""state"":""CA""}","unchanged","false","status_not_public|missing_alias_or_slug|incomplete_listing"
"67c9ead1818d604b84e5a566","Island To Table Patty Hut Los Angeles","remaining","","Restaurants","Restaurants","","","","","","{""status"":""approved"",""approved"":null,""alias"":""island-to-table-patty-hut-los-angeles"",""slug"":null,""isComplete"":false,""completenessScore"":67,""qualityScore"":null,""isTest"":null,""auditTag"":null,""business_name"":""Island To Table Patty Hut Los Angeles"",""address"":""788 S Grand Ave Los angeles, CA 90017"",""city"":"""",""state"":""CA""}","unchanged","false","incomplete_listing"
"67c9ead1818d604b84e5a570","Jendayi Collection Los Angeles 2","remaining","","Shopping","Shopping","","","","","","{""status"":""approved"",""approved"":null,""alias"":""jendayi-collection-los-angeles-2"",""slug"":null,""isComplete"":false,""completenessScore"":67,""qualityScore"":null,""isTest"":null,""auditTag"":null,""business_name"":""Jendayi Collection Los Angeles 2"",""address"":""629 South Hill St Ste 1120 Los Angeles, CA 90014"",""city"":"""",""state"":""CA""}","unchanged","false","incomplete_listing"
"67c9ead1818d604b84e5a589","L A Grind Coffee And Tea Bar Los Angeles 2","remaining","","Restaurants","Restaurants","","","","","","{""status"":""pending"",""approved"":null,""alias"":""l-a-grind-coffee-and-tea-bar-los-angeles-2"",""slug"":null,""isComplete"":false,""completenessScore"":56,""qualityScore"":null,""isTest"":null,""auditTag"":null,""business_name"":""L A Grind Coffee And Tea Bar Los Angeles 2"",""address"":""Los Angeles, CA 90011"",""city"":"""",""state"":""CA""}","unchanged","false","status_not_public|incomplete_listing"
"67c9ead1818d604b84e5a5a4","Lotus Vegan North Hollywood","remaining","","Restaurants","Restaurants","","","","","","{""status"":""pending"",""approved"":null,""alias"":""lotus-vegan-north-hollywood"",""slug"":null,""isComplete"":false,""completenessScore"":56,""qualityScore"":null,""isTest"":null,""auditTag"":null,""business_name"":""Lotus Vegan North Hollywood"",""address"":""4715 Lankershim Blvd North Hollywood, CA 91602"",""city"":"""",""state"":""CA""}","unchanged","false","status_not_public|incomplete_listing"
"67f73dec1d08a04e139a9d17","","remaining","","Hair Salons","Beauty, Grooming and Personal Care","","","","","","{""status"":""pending"",""approved"":null,""alias"":""the-hair-bar-of-beverly-hills-beverly-hills"",""slug"":null,""isComplete"":false,""completenessScore"":56,""qualityScore"":null,""isTest"":null,""auditTag"":null,""business_name"":"""",""address"":""151 S Doheny Dr, Studio 26, Beverly Hills, CA 90211"",""city"":"""",""state"":""CA""}","unchanged","false","status_not_public|incomplete_listing"
"67f73dec1d08a04e139a9d9b","","remaining","","Restaurants","Restaurants","","","","","","{""status"":""pending"",""approved"":null,""alias"":""brothers-bar-b-que-los-angeles"",""slug"":null,""isComplete"":false,""completenessScore"":56,""qualityScore"":null,""isTest"":null,""auditTag"":null,""business_name"":"""",""address"":""7725 Crenshaw Blvd Los Angeles, CA 90043"",""city"":"""",""state"":""CA""}","unchanged","false","status_not_public|incomplete_listing"
"67f73dec1d08a04e139a9dc4","","remaining","","Shopping","Shopping","","","","","","{""status"":""pending"",""approved"":null,""alias"":null,""slug"":null,""isComplete"":false,""completenessScore"":44,""qualityScore"":null,""isTest"":null,""auditTag"":null,""business_name"":"""",""address"":""311 N. Robertson Blvd., Suite 458 Beverly Hills, CA 90211"",""city"":"""",""state"":""CA""}","unchanged","false","status_not_public|missing_alias_or_slug|incomplete_listing"
"67f73dec1d08a04e139a9de0","","remaining","","Restaurants","Restaurants","","","","","","{""status"":""pending"",""approved"":null,""alias"":null,""slug"":null,""isComplete"":false,""completenessScore"":11,""qualityScore"":null,""isTest"":null,""auditTag"":null,""business_name"":"""",""address"":"""",""city"":"""",""state"":""""}","unchanged","false","status_not_public|missing_alias_or_slug|incomplete_listing"
"67c9ead1818d604b84e5a52a","Doll Babee Cheesecakes Lakewood 2","remaining","","Restaurants","Restaurants","","","","","","{""status"":""pending"",""approved"":null,""alias"":""doll-babee-cheesecakes-lakewood-2"",""slug"":null,""isComplete"":false,""completenessScore"":56,""qualityScore"":null,""isTest"":null,""auditTag"":null,""business_name"":""Doll Babee Cheesecakes Lakewood 2"",""address"":""500 Lakewood Center Mall Lakewood, CA 90712"",""city"":"""",""state"":""CA""}","unchanged","false","status_not_public|incomplete_listing"
"67c9ead1818d604b84e5a53b","Flavors From Afar Los Angeles 2","remaining","","Restaurants","Restaurants","","","","","","{""status"":""pending"",""approved"":null,""alias"":""flavors-from-afar-los-angeles-2"",""slug"":null,""isComplete"":false,""completenessScore"":56,""qualityScore"":null,""isTest"":null,""auditTag"":null,""business_name"":""Flavors From Afar Los Angeles 2"",""address"":""1046 S Fairfax Los Angeles, CA 90019"",""city"":"""",""state"":""CA""}","unchanged","false","status_not_public|incomplete_listing"
"67c9ead1818d604b84e5a545","","remaining","","Shopping","Shopping","","","","","","{""status"":""pending"",""approved"":null,""alias"":null,""slug"":null,""isComplete"":false,""completenessScore"":44,""qualityScore"":null,""isTest"":null,""auditTag"":null,""business_name"":"""",""address"":""767 South Alameda St. #192 Los Angeles 90021"",""city"":"""",""state"":""767""}","unchanged","false","status_not_public|missing_alias_or_slug|incomplete_listing"
"67c9ead1818d604b84e5a56a","Jamafo Jamaican Food Xpress Los Angeles","remaining","","Restaurants","Restaurants","","","","","","{""status"":""approved"",""approved"":null,""alias"":""jamafo-jamaican-food-xpress-los-angeles"",""slug"":null,""isComplete"":false,""completenessScore"":67,""qualityScore"":null,""isTest"":null,""auditTag"":null,""business_name"":""Jamafo Jamaican Food Xpress Los Angeles"",""address"":""22213 Sherman Way Los Angeles, CA 91303"",""city"":"""",""state"":""CA""}","unchanged","false","incomplete_listing"
"67c9ead1818d604b84e5a506","Chulita Venice","remaining","","Restaurants","Restaurants","","","","","","{""status"":""pending"",""approved"":null,""alias"":""chulita-venice"",""slug"":null,""isComplete"":false,""completenessScore"":56,""qualityScore"":null,""isTest"":null,""auditTag"":null,""business_name"":""Chulita Venice"",""address"":""533 Rose Ave Venice, CA 90291"",""city"":"""",""state"":""CA""}","unchanged","false","status_not_public|incomplete_listing"
"67c9ead1818d604b84e5a53d","Faith Blakeney Design Studio Culver City","remaining","","Services","Services","","","","","","{""status"":""approved"",""approved"":null,""alias"":""faith-blakeney-design-studio-culver-city"",""slug"":null,""isComplete"":false,""completenessScore"":67,""qualityScore"":null,""isTest"":null,""auditTag"":null,""business_name"":""Faith Blakeney Design Studio Culver City"",""address"":""10835 Oregon Ave Culver City, CA 90232"",""city"":"""",""state"":""CA""}","unchanged","false","incomplete_listing"
"67c9ead1818d604b84e5a56f","","remaining","","Services","Services","","","","","","{""status"":""pending"",""approved"":null,""alias"":null,""slug"":null,""isComplete"":false,""completenessScore"":22,""qualityScore"":null,""isTest"":null,""auditTag"":null,""business_name"":"""",""address"":"""",""city"":"""",""state"":""""}","unchanged","false","status_not_public|missing_alias_or_slug|incomplete_listing"
"67c9ead1818d604b84e5a572","Jordans Hot Dogs Los Angeles 2","remaining","","Restaurants","Restaurants","","","","","","{""status"":""pending"",""approved"":null,""alias"":""jordans-hot-dogs-los-angeles-2"",""slug"":null,""isComplete"":false,""completenessScore"":56,""qualityScore"":null,""isTest"":null,""auditTag"":null,""business_name"":""Jordans Hot Dogs Los Angeles 2"",""address"":""5960 Crenshaw Blvd Los Angeles, CA 90043"",""city"":"""",""state"":""CA""}","unchanged","false","status_not_public|incomplete_listing"
"67c9ead1818d604b84e5a582","Knibb Design Venice 2","remaining","","Services","Services","","","","","","{""status"":""approved"",""approved"":null,""alias"":""knibb-design-venice-2"",""slug"":null,""isComplete"":false,""completenessScore"":67,""qualityScore"":null,""isTest"":null,""auditTag"":null,""business_name"":""Knibb Design Venice 2"",""address"":""1522 Abbot Kinney Blvd Venice, CA 90291"",""city"":"""",""state"":""CA""}","unchanged","false","incomplete_listing"
"67c9ead1818d604b84e5a58e","Larayias Bodega Los Angeles","remaining","","Restaurants","Restaurants","","","","","","{""status"":""pending"",""approved"":null,""alias"":""larayias-bodega-los-angeles"",""slug"":null,""isComplete"":false,""completenessScore"":56,""qualityScore"":null,""isTest"":null,""auditTag"":null,""business_name"":""Larayias Bodega Los Angeles"",""address"":""2713 W 6th St Los Angeles, CA 90057"",""city"":"""",""state"":""CA""}","unchanged","false","status_not_public|incomplete_listing"
"67c9ead1818d604b84e5a507","","remaining","","Shopping","Shopping","","","","","","{""status"":""pending"",""approved"":null,""alias"":null,""slug"":null,""isComplete"":false,""completenessScore"":44,""qualityScore"":null,""isTest"":null,""auditTag"":null,""business_name"":"""",""address"":""4003 Sunswept Dr Studio City, CA 91604"",""city"":"""",""state"":""CA""}","unchanged","false","status_not_public|missing_alias_or_slug|incomplete_listing"
"67c9ead1818d604b84e5a510","Colony Cooks Los Angeles","remaining","","Restaurants","Restaurants","","","","","","{""status"":""approved"",""approved"":null,""alias"":""colony-cooks-los-angeles"",""slug"":null,""isComplete"":false,""completenessScore"":67,""qualityScore"":null,""isTest"":null,""auditTag"":null,""business_name"":""Colony Cooks Los Angeles"",""address"":""11419 Santa Monica Blvd Los Angeles, CA 90025"",""city"":"""",""state"":""CA""}","unchanged","false","incomplete_listing"
"67c9ead1818d604b84e5a529","Dirty South Soulfood South Gate 2","remaining","","Restaurants","Restaurants","","","","","","{""status"":""pending"",""approved"":null,""alias"":""dirty-south-soulfood-south-gate-2"",""slug"":null,""isComplete"":false,""completenessScore"":56,""qualityScore"":null,""isTest"":null,""auditTag"":null,""business_name"":""Dirty South Soulfood South Gate 2"",""address"":""8101 Long Beach Blvd South Gate, CA 90280"",""city"":"""",""state"":""CA""}","unchanged","false","status_not_public|incomplete_listing"
"67f73dec1d08a04e139a9d06","","remaining","","Skin Care, Nail Salons, Waxing","Beauty, Grooming and Personal Care","","","","","","{""status"":""pending"",""approved"":null,""alias"":""pampered-at-tiffanys-long-beach-3"",""slug"":null,""isComplete"":false,""completenessScore"":56,""qualityScore"":null,""isTest"":null,""auditTag"":null,""business_name"":"""",""address"":""Long Beach, CA 90802"",""city"":"""",""state"":""CA""}","unchanged","false","status_not_public|incomplete_listing"
"67c9ead1818d604b84e5a530","","remaining","","Shopping","Shopping","","","","","","{""status"":""pending"",""approved"":null,""alias"":null,""slug"":null,""isComplete"":false,""completenessScore"":22,""qualityScore"":null,""isTest"":null,""auditTag"":null,""business_name"":"""",""address"":"""",""city"":"""",""state"":""""}","unchanged","false","status_not_public|missing_alias_or_slug|incomplete_listing"
"67f73dec1d08a04e139a9d52","","remaining","","Shopping","Shopping","","","","","","{""status"":""pending"",""approved"":null,""alias"":""a-beautiful-california-florist-long-beach"",""slug"":null,""isComplete"":false,""completenessScore"":56,""qualityScore"":null,""isTest"":null,""auditTag"":null,""business_name"":"""",""address"":""455 Atlantic Ave Long Beach, CA 90802"",""city"":"""",""state"":""CA""}","unchanged","false","status_not_public|incomplete_listing"
"67f73dec1d08a04e139a9d7c","","remaining","","Shopping","Shopping","","","","","","{""status"":""pending"",""approved"":null,""alias"":null,""slug"":null,""isComplete"":false,""completenessScore"":44,""qualityScore"":null,""isTest"":null,""auditTag"":null,""business_name"":"""",""address"":""8950 W Olympic Blvd #293 Beverly Hills, CA 90211"",""city"":"""",""state"":""CA""}","unchanged","false","status_not_public|missing_alias_or_slug|incomplete_listing"
"67f73dec1d08a04e139a9dd9","","remaining","","Shopping","Shopping","","","","","","{""status"":""pending"",""approved"":null,""alias"":""eso-won-books-los-angeles-2"",""slug"":null,""isComplete"":false,""completenessScore"":56,""qualityScore"":null,""isTest"":null,""auditTag"":null,""business_name"":"""",""address"":""4327 Degnan Blvd Los Angeles, CA 90008"",""city"":"""",""state"":""CA""}","unchanged","false","status_not_public|incomplete_listing"
"67f73dec1d08a04e139a9ddb","","remaining","","Restaurants","Restaurants","","","","","","{""status"":""pending"",""approved"":null,""alias"":""earles-on-crenshaw-los-angeles"",""slug"":null,""isComplete"":false,""completenessScore"":44,""qualityScore"":null,""isTest"":null,""auditTag"":null,""business_name"":"""",""address"":""3864 Crenshaw Blvd Los Angeles, CA 90008"",""city"":"""",""state"":""CA""}","unchanged","false","status_not_public|incomplete_listing"
"67f73dec1d08a04e139a9e19","","remaining","","Restaurants","Restaurants","","","","","","{""status"":""pending"",""approved"":null,""alias"":""jrs-barbeque-culver-city"",""slug"":null,""isComplete"":false,""completenessScore"":44,""qualityScore"":null,""isTest"":null,""auditTag"":null,""business_name"":"""",""address"":""3055 La Cienega Blvd Culver City, CA 90232"",""city"":"""",""state"":""CA""}","unchanged","false","status_not_public|incomplete_listing"
"67f73dec1d08a04e139a9c59","t ‘n irie jerk shack","remaining","","Restaurants","Restaurants","","","","","","{""status"":""pending"",""approved"":null,""alias"":null,""slug"":null,""isComplete"":false,""completenessScore"":67,""qualityScore"":null,""isTest"":null,""auditTag"":null,""business_name"":""t ‘n irie jerk shack"",""address"":""3209 W 54th St Los Angeles, CA 90037"",""city"":"""",""state"":""CA""}","unchanged","false","status_not_public|missing_alias_or_slug|incomplete_listing"
"67c9ead1818d604b84e5a54f","Harolds Chicken And Bar Los Angeles","remaining","","Nightlife","Nightlife","","","","","","{""status"":""pending"",""approved"":null,""alias"":""harolds-chicken-and-bar-los-angeles"",""slug"":null,""isComplete"":false,""completenessScore"":56,""qualityScore"":null,""isTest"":null,""auditTag"":null,""business_name"":""Harolds Chicken And Bar Los Angeles"",""address"":""6523 Hollywood Blvd Los Angeles, CA 90028"",""city"":"""",""state"":""CA""}","unchanged","false","status_not_public|incomplete_listing"
"67f73dec1d08a04e139a9d59","","remaining","","Shopping","Shopping","","","","","","{""status"":""pending"",""approved"":null,""alias"":null,""slug"":null,""isComplete"":false,""completenessScore"":44,""qualityScore"":null,""isTest"":null,""auditTag"":null,""business_name"":"""",""address"":""8500 Burton Way #612 Los Angeles Beverly Hills, CA 90048"",""city"":"""",""state"":""CA""}","unchanged","false","status_not_public|missing_alias_or_slug|incomplete_listing"
"67c9ead1818d604b84e5a56b","Jamz Creamery Inglewood","remaining","","Restaurants","Restaurants","","","","","","{""status"":""pending"",""approved"":null,""alias"":""jamz-creamery-inglewood"",""slug"":null,""isComplete"":false,""completenessScore"":56,""qualityScore"":null,""isTest"":null,""auditTag"":null,""business_name"":""Jamz Creamery Inglewood"",""address"":""231 E Manchester Blvd Inglewood, CA 90301"",""city"":"""",""state"":""CA""}","unchanged","false","status_not_public|incomplete_listing"
"67f73dec1d08a04e139a9d41","","remaining","","Barbershop","Beauty, Grooming and Personal Care","","","","","","{""status"":""pending"",""approved"":null,""alias"":""jason-scott-the-barber-gardena-3"",""slug"":null,""isComplete"":false,""completenessScore"":56,""qualityScore"":null,""isTest"":null,""auditTag"":null,""business_name"":"""",""address"":""15217 S Western Ave, Gardena, CA 90249"",""city"":"""",""state"":""CA""}","unchanged","false","status_not_public|incomplete_listing"
"67c9ead1818d604b84e5a578","","remaining","","Shopping","Shopping","","","","","","{""status"":""pending"",""approved"":null,""alias"":null,""slug"":null,""isComplete"":false,""completenessScore"":22,""qualityScore"":null,""isTest"":null,""auditTag"":null,""business_name"":"""",""address"":"""",""city"":"""",""state"":""""}","unchanged","false","status_not_public|missing_alias_or_slug|incomplete_listing"
"67c9ead1818d604b84e5a57b","","remaining","","Shopping","Shopping","","","","","","{""status"":""pending"",""approved"":null,""alias"":null,""slug"":null,""isComplete"":false,""completenessScore"":22,""qualityScore"":null,""isTest"":null,""auditTag"":null,""business_name"":"""",""address"":"""",""city"":"""",""state"":""""}","unchanged","false","status_not_public|missing_alias_or_slug|incomplete_listing"
"67c9ead1818d604b84e5a524","Derricks On Atlantic Long Beach","remaining","","Restaurants","Restaurants","","","","","","{""status"":""pending"",""approved"":null,""alias"":""derricks-on-atlantic-long-beach"",""slug"":null,""isComplete"":false,""completenessScore"":56,""qualityScore"":null,""isTest"":null,""auditTag"":null,""business_name"":""Derricks On Atlantic Long Beach"",""address"":""3502 Atlantic Ave Long Beach, CA 90807"",""city"":"""",""state"":""CA""}","unchanged","false","status_not_public|incomplete_listing"
"67c9ead1818d604b84e5a535","","remaining","","Gym, Fitness Health and Wellness","Gym, Fitness Health and Wellness","","","","","","{""status"":""pending"",""approved"":null,""alias"":null,""slug"":null,""isComplete"":false,""completenessScore"":22,""qualityScore"":null,""isTest"":null,""auditTag"":null,""business_name"":"""",""address"":"""",""city"":"""",""state"":""""}","unchanged","false","status_not_public|missing_alias_or_slug|incomplete_listing"
"67c9ead1818d604b84e5a544","Fyrebird Gardena","remaining","","Restaurants","Restaurants","","","","","","{""status"":""approved"",""approved"":null,""alias"":""fyrebird-gardena"",""slug"":null,""isComplete"":false,""completenessScore"":67,""qualityScore"":null,""isTest"":null,""auditTag"":null,""business_name"":""Fyrebird Gardena"",""address"":""15717 Crenshaw Blvd Gardena, CA 90249"",""city"":"""",""state"":""CA""}","unchanged","false","incomplete_listing"
"67c9ead1818d604b84e5a556","Hambones Bar And Grill Bellflower","remaining","","Restaurants","Restaurants","","","","","","{""status"":""approved"",""approved"":null,""alias"":""hambones-bar-and-grill-bellflower"",""slug"":null,""isComplete"":false,""completenessScore"":67,""qualityScore"":null,""isTest"":null,""auditTag"":null,""business_name"":""Hambones Bar And Grill Bellflower"",""address"":""9825 Belmont St Bellflower, CA 90706"",""city"":"""",""state"":""CA""}","unchanged","false","incomplete_listing"
"67c9ead1818d604b84e5a55c","Honeys Kettle Fried Chicken Culver City","remaining","","Restaurants","Restaurants","","","","","","{""status"":""approved"",""approved"":null,""alias"":""honeys-kettle-fried-chicken-culver-city"",""slug"":null,""isComplete"":false,""completenessScore"":67,""qualityScore"":null,""isTest"":null,""auditTag"":null,""business_name"":""Honeys Kettle Fried Chicken Culver City"",""address"":""9537 Culver Blvd Culver City, CA 90232"",""city"":"""",""state"":""CA""}","unchanged","false","incomplete_listing"
"67c9ead1818d604b84e5a55f","Hot And Cool Cafe Los Angeles","remaining","","Restaurants","Restaurants","","","","","","{""status"":""approved"",""approved"":null,""alias"":""hot-and-cool-cafe-los-angeles"",""slug"":null,""isComplete"":false,""completenessScore"":67,""qualityScore"":null,""isTest"":null,""auditTag"":null,""business_name"":""Hot And Cool Cafe Los Angeles"",""address"":""4331 Degnan Blvd Los Angeles, CA 90008"",""city"":"""",""state"":""CA""}","unchanged","false","incomplete_listing"
"67f73dec1d08a04e139a9e14","","remaining","","Restaurants","Restaurants","","","","","","{""status"":""pending"",""approved"":null,""alias"":""jaliz-cuisine-of-east-africa-van-nuys-2"",""slug"":null,""isComplete"":false,""completenessScore"":44,""qualityScore"":null,""isTest"":null,""auditTag"":null,""business_name"":"""",""address"":""14747 Kittridge St Van Nuys, CA 91405"",""city"":"""",""state"":""CA""}","unchanged","false","status_not_public|incomplete_listing"
"67f73dec1d08a04e139a9d29","","remaining","","Cosmetics & Beauty Supply, Hair Extensions","Beauty, Grooming and Personal Care","","","","","","{""status"":""pending"",""approved"":null,""alias"":""blessed-beauty-supply-glendale"",""slug"":null,""isComplete"":false,""completenessScore"":56,""qualityScore"":null,""isTest"":null,""auditTag"":null,""business_name"":"""",""address"":""413 S Central Ave, Glendale, CA 91204"",""city"":"""",""state"":""CA""}","unchanged","false","status_not_public|incomplete_listing"
"67f73dec1d08a04e139a9d8c","","remaining","","Restaurants","Restaurants","","","","","","{""status"":""pending"",""approved"":null,""alias"":""banadir-somali-restaurant-inglewood"",""slug"":null,""isComplete"":false,""completenessScore"":44,""qualityScore"":null,""isTest"":null,""auditTag"":null,""business_name"":"""",""address"":""137 W Arbor Vitae Unit C Inglewood, CA 90301"",""city"":"""",""state"":""CA""}","unchanged","false","status_not_public|incomplete_listing"
"67f73dec1d08a04e139a9da3","","remaining","","Restaurants","Restaurants","","","","","","{""status"":""pending"",""approved"":null,""alias"":""cafe-ruisseau-los-angeles"",""slug"":null,""isComplete"":false,""completenessScore"":56,""qualityScore"":null,""isTest"":null,""auditTag"":null,""business_name"":"""",""address"":""12150 Millennium Dr Los Angeles, CA 90094"",""city"":"""",""state"":""CA""}","unchanged","false","status_not_public|incomplete_listing"
"67c9ead1818d604b84e5a519","Cw And Chris Fish And Chicken Los Angeles","remaining","","Restaurants","Restaurants","","","","","","{""status"":""pending"",""approved"":null,""alias"":""cw-and-chris-fish-and-chicken-los-angeles"",""slug"":null,""isComplete"":false,""completenessScore"":56,""qualityScore"":null,""isTest"":null,""auditTag"":null,""business_name"":""Cw And Chris Fish And Chicken Los Angeles"",""address"":""6512 S Western Ave Los Angeles, CA 90047"",""city"":"""",""state"":""CA""}","unchanged","false","status_not_public|incomplete_listing"
"67f73dec1d08a04e139a9e18","","remaining","","Shopping","Shopping","","","","","","{""status"":""pending"",""approved"":null,""alias"":""jendayi-collection-los-angeles-2"",""slug"":null,""isComplete"":false,""completenessScore"":56,""qualityScore"":null,""isTest"":null,""auditTag"":null,""business_name"":"""",""address"":""629 South Hill St Ste 1120 Los Angeles, CA 90014"",""city"":"""",""state"":""CA""}","unchanged","false","status_not_public|incomplete_listing"
"67f73dec1d08a04e139a9e25","","remaining","","Restaurants","Restaurants","","","","","","{""status"":""pending"",""approved"":null,""alias"":""king-kone-ice-cream-los-angeles"",""slug"":null,""isComplete"":false,""completenessScore"":56,""qualityScore"":null,""isTest"":null,""auditTag"":null,""business_name"":"""",""address"":""Los Angeles, CA 90048"",""city"":"""",""state"":""CA""}","unchanged","false","status_not_public|incomplete_listing"
"67f73dec1d08a04e139a9c98","vurger guyz","remaining","","Restaurants","Restaurants","","","","","","{""status"":""pending"",""approved"":null,""alias"":null,""slug"":null,""isComplete"":false,""completenessScore"":67,""qualityScore"":null,""isTest"":null,""auditTag"":null,""business_name"":""vurger guyz"",""address"":""Los Angeles, CA 90017"",""city"":"""",""state"":""CA""}","unchanged","false","status_not_public|missing_alias_or_slug|incomplete_listing"
"67c9ead1818d604b84e5a528","Divine Dips Vegan Ice Creme Los Angeles 2","remaining","","Restaurants","Restaurants","","","","","","{""status"":""pending"",""approved"":null,""alias"":""divine-dips-vegan-ice-creme-los-angeles-2"",""slug"":null,""isComplete"":false,""completenessScore"":56,""qualityScore"":null,""isTest"":null,""auditTag"":null,""business_name"":""Divine Dips Vegan Ice Creme Los Angeles 2"",""address"":""601 S Los Angeles St Los Angeles, CA 90014"",""city"":"""",""state"":""CA""}","unchanged","false","status_not_public|incomplete_listing"
"67c9ead1818d604b84e5a52d","Dulans Soul Food Kitchen Inglewood 2","remaining","","Restaurants","Restaurants","","","","","","{""status"":""pending"",""approved"":null,""alias"":""dulans-soul-food-kitchen-inglewood-2"",""slug"":null,""isComplete"":false,""completenessScore"":56,""qualityScore"":null,""isTest"":null,""auditTag"":null,""business_name"":""Dulans Soul Food Kitchen Inglewood 2"",""address"":""202 E Manchester Blvd Inglewood, CA 90301"",""city"":"""",""state"":""CA""}","unchanged","false","status_not_public|incomplete_listing"
"67f73dec1d08a04e139a9d7f","","remaining","","Shopping","Shopping","","","","","","{""status"":""pending"",""approved"":null,""alias"":null,""slug"":null,""isComplete"":false,""completenessScore"":22,""qualityScore"":null,""isTest"":null,""auditTag"":null,""business_name"":"""",""address"":"""",""city"":"""",""state"":""""}","unchanged","false","status_not_public|missing_alias_or_slug|incomplete_listing"
"67c9ead1818d604b84e5a539","Fishbone Express Gardena Gardena","remaining","","Restaurants","Restaurants","","","","","","{""status"":""pending"",""approved"":null,""alias"":""fishbone-express-gardena-gardena"",""slug"":null,""isComplete"":false,""completenessScore"":56,""qualityScore"":null,""isTest"":null,""auditTag"":null,""business_name"":""Fishbone Express Gardena Gardena"",""address"":""1024 W Rosecrans Ave Gardena, CA 90247"",""city"":"""",""state"":""CA""}","unchanged","false","status_not_public|incomplete_listing"
"67f73dec1d08a04e139a9c70","the memphis grill","remaining","","Restaurants","Restaurants","","","","","","{""status"":""pending"",""approved"":null,""alias"":null,""slug"":null,""isComplete"":false,""completenessScore"":67,""qualityScore"":null,""isTest"":null,""auditTag"":null,""business_name"":""the memphis grill"",""address"":""5759 Lankershim Blvd Los Angeles, CA 91601"",""city"":"""",""state"":""CA""}","unchanged","false","status_not_public|missing_alias_or_slug|incomplete_listing"
"67f73dec1d08a04e139a9c9e","watts coffee house","remaining","","Restaurants","Restaurants","","","","","","{""status"":""pending"",""approved"":null,""alias"":null,""slug"":null,""isComplete"":false,""completenessScore"":67,""qualityScore"":null,""isTest"":null,""auditTag"":null,""business_name"":""watts coffee house"",""address"":""1827 E 103rd St Los Angeles, CA 90002"",""city"":"""",""state"":""CA""}","unchanged","false","status_not_public|missing_alias_or_slug|incomplete_listing"
"67f73dec1d08a04e139a9db0","","remaining","","Shopping","Shopping","","","","","","{""status"":""pending"",""approved"":null,""alias"":null,""slug"":null,""isComplete"":false,""completenessScore"":22,""qualityScore"":null,""isTest"":null,""auditTag"":null,""business_name"":"""",""address"":"""",""city"":"""",""state"":""""}","unchanged","false","status_not_public|missing_alias_or_slug|incomplete_listing"
"67f73dec1d08a04e139a9dd6","","remaining","","Restaurants","Restaurants","","","","","","{""status"":""pending"",""approved"":null,""alias"":""dirty-south-soulfood-south-gate-2"",""slug"":null,""isComplete"":false,""completenessScore"":44,""qualityScore"":null,""isTest"":null,""auditTag"":null,""business_name"":"""",""address"":""8101 Long Beach Blvd South Gate, CA 90280"",""city"":"""",""state"":""CA""}","unchanged","false","status_not_public|incomplete_listing"
"67f73dec1d08a04e139a9e0f","","remaining","","Restaurants","Restaurants","","","","","","{""status"":""pending"",""approved"":null,""alias"":""j-and-js-bbq-and-fish-pomona"",""slug"":null,""isComplete"":false,""completenessScore"":44,""qualityScore"":null,""isTest"":null,""auditTag"":null,""business_name"":"""",""address"":""751 Indian Hill Blvd Pomona, CA 91767"",""city"":"""",""state"":""CA""}","unchanged","false","status_not_public|incomplete_listing"
"67f73dec1d08a04e139a9c5d","the 8th notch","remaining","","Nightlife","Nightlife","","","","","","{""status"":""pending"",""approved"":null,""alias"":null,""slug"":null,""isComplete"":false,""completenessScore"":67,""qualityScore"":null,""isTest"":null,""auditTag"":null,""business_name"":""the 8th notch"",""address"":""3500 Wilshire Blvd Second Floor Los Angeles, CA 90010"",""city"":"""",""state"":""CA""}","unchanged","false","status_not_public|missing_alias_or_slug|incomplete_listing"
"67c9ead1818d604b84e5a583","","remaining","","Shopping","Shopping","","","","","","{""status"":""pending"",""approved"":null,""alias"":null,""slug"":null,""isComplete"":false,""completenessScore"":22,""qualityScore"":null,""isTest"":null,""auditTag"":null,""business_name"":"""",""address"":"""",""city"":"""",""state"":""""}","unchanged","false","status_not_public|missing_alias_or_slug|incomplete_listing"
"67c9ead1818d604b84e5a59f","","remaining","","Shopping","Shopping","","","","","","{""status"":""pending"",""approved"":null,""alias"":null,""slug"":null,""isComplete"":false,""completenessScore"":22,""qualityScore"":null,""isTest"":null,""auditTag"":null,""business_name"":"""",""address"":"""",""city"":"""",""state"":""""}","unchanged","false","status_not_public|missing_alias_or_slug|incomplete_listing"
"67c9ead1818d604b84e5a5a1","","remaining","","Beauty, Grooming and Personal Care","Beauty, Grooming and Personal Care","","","","","","{""status"":""pending"",""approved"":null,""alias"":null,""slug"":null,""isComplete"":false,""completenessScore"":44,""qualityScore"":null,""isTest"":null,""auditTag"":null,""business_name"":"""",""address"":""810 S Flower St, Los Angeles, CA 90017"",""city"":"""",""state"":""CA""}","unchanged","false","status_not_public|missing_alias_or_slug|incomplete_listing"
"67c9ead1818d604b84e5a51a","Ds Original Take Out Grill Los Angeles 3","remaining","","Restaurants","Restaurants","","","","","","{""status"":""pending"",""approved"":null,""alias"":""ds-original-take-out-grill-los-angeles-3"",""slug"":null,""isComplete"":false,""completenessScore"":56,""qualityScore"":null,""isTest"":null,""auditTag"":null,""business_name"":""Ds Original Take Out Grill Los Angeles 3"",""address"":""7873 S Western Ave Los Angeles, CA 90047"",""city"":"""",""state"":""CA""}","unchanged","false","status_not_public|incomplete_listing"
"67c9ead1818d604b84e5a53a","","remaining","","Shopping","Shopping","","","","","","{""status"":""pending"",""approved"":null,""alias"":null,""slug"":null,""isComplete"":false,""completenessScore"":44,""qualityScore"":null,""isTest"":null,""auditTag"":null,""business_name"":"""",""address"":""Fashion District Los Angeles, CA"",""city"":"""",""state"":""CA""}","unchanged","false","status_not_public|missing_alias_or_slug|incomplete_listing"
"67f73dec1d08a04e139a9d27","","remaining","","Hair Stylists, Hair Extensions","Beauty, Grooming and Personal Care","","","","","","{""status"":""pending"",""approved"":null,""alias"":""jilly-does-my-hair-los-angeles-10"",""slug"":null,""isComplete"":false,""completenessScore"":56,""qualityScore"":null,""isTest"":null,""auditTag"":null,""business_name"":"""",""address"":""2149 W Manchester Blvd, Los Angeles, CA 90047"",""city"":"""",""state"":""CA""}","unchanged","false","status_not_public|incomplete_listing"
"67c9ead1818d604b84e5a575","Julie Harris Designs Studio City","remaining","","Event Planning","Event Planning","","","","","","{""status"":""approved"",""approved"":null,""alias"":""julie-harris-designs-studio-city"",""slug"":null,""isComplete"":false,""completenessScore"":67,""qualityScore"":null,""isTest"":null,""auditTag"":null,""business_name"":""Julie Harris Designs Studio City"",""address"":""Studio City, CA 91604"",""city"":"""",""state"":""CA""}","unchanged","false","incomplete_listing"
"67f73dec1d08a04e139a9db4","","remaining","","Restaurants","Restaurants","","","","","","{""status"":""pending"",""approved"":null,""alias"":""cliffs-texas-style-burritos-compton"",""slug"":null,""isComplete"":false,""completenessScore"":44,""qualityScore"":null,""isTest"":null,""auditTag"":null,""business_name"":"""",""address"":""408 W Alondra Blvd Compton, CA 90220"",""city"":"""",""state"":""CA""}","unchanged","false","status_not_public|incomplete_listing"
"67f73dec1d08a04e139a9dbb","","remaining","","Services","Services","","","","","","{""status"":""pending"",""approved"":null,""alias"":null,""slug"":null,""isComplete"":false,""completenessScore"":33,""qualityScore"":null,""isTest"":null,""auditTag"":null,""business_name"":"""",""address"":"""",""city"":"""",""state"":""""}","unchanged","false","status_not_public|missing_alias_or_slug|incomplete_listing"
"67f73dec1d08a04e139a9dd7","","remaining","","Restaurants","Restaurants","","","","","","{""status"":""pending"",""approved"":null,""alias"":null,""slug"":null,""isComplete"":false,""completenessScore"":44,""qualityScore"":null,""isTest"":null,""auditTag"":null,""business_name"":"""",""address"":""2635 East 4th StLos Angeles, CA 90033"",""city"":"""",""state"":""CA""}","unchanged","false","status_not_public|missing_alias_or_slug|incomplete_listing"
"67f73dec1d08a04e139a9e0b","","remaining","","Restaurants","Restaurants","","","","","","{""status"":""pending"",""approved"":null,""alias"":""island-reggae-kitchen-gardena"",""slug"":null,""isComplete"":false,""completenessScore"":56,""qualityScore"":null,""isTest"":null,""auditTag"":null,""business_name"":"""",""address"":""14426 Crenshaw Blvd Gardena, CA 90249"",""city"":"""",""state"":""CA""}","unchanged","false","status_not_public|incomplete_listing"
"67f73dec1d08a04e139a9c72","the plant chica (plants)","remaining","","Shopping","Shopping","","","","","","{""status"":""pending"",""approved"":null,""alias"":null,""slug"":null,""isComplete"":true,""completenessScore"":78,""qualityScore"":null,""isTest"":null,""auditTag"":null,""business_name"":""the plant chica (plants)"",""address"":""600 Ikea Way Burbank, CA 91502"",""city"":"""",""state"":""CA""}","unchanged","false","status_not_public|missing_alias_or_slug"
"67f73dec1d08a04e139a9cad","wingopolis","remaining","","Restaurants","Restaurants","","","","","","{""status"":""pending"",""approved"":null,""alias"":null,""slug"":null,""isComplete"":false,""completenessScore"":67,""qualityScore"":null,""isTest"":null,""auditTag"":null,""business_name"":""wingopolis"",""address"":""740 Centinela Ave Ste 103 Inglewood, CA 90302"",""city"":"""",""state"":""CA""}","unchanged","false","status_not_public|missing_alias_or_slug|incomplete_listing"
"67c9ead1818d604b84e5a52c","Dulans On Crenshaw Los Angeles","remaining","","Restaurants","Restaurants","","","","","","{""status"":""pending"",""approved"":null,""alias"":""dulans-on-crenshaw-los-angeles"",""slug"":null,""isComplete"":false,""completenessScore"":56,""qualityScore"":null,""isTest"":null,""auditTag"":null,""business_name"":""Dulans On Crenshaw Los Angeles"",""address"":""4859 Crenshaw Blvd Los Angeles, CA 90043"",""city"":"""",""state"":""CA""}","unchanged","false","status_not_public|incomplete_listing"
"67c9ead1818d604b84e5a536","Family Fish Market Inglewood","remaining","","Restaurants","Restaurants","","","","","","{""status"":""pending"",""approved"":null,""alias"":""family-fish-market-inglewood"",""slug"":null,""isComplete"":false,""completenessScore"":56,""qualityScore"":null,""isTest"":null,""auditTag"":null,""business_name"":""Family Fish Market Inglewood"",""address"":""1300 Centinela Ave Inglewood, CA 90302"",""city"":"""",""state"":""CA""}","unchanged","false","status_not_public|incomplete_listing"
"67c9ead1818d604b84e5a538","Fishermans Outlet Los Angeles","remaining","","Restaurants","Restaurants","","","","","","{""status"":""pending"",""approved"":null,""alias"":""fishermans-outlet-los-angeles"",""slug"":null,""isComplete"":false,""completenessScore"":56,""qualityScore"":null,""isTest"":null,""auditTag"":null,""business_name"":""Fishermans Outlet Los Angeles"",""address"":""529 S Central Ave Los Angeles, CA 90013"",""city"":"""",""state"":""CA""}","unchanged","false","status_not_public|incomplete_listing"
"67c9ead1818d604b84e5a543","Fresh Ethiopian Restaurant Inglewood","remaining","","Restaurants","Restaurants","","","","","","{""status"":""approved"",""approved"":null,""alias"":""fresh-ethiopian-restaurant-inglewood"",""slug"":null,""isComplete"":false,""completenessScore"":67,""qualityScore"":null,""isTest"":null,""auditTag"":null,""business_name"":""Fresh Ethiopian Restaurant Inglewood"",""address"":""1580 Centinela Ave Inglewood, CA 90302"",""city"":"""",""state"":""CA""}","unchanged","false","incomplete_listing"
"67c9ead1818d604b84e5a550","Halls Krispy Krunchy Chicken Los Angeles","remaining","","Restaurants","Restaurants","","","","","","{""status"":""pending"",""approved"":null,""alias"":""halls-krispy-krunchy-chicken-los-angeles"",""slug"":null,""isComplete"":false,""completenessScore"":56,""qualityScore"":null,""isTest"":null,""auditTag"":null,""business_name"":""Halls Krispy Krunchy Chicken Los Angeles"",""address"":""1600 W Slauson Ave Unit I31 Los Angeles, CA 90047"",""city"":"""",""state"":""CA""}","unchanged","false","status_not_public|incomplete_listing"
"67c9ead1818d604b84e5a557","Hilltops Jamaican Market And Restaurant A1 Pomona","remaining","","Restaurants","Restaurants","","","","","","{""status"":""pending"",""approved"":null,""alias"":""hilltops-jamaican-market-and-restaurant-a1-pomona"",""slug"":null,""isComplete"":false,""completenessScore"":56,""qualityScore"":null,""isTest"":null,""auditTag"":null,""business_name"":""Hilltops Jamaican Market And Restaurant A1 Pomona"",""address"":""1061 E Holt Ave Pomona, CA 91767"",""city"":"""",""state"":""CA""}","unchanged","false","status_not_public|incomplete_listing"
"67c9ead1818d604b84e5a561","","remaining","","Shopping","Shopping","","","","","","{""status"":""pending"",""approved"":null,""alias"":null,""slug"":null,""isComplete"":false,""completenessScore"":22,""qualityScore"":null,""isTest"":null,""auditTag"":null,""business_name"":"""",""address"":"""",""city"":"""",""state"":""""}","unchanged","false","status_not_public|missing_alias_or_slug|incomplete_listing"
"67f73dec1d08a04e139a9d0f","","remaining","","Nail Salons, Waxing, Eyelash Service","Beauty, Grooming and Personal Care","","","","","","{""status"":""pending"",""approved"":null,""alias"":""powder-beauty-los-angeles"",""slug"":null,""isComplete"":false,""completenessScore"":56,""qualityScore"":null,""isTest"":null,""auditTag"":null,""business_name"":"""",""address"":""452 S La Brea Ave, Los Angeles, CA 90036"",""city"":"""",""state"":""CA""}","unchanged","false","status_not_public|incomplete_listing"
"67c9ead1818d604b84e5a574","Juice C Juice Carson 2","remaining","","Restaurants","Restaurants","","","","","","{""status"":""pending"",""approved"":null,""alias"":""juice-c-juice-carson-2"",""slug"":null,""isComplete"":false,""completenessScore"":56,""qualityScore"":null,""isTest"":null,""auditTag"":null,""business_name"":""Juice C Juice Carson 2"",""address"":""940 E Dominguez Ste K Carson, CA 90746"",""city"":"""",""state"":""CA""}","unchanged","false","status_not_public|incomplete_listing"
"67f73dec1d08a04e139a9d5d","","remaining","","Services","Services","","","","","","{""status"":""pending"",""approved"":null,""alias"":null,""slug"":null,""isComplete"":false,""completenessScore"":44,""qualityScore"":null,""isTest"":null,""auditTag"":null,""business_name"":"""",""address"":""2219 Main St #224, Santa Monica, CA 90405"",""city"":"""",""state"":""CA""}","unchanged","false","status_not_public|missing_alias_or_slug|incomplete_listing"
"67c9ead1818d604b84e5a57e","Kevan Hall Fashion Designs Los Angeles","remaining","","Shopping","Shopping","","","","","","{""status"":""approved"",""approved"":null,""alias"":""kevan-hall-fashion-designs-los-angeles"",""slug"":null,""isComplete"":false,""completenessScore"":67,""qualityScore"":null,""isTest"":null,""auditTag"":null,""business_name"":""Kevan Hall Fashion Designs Los Angeles"",""address"":""8313 Beverly Blvd Los Angeles, CA 90048"",""city"":"""",""state"":""CA""}","unchanged","false","incomplete_listing"
"67c9ead1818d604b84e5a59a","Little Amsterdam Coffee Shop Los Angeles","remaining","","Restaurants","Restaurants","","","","","","{""status"":""pending"",""approved"":null,""alias"":""little-amsterdam-coffee-shop-los-angeles"",""slug"":null,""isComplete"":false,""completenessScore"":56,""qualityScore"":null,""isTest"":null,""auditTag"":null,""business_name"":""Little Amsterdam Coffee Shop Los Angeles"",""address"":""1412 S Redondo Blvd Los Angeles, CA 90019"",""city"":"""",""state"":""CA""}","unchanged","false","status_not_public|incomplete_listing"
"67f73dec1d08a04e139a9da8","","remaining","","Restaurants","Restaurants","","","","","","{""status"":""pending"",""approved"":null,""alias"":""caribbean-gourmet-pasadena"",""slug"":null,""isComplete"":false,""completenessScore"":44,""qualityScore"":null,""isTest"":null,""auditTag"":null,""business_name"":"""",""address"":""45 N San Gabriel Blvd Pasadena, CA 91107"",""city"":"""",""state"":""CA""}","unchanged","false","status_not_public|incomplete_listing"
"67f73dec1d08a04e139a9e1f","","remaining","","Shopping","Shopping","","","","","","{""status"":""pending"",""approved"":null,""alias"":null,""slug"":null,""isComplete"":false,""completenessScore"":22,""qualityScore"":null,""isTest"":null,""auditTag"":null,""business_name"":"""",""address"":"""",""city"":"""",""state"":""""}","unchanged","false","status_not_public|missing_alias_or_slug|incomplete_listing"
"67c9ead1818d604b84e5a526","","remaining","","Restaurants","Restaurants","","","","","","{""status"":""pending"",""approved"":null,""alias"":null,""slug"":null,""isComplete"":false,""completenessScore"":44,""qualityScore"":null,""isTest"":null,""auditTag"":null,""business_name"":"""",""address"":""11228 S New Hampshire Ave Los Angeles, CA 90044"",""city"":"""",""state"":""CA""}","unchanged","false","status_not_public|missing_alias_or_slug|incomplete_listing"
"67c9ead1818d604b84e5a53c","","remaining","","Restaurants","Restaurants","","","","","","{""status"":""pending"",""approved"":null,""alias"":null,""slug"":null,""isComplete"":false,""completenessScore"":11,""qualityScore"":null,""isTest"":null,""auditTag"":null,""business_name"":"""",""address"":"""",""city"":"""",""state"":""""}","unchanged","false","status_not_public|missing_alias_or_slug|incomplete_listing"
"67c9ead1818d604b84e5a54c","Happy Ice Los Angeles","remaining","","Restaurants","Restaurants","","","","","","{""status"":""pending"",""approved"":null,""alias"":""happy-ice-los-angeles"",""slug"":null,""isComplete"":false,""completenessScore"":56,""qualityScore"":null,""isTest"":null,""auditTag"":null,""business_name"":""Happy Ice Los Angeles"",""address"":""7324 Melrose Ave Los Angeles, CA 90046"",""city"":"""",""state"":""CA""}","unchanged","false","status_not_public|incomplete_listing"
"67c9ead1818d604b84e5a558","Hawkins House Of Burgers Los Angeles","remaining","","Restaurants","Restaurants","","","","","","{""status"":""approved"",""approved"":null,""alias"":""hawkins-house-of-burgers-los-angeles"",""slug"":null,""isComplete"":false,""completenessScore"":67,""qualityScore"":null,""isTest"":null,""auditTag"":null,""business_name"":""Hawkins House Of Burgers Los Angeles"",""address"":""11603 Slater St Los Angeles, CA 90059"",""city"":"""",""state"":""CA""}","unchanged","false","incomplete_listing"
"67f73dec1d08a04e139a9c79","the real cake baker","remaining","","Restaurants","Restaurants","","","","","","{""status"":""pending"",""approved"":null,""alias"":null,""slug"":null,""isComplete"":false,""completenessScore"":67,""qualityScore"":null,""isTest"":null,""auditTag"":null,""business_name"":""the real cake baker"",""address"":""Los Angeles, CA 90044"",""city"":"""",""state"":""CA""}","unchanged","false","status_not_public|missing_alias_or_slug|incomplete_listing"
"67f73dec1d08a04e139a9c85","the snoball shop","remaining","","Restaurants","Restaurants","","","","","","{""status"":""pending"",""approved"":null,""alias"":null,""slug"":null,""isComplete"":false,""completenessScore"":56,""qualityScore"":null,""isTest"":null,""auditTag"":null,""business_name"":""the snoball shop"",""address"":""4452 W Slauson Los Angeles, CA 90043"",""city"":"""",""state"":""CA""}","unchanged","false","status_not_public|missing_alias_or_slug|incomplete_listing"
"67c9ead1818d604b84e5a508","","remaining","","Restaurants","Restaurants","","","","","","{""status"":""pending"",""approved"":null,""alias"":null,""slug"":null,""isComplete"":false,""completenessScore"":33,""qualityScore"":null,""isTest"":null,""auditTag"":null,""business_name"":"""",""address"":""10880 Wilshire Blvd Los Angeles, CA 90024"",""city"":"""",""state"":""CA""}","unchanged","false","status_not_public|missing_alias_or_slug|incomplete_listing"
"67f73dec1d08a04e139a9d88","","remaining","","Restaurants","Restaurants","","","","","","{""status"":""pending"",""approved"":null,""alias"":""boketto-cold-brew-los-angeles"",""slug"":null,""isComplete"":false,""completenessScore"":56,""qualityScore"":null,""isTest"":null,""auditTag"":null,""business_name"":"""",""address"":""743 B S Broadway Los Angeles, CA 90014"",""city"":"""",""state"":""CA""}","unchanged","false","status_not_public|incomplete_listing"
"67c9ead1818d604b84e5a50a","Coffee And Plants Pasadena","remaining","","Restaurants","Restaurants","","","","","","{""status"":""pending"",""approved"":null,""alias"":""coffee-and-plants-pasadena"",""slug"":null,""isComplete"":false,""completenessScore"":67,""qualityScore"":null,""isTest"":null,""auditTag"":null,""business_name"":""Coffee And Plants Pasadena"",""address"":""62 W Union St Unit 2 Pasadena, CA 91103"",""city"":"""",""state"":""CA""}","unchanged","false","status_not_public|incomplete_listing"
"67c9ead1818d604b84e5a50f","","remaining","","Shopping","Shopping","","","","","","{""status"":""pending"",""approved"":null,""alias"":null,""slug"":null,""isComplete"":false,""completenessScore"":22,""qualityScore"":null,""isTest"":null,""auditTag"":null,""business_name"":"""",""address"":"""",""city"":"""",""state"":""""}","unchanged","false","status_not_public|missing_alias_or_slug|incomplete_listing"
"67c9ead1818d604b84e5a513","","remaining","","Services","Services","","","","","","{""status"":""pending"",""approved"":null,""alias"":null,""slug"":null,""isComplete"":false,""completenessScore"":33,""qualityScore"":null,""isTest"":null,""auditTag"":null,""business_name"":"""",""address"":"""",""city"":"""",""state"":""""}","unchanged","false","status_not_public|missing_alias_or_slug|incomplete_listing"
"67f73dec1d08a04e139a9de4","","remaining","","Restaurants","Restaurants","","","","","","{""status"":""pending"",""approved"":null,""alias"":""fresh-and-meaty-burgers-los-angeles-4"",""slug"":null,""isComplete"":false,""completenessScore"":56,""qualityScore"":null,""isTest"":null,""auditTag"":null,""business_name"":"""",""address"":""3016 W Florence Ave Los Angeles, CA 90043"",""city"":"""",""state"":""CA""}","unchanged","false","status_not_public|incomplete_listing"
"67c9ead1818d604b84e5a51e","","remaining","","Shopping","Shopping","","","","","","{""status"":""pending"",""approved"":null,""alias"":null,""slug"":null,""isComplete"":false,""completenessScore"":22,""qualityScore"":null,""isTest"":null,""auditTag"":null,""business_name"":"""",""address"":"""",""city"":"""",""state"":""""}","unchanged","false","status_not_public|missing_alias_or_slug|incomplete_listing"
"67c9ead1818d604b84e5a54d","Harold And Belles Los Angeles 5","remaining","","Restaurants","Restaurants","","","","","","{""status"":""pending"",""approved"":null,""alias"":""harold-and-belles-los-angeles-5"",""slug"":null,""isComplete"":false,""completenessScore"":56,""qualityScore"":null,""isTest"":null,""auditTag"":null,""business_name"":""Harold And Belles Los Angeles 5"",""address"":""2920 W Jefferson Blvd Los Angeles, CA 90018"",""city"":"""",""state"":""CA""}","unchanged","false","status_not_public|incomplete_listing"
"67c9ead1818d604b84e5a553","Handys Smoke House Meats And Delicacies Long Beach","remaining","","Restaurants","Restaurants","","","","","","{""status"":""pending"",""approved"":null,""alias"":""handys-smoke-house-meats-and-delicacies-long-beach"",""slug"":null,""isComplete"":false,""completenessScore"":56,""qualityScore"":null,""isTest"":null,""auditTag"":null,""business_name"":""Handys Smoke House Meats And Delicacies Long Beach"",""address"":""4149 Long Beach Blvd Long Beach, CA 90807"",""city"":"""",""state"":""CA""}","unchanged","false","status_not_public|incomplete_listing"
"67f73dec1d08a04e139a9d78","","remaining","","Shopping","Shopping","","","","","","{""status"":""pending"",""approved"":null,""alias"":null,""slug"":null,""isComplete"":false,""completenessScore"":22,""qualityScore"":null,""isTest"":null,""auditTag"":null,""business_name"":"""",""address"":"""",""city"":"""",""state"":""""}","unchanged","false","status_not_public|missing_alias_or_slug|incomplete_listing"
"67c9ead1818d604b84e5a55b","","remaining","","Shopping","Shopping","","","","","","{""status"":""pending"",""approved"":null,""alias"":null,""slug"":null,""isComplete"":false,""completenessScore"":44,""qualityScore"":null,""isTest"":null,""auditTag"":null,""business_name"":"""",""address"":""6607 Cimarron St Los Angeles, CA 90047"",""city"":"""",""state"":""CA""}","unchanged","false","status_not_public|missing_alias_or_slug|incomplete_listing"
"67c9ead1818d604b84e5a588","La Buns Downey","remaining","","Restaurants","Restaurants","","","","","","{""status"":""approved"",""approved"":null,""alias"":""la-buns-downey"",""slug"":null,""isComplete"":false,""completenessScore"":67,""qualityScore"":null,""isTest"":null,""auditTag"":null,""business_name"":""La Buns Downey"",""address"":""8237 2nd St Downey, CA 90241"",""city"":"""",""state"":""CA""}","unchanged","false","incomplete_listing"
"67c9ead1818d604b84e5a597","","remaining","","Shopping","Shopping","","","","","","{""status"":""pending"",""approved"":null,""alias"":null,""slug"":null,""isComplete"":false,""completenessScore"":22,""qualityScore"":null,""isTest"":null,""auditTag"":null,""business_name"":"""",""address"":"""",""city"":"""",""state"":""""}","unchanged","false","status_not_public|missing_alias_or_slug|incomplete_listing"
"67c9ead1818d604b84e5a59e","","remaining","","Shopping","Shopping","","","","","","{""status"":""pending"",""approved"":null,""alias"":null,""slug"":null,""isComplete"":false,""completenessScore"":22,""qualityScore"":null,""isTest"":null,""auditTag"":null,""business_name"":"""",""address"":"""",""city"":"""",""state"":""""}","unchanged","false","status_not_public|missing_alias_or_slug|incomplete_listing"
"67c9ead1818d604b84e5a5a3","Lou The French On The Block Burbank 2","remaining","","Restaurants","Restaurants","","","","","","{""status"":""pending"",""approved"":null,""alias"":""lou-the-french-on-the-block-burbank-2"",""slug"":null,""isComplete"":false,""completenessScore"":56,""qualityScore"":null,""isTest"":null,""auditTag"":null,""business_name"":""Lou The French On The Block Burbank 2"",""address"":""4007 W Riverside Dr Ste A Burbank, CA 91505"",""city"":"""",""state"":""CA""}","unchanged","false","status_not_public|incomplete_listing"
"67c9ead1818d604b84e5a502","Chef Kikis Kitchen Los Angeles","remaining","","Restaurants","Restaurants","","","","","","{""status"":""pending"",""approved"":null,""alias"":""chef-kikis-kitchen-los-angeles"",""slug"":null,""isComplete"":false,""completenessScore"":56,""qualityScore"":null,""isTest"":null,""auditTag"":null,""business_name"":""Chef Kikis Kitchen Los Angeles"",""address"":""Los Angeles, CA 90007"",""city"":"""",""state"":""CA""}","unchanged","false","status_not_public|incomplete_listing"
"67c9ead1818d604b84e5a509","Coffee By Kofi Los Angeles 2","remaining","","Restaurants","Restaurants","","","","","","{""status"":""pending"",""approved"":null,""alias"":""coffee-by-kofi-los-angeles-2"",""slug"":null,""isComplete"":false,""completenessScore"":56,""qualityScore"":null,""isTest"":null,""auditTag"":null,""business_name"":""Coffee By Kofi Los Angeles 2"",""address"":""1933 S Broadway Los Angeles, CA 90007"",""city"":"""",""state"":""CA""}","unchanged","false","status_not_public|incomplete_listing"
"67f73dec1d08a04e139a9d4c","","remaining","","Restaurants","Restaurants","","","","","","{""status"":""pending"",""approved"":null,""alias"":""2nd-healthy-eatery-bellflower"",""slug"":null,""isComplete"":false,""completenessScore"":44,""qualityScore"":null,""isTest"":null,""auditTag"":null,""business_name"":"""",""address"":""16203 Clark Ave Ste A Bellflower, CA 90706"",""city"":"""",""state"":""CA""}","unchanged","false","status_not_public|incomplete_listing"
"67c9ead1818d604b84e5a512","Comfort La Los Angeles","remaining","","Restaurants","Restaurants","","","","","","{""status"":""pending"",""approved"":null,""alias"":""comfort-la-los-angeles"",""slug"":null,""isComplete"":false,""completenessScore"":56,""qualityScore"":null,""isTest"":null,""auditTag"":null,""business_name"":""Comfort La Los Angeles"",""address"":""1110 E 7th St Los Angeles, CA 90021"",""city"":"""",""state"":""CA""}","unchanged","false","status_not_public|incomplete_listing"
"67c9ead1818d604b84e5a515","Cliffs Texas Style Burritos Compton","remaining","","Restaurants","Restaurants","","","","","","{""status"":""pending"",""approved"":null,""alias"":""cliffs-texas-style-burritos-compton"",""slug"":null,""isComplete"":false,""completenessScore"":56,""qualityScore"":null,""isTest"":null,""auditTag"":null,""business_name"":""Cliffs Texas Style Burritos Compton"",""address"":""408 W Alondra Blvd Compton, CA 90220"",""city"":"""",""state"":""CA""}","unchanged","false","status_not_public|incomplete_listing"
"67f73dec1d08a04e139a9c53","tacos negros","remaining","","Restaurants","Restaurants","","","","","","{""status"":""pending"",""approved"":null,""alias"":null,""slug"":null,""isComplete"":false,""completenessScore"":56,""qualityScore"":null,""isTest"":null,""auditTag"":null,""business_name"":""tacos negros"",""address"":""5583 W Pico Blvd Los Angeles, CA 90019"",""city"":"""",""state"":""CA""}","unchanged","false","status_not_public|missing_alias_or_slug|incomplete_listing"
"67c9ead1818d604b84e5a555","","remaining","","Shopping","Shopping","","","","","","{""status"":""pending"",""approved"":null,""alias"":null,""slug"":null,""isComplete"":false,""completenessScore"":22,""qualityScore"":null,""isTest"":null,""auditTag"":null,""business_name"":"""",""address"":"""",""city"":"""",""state"":""""}","unchanged","false","status_not_public|missing_alias_or_slug|incomplete_listing"
"67c9ead1818d604b84e5a581","Kings Deli Burbank","remaining","","Restaurants","Restaurants","","","","","","{""status"":""approved"",""approved"":null,""alias"":""kings-deli-burbank"",""slug"":null,""isComplete"":false,""completenessScore"":67,""qualityScore"":null,""isTest"":null,""auditTag"":null,""business_name"":""Kings Deli Burbank"",""address"":""109 N Pass Ave Burbank, CA 91505"",""city"":"""",""state"":""CA""}","unchanged","false","incomplete_listing"
"67c9ead1818d604b84e5a598","Main Kitchen Cafe Granada Hills","remaining","","Restaurants","Restaurants","","","","","","{""status"":""pending"",""approved"":null,""alias"":""main-kitchen-cafe-granada-hills"",""slug"":null,""isComplete"":false,""completenessScore"":56,""qualityScore"":null,""isTest"":null,""auditTag"":null,""business_name"":""Main Kitchen Cafe Granada Hills"",""address"":""17013 Chatsworth St Granada Hills, CA 91344"",""city"":"""",""state"":""CA""}","unchanged","false","status_not_public|incomplete_listing"
"67c9ead1818d604b84e5a5a7","Lucys Boudoir Bixby Knolls","remaining","","Shopping","Shopping","","","","","","{""status"":""approved"",""approved"":null,""alias"":""lucys-boudoir-bixby-knolls"",""slug"":null,""isComplete"":false,""completenessScore"":67,""qualityScore"":null,""isTest"":null,""auditTag"":null,""business_name"":""Lucys Boudoir Bixby Knolls"",""address"":""3925 Long Beach Blvd BIxby Knolls, CA 90807"",""city"":"""",""state"":""CA""}","unchanged","false","incomplete_listing"
"67c9ead1818d604b84e5a5b0","","remaining","","Shopping","Shopping","","","","","","{""status"":""pending"",""approved"":null,""alias"":null,""slug"":null,""isComplete"":false,""completenessScore"":22,""qualityScore"":null,""isTest"":null,""auditTag"":null,""business_name"":"""",""address"":"""",""city"":"""",""state"":""""}","unchanged","false","status_not_public|missing_alias_or_slug|incomplete_listing"
"67c9ead1818d604b84e5a5ac","Mack And Jane Los Angeles","remaining","","Restaurants","Restaurants","","","","","","{""status"":""pending"",""approved"":null,""alias"":""mack-and-jane-los-angeles"",""slug"":null,""isComplete"":false,""completenessScore"":44,""qualityScore"":null,""isTest"":null,""auditTag"":null,""business_name"":""Mack And Jane Los Angeles"",""address"":""Los Angeles, CA 91601"",""city"":"""",""state"":""CA""}","unchanged","false","status_not_public|incomplete_listing"
"67f73dec1d08a04e139a9d37","","remaining","","Makeup Artists, Hair Stylists","Beauty, Grooming and Personal Care","","","","","","{""status"":""pending"",""approved"":null,""alias"":""lizzglams-los-angeles-4"",""slug"":null,""isComplete"":false,""completenessScore"":56,""qualityScore"":null,""isTest"":null,""auditTag"":null,""business_name"":"""",""address"":""3710 W Martin Luther King Blvd, Los Angeles, CA 90008"",""city"":"""",""state"":""CA""}","unchanged","false","status_not_public|incomplete_listing"
"67c9ead1818d604b84e5a5b2","Mardi Gras Tuesday Sherman Oaks","remaining","","Restaurants","Restaurants","","","","","","{""status"":""approved"",""approved"":null,""alias"":""mardi-gras-tuesday-sherman-oaks"",""slug"":null,""isComplete"":false,""completenessScore"":67,""qualityScore"":null,""isTest"":null,""auditTag"":null,""business_name"":""Mardi Gras Tuesday Sherman Oaks"",""address"":""14543 Ventura Blvd Sherman Oaks, CA 91403"",""city"":"""",""state"":""CA""}","unchanged","false","incomplete_listing"
"67c9ead1818d604b84e5a5ad","Mamas Chicken And Market Los Angeles","remaining","","Restaurants","Restaurants","","","","","","{""status"":""pending"",""approved"":null,""alias"":""mamas-chicken-and-market-los-angeles"",""slug"":null,""isComplete"":false,""completenessScore"":56,""qualityScore"":null,""isTest"":null,""auditTag"":null,""business_name"":""Mamas Chicken And Market Los Angeles"",""address"":""2510 W Slauson Ave Los Angeles, CA 90043"",""city"":"""",""state"":""CA""}","unchanged","false","status_not_public|incomplete_listing"
"67c9ead1818d604b84e5a5a9","","remaining","","Shopping","Shopping","","","","","","{""status"":""pending"",""approved"":null,""alias"":null,""slug"":null,""isComplete"":false,""completenessScore"":22,""qualityScore"":null,""isTest"":null,""auditTag"":null,""business_name"":"""",""address"":"""",""city"":"""",""state"":""""}","unchanged","false","status_not_public|missing_alias_or_slug|incomplete_listing"
"67c9ead1818d604b84e5a5b1","Mars Caribbean Gardens Gardena 3","remaining","","Restaurants","Restaurants","","","","","","{""status"":""approved"",""approved"":null,""alias"":""mars-caribbean-gardens-gardena-3"",""slug"":null,""isComplete"":false,""completenessScore"":67,""qualityScore"":null,""isTest"":null,""auditTag"":null,""business_name"":""Mars Caribbean Gardens Gardena 3"",""address"":""14008 Crenshaw Blvd Gardena, CA 90249"",""city"":"""",""state"":""CA""}","unchanged","false","incomplete_listing"
"67c9ead1818d604b84e5a5aa","Louisiana Charlies Long Beach","remaining","","Restaurants","Restaurants","","","","","","{""status"":""pending"",""approved"":null,""alias"":""louisiana-charlies-long-beach"",""slug"":null,""isComplete"":false,""completenessScore"":56,""qualityScore"":null,""isTest"":null,""auditTag"":null,""business_name"":""Louisiana Charlies Long Beach"",""address"":""429 Shoreline Village Dr Long Beach, CA 90802"",""city"":"""",""state"":""CA""}","unchanged","false","status_not_public|incomplete_listing"
"67f73dec1d08a04e139a9d43","","remaining","","Barbershop","Beauty, Grooming and Personal Care","","","","","","{""status"":""pending"",""approved"":null,""alias"":""freshcuts-barber-and-beauty-salon-los-angeles-2"",""slug"":null,""isComplete"":false,""completenessScore"":56,""qualityScore"":null,""isTest"":null,""auditTag"":null,""business_name"":"""",""address"":""3620 W Jefferson Blvd, Los Angeles, CA 90016"",""city"":"""",""state"":""CA""}","unchanged","false","status_not_public|incomplete_listing"
"67c9ead1818d604b84e5a5ae","Malik Books Los Angeles","remaining","","Shopping","Shopping","","","","","","{""status"":""approved"",""approved"":null,""alias"":""malik-books-los-angeles"",""slug"":null,""isComplete"":false,""completenessScore"":67,""qualityScore"":null,""isTest"":null,""auditTag"":null,""business_name"":""Malik Books Los Angeles"",""address"":""3650 W Martin Luther King Jr Blvd Ste 245 Los Angeles, CA 90008"",""city"":"""",""state"":""CA""}","unchanged","false","incomplete_listing"
"67c9ead1818d604b84e5a5b3","Mabels Gourmet Pralines Long Beach","remaining","","Shopping","Shopping","","","","","","{""status"":""pending"",""approved"":null,""alias"":""mabels-gourmet-pralines-long-beach"",""slug"":null,""isComplete"":false,""completenessScore"":56,""qualityScore"":null,""isTest"":null,""auditTag"":null,""business_name"":""Mabels Gourmet Pralines Long Beach"",""address"":""625 Pine Ave Long Beach, CA 90802"",""city"":"""",""state"":""CA""}","unchanged","false","status_not_public|incomplete_listing"
"67c9ead1818d604b84e5a5b9","","remaining","","Restaurants","Restaurants","","","","","","{""status"":""pending"",""approved"":null,""alias"":null,""slug"":null,""isComplete"":false,""completenessScore"":44,""qualityScore"":null,""isTest"":null,""auditTag"":null,""business_name"":"""",""address"":""12021 Allegheny St Sun Valley, CA 91352"",""city"":"""",""state"":""CA""}","unchanged","false","status_not_public|missing_alias_or_slug|incomplete_listing"
"67c9ead1818d604b84e5a5a8","M And T Donuts Los Angeles","remaining","","Restaurants","Restaurants","","","","","","{""status"":""pending"",""approved"":null,""alias"":""m-and-t-donuts-los-angeles"",""slug"":null,""isComplete"":false,""completenessScore"":56,""qualityScore"":null,""isTest"":null,""auditTag"":null,""business_name"":""M And T Donuts Los Angeles"",""address"":""1601 E 103rd St Ste 5 Los Angeles, CA 90002"",""city"":"""",""state"":""CA""}","unchanged","false","status_not_public|incomplete_listing"
"67f73dec1d08a04e139a9d49","","remaining","","Hair Salons","Beauty, Grooming and Personal Care","","","","","","{""status"":""pending"",""approved"":null,""alias"":""f8des-los-angeles"",""slug"":null,""isComplete"":false,""completenessScore"":56,""qualityScore"":null,""isTest"":null,""auditTag"":null,""business_name"":"""",""address"":""1051 Glendon Ave,, Suite 108, Los Angeles, CA 90024"",""city"":"""",""state"":""CA""}","unchanged","false","status_not_public|incomplete_listing"
"67f73dec1d08a04e139a9d68","","remaining","","Restaurants","Restaurants","","","","","","{""status"":""pending"",""approved"":null,""alias"":""ayda-ethiopian-restaurant-loma-linda"",""slug"":null,""isComplete"":false,""completenessScore"":44,""qualityScore"":null,""isTest"":null,""auditTag"":null,""business_name"":"""",""address"":""24940 Redlands Blvd Loma Linda, CA 92354"",""city"":"""",""state"":""CA""}","unchanged","false","status_not_public|incomplete_listing"
"67c9ead1818d604b84e5a5b6","","remaining","","Shopping","Shopping","","","","","","{""status"":""pending"",""approved"":null,""alias"":null,""slug"":null,""isComplete"":false,""completenessScore"":22,""qualityScore"":null,""isTest"":null,""auditTag"":null,""business_name"":"""",""address"":"""",""city"":"""",""state"":""""}","unchanged","false","status_not_public|missing_alias_or_slug|incomplete_listing"
"67c9ead1818d604b84e5a5b7","Mels Fish Shack Los Angeles","remaining","","Restaurants","Restaurants","","","","","","{""status"":""pending"",""approved"":null,""alias"":""mels-fish-shack-los-angeles"",""slug"":null,""isComplete"":false,""completenessScore"":56,""qualityScore"":null,""isTest"":null,""auditTag"":null,""business_name"":""Mels Fish Shack Los Angeles"",""address"":""4524 W Jefferson Blvd Los Angeles, CA 90016"",""city"":"""",""state"":""CA""}","unchanged","false","status_not_public|incomplete_listing"
"67c9ead1818d604b84e5a5b4","","remaining","","Services","Services","","","","","","{""status"":""pending"",""approved"":null,""alias"":null,""slug"":null,""isComplete"":false,""completenessScore"":33,""qualityScore"":null,""isTest"":null,""auditTag"":null,""business_name"":"""",""address"":"""",""city"":"""",""state"":""""}","unchanged","false","status_not_public|missing_alias_or_slug|incomplete_listing"
"67c9ead1818d604b84e5a5af","","remaining","","Gym, Fitness Health and Wellness","Gym, Fitness Health and Wellness","","","","","","{""status"":""pending"",""approved"":null,""alias"":null,""slug"":null,""isComplete"":false,""completenessScore"":33,""qualityScore"":null,""isTest"":null,""auditTag"":null,""business_name"":"""",""address"":"""",""city"":"""",""state"":""""}","unchanged","false","status_not_public|missing_alias_or_slug|incomplete_listing"
"67f73dec1d08a04e139a9d3e","","remaining","","Barbershop","Beauty, Grooming and Personal Care","","","","","","{""status"":""pending"",""approved"":null,""alias"":""fade-society-torrance"",""slug"":null,""isComplete"":false,""completenessScore"":56,""qualityScore"":null,""isTest"":null,""auditTag"":null,""business_name"":"""",""address"":""Torrance, CA 90503"",""city"":"""",""state"":""CA""}","unchanged","false","status_not_public|incomplete_listing"
"67c9ead1818d604b84e5a5b8","Matthews Home Style Cooking Gardena 3","remaining","","Restaurants","Restaurants","","","","","","{""status"":""pending"",""approved"":null,""alias"":""matthews-home-style-cooking-gardena-3"",""slug"":null,""isComplete"":false,""completenessScore"":56,""qualityScore"":null,""isTest"":null,""auditTag"":null,""business_name"":""Matthews Home Style Cooking Gardena 3"",""address"":""2222 W Rosecrans Ave Gardena, CA 90249"",""city"":"""",""state"":""CA""}","unchanged","false","status_not_public|incomplete_listing"
"67c9ead1818d604b84e5a5bb","Merkato Ethiopian Restaurant And Market Los Angeles","remaining","","Restaurants","Restaurants","","","","","","{""status"":""pending"",""approved"":null,""alias"":""merkato-ethiopian-restaurant-and-market-los-angeles"",""slug"":null,""isComplete"":false,""completenessScore"":56,""qualityScore"":null,""isTest"":null,""auditTag"":null,""business_name"":""Merkato Ethiopian Restaurant And Market Los Angeles"",""address"":""1036 S Fairfax Ave Los Angeles, CA 90019"",""city"":"""",""state"":""CA""}","unchanged","false","status_not_public|incomplete_listing"
"67c9ead1818d604b84e5a5bd","","remaining","","Shopping","Shopping","","","","","","{""status"":""pending"",""approved"":null,""alias"":null,""slug"":null,""isComplete"":false,""completenessScore"":22,""qualityScore"":null,""isTest"":null,""auditTag"":null,""business_name"":"""",""address"":"""",""city"":"""",""state"":""""}","unchanged","false","status_not_public|missing_alias_or_slug|incomplete_listing"
"67f73dec1d08a04e139a9d75","","remaining","","Restaurants","Restaurants","","","","","","{""status"":""pending"",""approved"":null,""alias"":""bent-soul-food-and-bent-events-los-angeles"",""slug"":null,""isComplete"":false,""completenessScore"":44,""qualityScore"":null,""isTest"":null,""auditTag"":null,""business_name"":"""",""address"":""Los Angeles, CA 90210"",""city"":"""",""state"":""CA""}","unchanged","false","status_not_public|incomplete_listing"
"67f73dec1d08a04e139a9d85","","remaining","","Restaurants","Restaurants","","","","","","{""status"":""pending"",""approved"":null,""alias"":""bo-daddy-s-bbq-los-angeles"",""slug"":null,""isComplete"":false,""completenessScore"":44,""qualityScore"":null,""isTest"":null,""auditTag"":null,""business_name"":"""",""address"":""1415 S Hill St Los Angeles, CA 90015"",""city"":"""",""state"":""CA""}","unchanged","false","status_not_public|incomplete_listing"
"67f73dec1d08a04e139a9db8","","remaining","","Restaurants","Restaurants","","","","","","{""status"":""pending"",""approved"":null,""alias"":""coffee-by-kofi-los-angeles-2"",""slug"":null,""isComplete"":false,""completenessScore"":44,""qualityScore"":null,""isTest"":null,""auditTag"":null,""business_name"":"""",""address"":""1933 S Broadway Los Angeles, CA 90007"",""city"":"""",""state"":""CA""}","unchanged","false","status_not_public|incomplete_listing"
"67c9ead1818d604b84e5a5be","Milk Brookies Los Angeles 4","remaining","","Restaurants","Restaurants","","","","","","{""status"":""pending"",""approved"":null,""alias"":""milk-brookies-los-angeles-4"",""slug"":null,""isComplete"":false,""completenessScore"":56,""qualityScore"":null,""isTest"":null,""auditTag"":null,""business_name"":""Milk Brookies Los Angeles 4"",""address"":""Los Angeles, CA 90036"",""city"":"""",""state"":""CA""}","unchanged","false","status_not_public|incomplete_listing"
"67c9ead1818d604b84e5a5c3","Ms Bs M And Ms Soul Food Inglewood","remaining","","Restaurants","Restaurants","","","","","","{""status"":""pending"",""approved"":null,""alias"":""ms-bs-m-and-ms-soul-food-inglewood"",""slug"":null,""isComplete"":false,""completenessScore"":56,""qualityScore"":null,""isTest"":null,""auditTag"":null,""business_name"":""Ms Bs M And Ms Soul Food Inglewood"",""address"":""4549 W Imperial Hwy Inglewood, CA 90304"",""city"":"""",""state"":""CA""}","unchanged","false","status_not_public|incomplete_listing"
"67f73dec1d08a04e139a9e09","","remaining","","Restaurants","Restaurants","","","","","","{""status"":""pending"",""approved"":null,""alias"":""island-flavors-caribbean-cuisine-los-angeles-2"",""slug"":null,""isComplete"":false,""completenessScore"":56,""qualityScore"":null,""isTest"":null,""auditTag"":null,""business_name"":"""",""address"":""Los Angeles, CA 91401"",""city"":"""",""state"":""CA""}","unchanged","false","status_not_public|incomplete_listing"
"67c9ead1818d604b84e5a5c1","Moms Burgers Compton","remaining","","Restaurants","Restaurants","","","","","","{""status"":""approved"",""approved"":null,""alias"":""moms-burgers-compton"",""slug"":null,""isComplete"":false,""completenessScore"":67,""qualityScore"":null,""isTest"":null,""auditTag"":null,""business_name"":""Moms Burgers Compton"",""address"":""336 W Alondra Blvd Compton, CA 90220"",""city"":"""",""state"":""CA""}","unchanged","false","incomplete_listing"
"67c9ead1818d604b84e5a5c4","Mr Fries Man Gardena 2","remaining","","Restaurants","Restaurants","","","","","","{""status"":""pending"",""approved"":null,""alias"":""mr-fries-man-gardena-2"",""slug"":null,""isComplete"":false,""completenessScore"":56,""qualityScore"":null,""isTest"":null,""auditTag"":null,""business_name"":""Mr Fries Man Gardena 2"",""address"":""14800 S Western Ave Ste 108 Gardena, CA 90249"",""city"":"""",""state"":""CA""}","unchanged","false","status_not_public|incomplete_listing"
"67f73dec1d08a04e139a9e03","","remaining","","Restaurants","Restaurants","","","","","","{""status"":""pending"",""approved"":null,""alias"":""harold-and-belles-los-angeles-5"",""slug"":null,""isComplete"":false,""completenessScore"":44,""qualityScore"":null,""isTest"":null,""auditTag"":null,""business_name"":"""",""address"":""2920 W Jefferson Blvd Los Angeles, CA 90018"",""city"":"""",""state"":""CA""}","unchanged","false","status_not_public|incomplete_listing"
"67f73dec1d08a04e139a9e04","","remaining","","Restaurants","Restaurants","","","","","","{""status"":""pending"",""approved"":null,""alias"":""hotville-chicken-los-angeles-2"",""slug"":null,""isComplete"":false,""completenessScore"":56,""qualityScore"":null,""isTest"":null,""auditTag"":null,""business_name"":"""",""address"":""4070 Marlton Ave Los Angeles, CA 90008"",""city"":"""",""state"":""CA""}","unchanged","false","status_not_public|incomplete_listing"
"67f73dec1d08a04e139a9df3","","remaining","","Restaurants","Restaurants","","","","","","{""status"":""pending"",""approved"":null,""alias"":""funculo-los-angeles-2"",""slug"":null,""isComplete"":false,""completenessScore"":44,""qualityScore"":null,""isTest"":null,""auditTag"":null,""business_name"":"""",""address"":""724 S Spring St Los Angeles, CA 90014"",""city"":"""",""state"":""CA""}","unchanged","false","status_not_public|incomplete_listing"
"67c9ead1818d604b84e5a5bf","Mingles Tea Bar Inglewood 2","remaining","","Restaurants","Restaurants","","","","","","{""status"":""approved"",""approved"":null,""alias"":""mingles-tea-bar-inglewood-2"",""slug"":null,""isComplete"":false,""completenessScore"":67,""qualityScore"":null,""isTest"":null,""auditTag"":null,""business_name"":""Mingles Tea Bar Inglewood 2"",""address"":""8443 Crenshaw Blvd Inglewood, CA 90305"",""city"":"""",""state"":""CA""}","unchanged","false","incomplete_listing"
"67c9ead1818d604b84e5a5c5","Moms At Om Los Angeles 2","remaining","","Gym, Fitness Health and Wellness","Gym, Fitness Health and Wellness","","","","","","{""status"":""approved"",""approved"":null,""alias"":""moms-at-om-los-angeles-2"",""slug"":null,""isComplete"":false,""completenessScore"":67,""qualityScore"":null,""isTest"":null,""auditTag"":null,""business_name"":""Moms At Om Los Angeles 2"",""address"":""12112 West Washington Blvd Ste 3 Los Angeles, CA 90066"",""city"":"""",""state"":""CA""}","unchanged","false","incomplete_listing"
"67f73dec1d08a04e139a9c76","the original taco petes","remaining","","Restaurants","Restaurants","","","","","","{""status"":""pending"",""approved"":null,""alias"":null,""slug"":null,""isComplete"":false,""completenessScore"":67,""qualityScore"":null,""isTest"":null,""auditTag"":null,""business_name"":""the original taco petes"",""address"":""12007 S Central Ave, Los Angeles, CA 90059"",""city"":"""",""state"":""CA""}","unchanged","false","status_not_public|missing_alias_or_slug|incomplete_listing"
"67f73dec1d08a04e139a9d31","","remaining","","Hair Salons","Beauty, Grooming and Personal Care","","","","","","{""status"":""pending"",""approved"":null,""alias"":""melvinas-golden-touch-inglewood-2"",""slug"":null,""isComplete"":false,""completenessScore"":56,""qualityScore"":null,""isTest"":null,""auditTag"":null,""business_name"":"""",""address"":""2900 W Manchester Blvd, Inglewood, CA 90305"",""city"":"""",""state"":""CA""}","unchanged","false","status_not_public|incomplete_listing"
"67c9ead1818d604b84e5a5c7","El Chato Taco Truck Los Angeles 2","remaining","","Restaurants","Restaurants","","","","","","{""status"":""pending"",""approved"":null,""alias"":""el-chato-taco-truck-los-angeles-2"",""slug"":null,""isComplete"":false,""completenessScore"":56,""qualityScore"":null,""isTest"":null,""auditTag"":null,""business_name"":""El Chato Taco Truck Los Angeles 2"",""address"":""5300 W Olympic Blvd Los Angeles, CA 90019"",""city"":"""",""state"":""CA""}","unchanged","false","status_not_public|incomplete_listing"
"67f73dec1d08a04e139a9c6b","the kobbler king","remaining","","Restaurants","Restaurants","","","","","","{""status"":""pending"",""approved"":null,""alias"":null,""slug"":null,""isComplete"":false,""completenessScore"":67,""qualityScore"":null,""isTest"":null,""auditTag"":null,""business_name"":""the kobbler king"",""address"":""3622 W Jefferson Blvd Los Angeles, CA 90016"",""city"":"""",""state"":""CA""}","unchanged","false","status_not_public|missing_alias_or_slug|incomplete_listing"
"67f73dec1d08a04e139a9c86","torch","remaining","","Shopping","Shopping","","","","","","{""status"":""pending"",""approved"":null,""alias"":null,""slug"":null,""isComplete"":false,""completenessScore"":44,""qualityScore"":null,""isTest"":null,""auditTag"":null,""business_name"":""torch"",""address"":"""",""city"":"""",""state"":""""}","unchanged","false","status_not_public|missing_alias_or_slug|incomplete_listing"
"67f73dec1d08a04e139a9d36","","remaining","","Hair Stylists","Beauty, Grooming and Personal Care","","","","","","{""status"":""pending"",""approved"":null,""alias"":""michael-sixteenthirtysix-los-angeles-3"",""slug"":null,""isComplete"":false,""completenessScore"":56,""qualityScore"":null,""isTest"":null,""auditTag"":null,""business_name"":"""",""address"":""1636 Abbott Kinney Blvd, Sixteen Thirty Six, Los Angeles, CA 90291"",""city"":"""",""state"":""CA""}","unchanged","false","status_not_public|incomplete_listing"
"67f73dec1d08a04e139a9d6c","","remaining","","Restaurants","Restaurants","","","","","","{""status"":""pending"",""approved"":null,""alias"":""baby-love-sweetery-los-angeles"",""slug"":null,""isComplete"":false,""completenessScore"":44,""qualityScore"":null,""isTest"":null,""auditTag"":null,""business_name"":"""",""address"":""Los Angeles, CA 91607"",""city"":"""",""state"":""CA""}","unchanged","false","status_not_public|incomplete_listing"
"67f73dec1d08a04e139a9c7e","the plant mon by easton garden designs (plants)","remaining","","Shopping","Shopping","","","","","","{""status"":""pending"",""approved"":null,""alias"":null,""slug"":null,""isComplete"":false,""completenessScore"":44,""qualityScore"":null,""isTest"":null,""auditTag"":null,""business_name"":""the plant mon by easton garden designs (plants)"",""address"":"""",""city"":"""",""state"":""""}","unchanged","false","status_not_public|missing_alias_or_slug|incomplete_listing"
"67f73dec1d08a04e139a9c96","vector90","remaining","","Museums, Cultural Institutions, and Shared Spaces","Museums, Cultural Institutions, and Shared Spaces","","","","","","{""status"":""pending"",""approved"":null,""alias"":null,""slug"":null,""isComplete"":false,""completenessScore"":67,""qualityScore"":null,""isTest"":null,""auditTag"":null,""business_name"":""vector90"",""address"":""6111 S Gramercy Pl Los Angeles, CA 90047"",""city"":"""",""state"":""CA""}","unchanged","false","status_not_public|missing_alias_or_slug|incomplete_listing"
"67f73dec1d08a04e139a9d6f","","remaining","","Restaurants","Restaurants","","","","","","{""status"":""pending"",""approved"":null,""alias"":""barsha-hermosa-beach"",""slug"":null,""isComplete"":false,""completenessScore"":44,""qualityScore"":null,""isTest"":null,""auditTag"":null,""business_name"":"""",""address"":""1141 Aviation Blvd Hermosa Beach, CA 90254"",""city"":"""",""state"":""CA""}","unchanged","false","status_not_public|incomplete_listing"
"67c9ead1818d604b84e5a5c9","My Fish Stop Sherman Oaks","remaining","","Restaurants","Restaurants","","","","","","{""status"":""pending"",""approved"":null,""alias"":""my-fish-stop-sherman-oaks"",""slug"":null,""isComplete"":false,""completenessScore"":56,""qualityScore"":null,""isTest"":null,""auditTag"":null,""business_name"":""My Fish Stop Sherman Oaks"",""address"":""14843 Burbank Blvd Sherman Oaks, CA 91411"",""city"":"""",""state"":""CA""}","unchanged","false","status_not_public|incomplete_listing"
"67c9ead1818d604b84e5a5cb","My Place Cafe Pasadena","remaining","","Restaurants","Restaurants","","","","","","{""status"":""pending"",""approved"":null,""alias"":""my-place-cafe-pasadena"",""slug"":null,""isComplete"":false,""completenessScore"":56,""qualityScore"":null,""isTest"":null,""auditTag"":null,""business_name"":""My Place Cafe Pasadena"",""address"":""2057 N Los Robles Ave Unit 10 Pasadena, CA 91104"",""city"":"""",""state"":""CA""}","unchanged","false","status_not_public|incomplete_listing"
"67c9ead1818d604b84e5a5cc","Neighbor Los Angeles","remaining","","Nightlife","Nightlife","","","","","","{""status"":""pending"",""approved"":null,""alias"":""neighbor-los-angeles"",""slug"":null,""isComplete"":false,""completenessScore"":56,""qualityScore"":null,""isTest"":null,""auditTag"":null,""business_name"":""Neighbor Los Angeles"",""address"":""1031 Abbot Kinney Blvd Los Angeles, CA 90291"",""city"":"""",""state"":""CA""}","unchanged","false","status_not_public|incomplete_listing"
"67c9ead1818d604b84e5a5ce","My Two Cents Los Angeles 3","remaining","","Restaurants","Restaurants","","","","","","{""status"":""pending"",""approved"":null,""alias"":""my-two-cents-los-angeles-3"",""slug"":null,""isComplete"":false,""completenessScore"":56,""qualityScore"":null,""isTest"":null,""auditTag"":null,""business_name"":""My Two Cents Los Angeles 3"",""address"":""5583 W Pico Blvd Los Angeles, CA 90019"",""city"":"""",""state"":""CA""}","unchanged","false","status_not_public|incomplete_listing"
"67c9ead1818d604b84e5a5cf","Nitas Corn And Nacho Southern California 9","remaining","","Restaurants","Restaurants","","","","","","{""status"":""pending"",""approved"":null,""alias"":""nitas-corn-and-nacho-southern-california-9"",""slug"":null,""isComplete"":false,""completenessScore"":56,""qualityScore"":null,""isTest"":null,""auditTag"":null,""business_name"":""Nitas Corn And Nacho Southern California 9"",""address"":""Southern California, CA 90001"",""city"":"""",""state"":""CA""}","unchanged","false","status_not_public|incomplete_listing"
"67c9ead1818d604b84e5a5d4","Nimbus Coffee Los Angeles 2","remaining","","Restaurants","Restaurants","","","","","","{""status"":""approved"",""approved"":null,""alias"":""nimbus-coffee-los-angeles-2"",""slug"":null,""isComplete"":false,""completenessScore"":67,""qualityScore"":null,""isTest"":null,""auditTag"":null,""business_name"":""Nimbus Coffee Los Angeles 2"",""address"":""1115 S Hope St Los Angeles, CA 90015"",""city"":"""",""state"":""CA""}","unchanged","false","incomplete_listing"
"67c9ead1818d604b84e5a5d2","Nobody Jones Boutique Los Angeles 2","remaining","","Shopping","Shopping","","","","","","{""status"":""approved"",""approved"":null,""alias"":""nobody-jones-boutique-los-angeles-2"",""slug"":null,""isComplete"":false,""completenessScore"":67,""qualityScore"":null,""isTest"":null,""auditTag"":null,""business_name"":""Nobody Jones Boutique Los Angeles 2"",""address"":""5593 Pico Blvd Los Angeles, CA 90019"",""city"":"""",""state"":""CA""}","unchanged","false","incomplete_listing"
"67c9ead1818d604b84e5a5d0","Nkechi African Cafe Inglewood","remaining","","Restaurants","Restaurants","","","","","","{""status"":""pending"",""approved"":null,""alias"":""nkechi-african-cafe-inglewood"",""slug"":null,""isComplete"":false,""completenessScore"":56,""qualityScore"":null,""isTest"":null,""auditTag"":null,""business_name"":""Nkechi African Cafe Inglewood"",""address"":""2717 W Manchester Blvd Inglewood, CA 90305"",""city"":"""",""state"":""CA""}","unchanged","false","status_not_public|incomplete_listing"
"67c9ead1818d604b84e5a5d1","","remaining","","Shopping","Shopping","","","","","","{""status"":""pending"",""approved"":null,""alias"":null,""slug"":null,""isComplete"":false,""completenessScore"":44,""qualityScore"":null,""isTest"":null,""auditTag"":null,""business_name"":"""",""address"":""12211 Arbor Pl Los Angeles, CA 90044"",""city"":"""",""state"":""CA""}","unchanged","false","status_not_public|missing_alias_or_slug|incomplete_listing"
"67c9ead1818d604b84e5a5d3","","remaining","","Beauty, Grooming and Personal Care","Beauty, Grooming and Personal Care","","","","","","{""status"":""pending"",""approved"":null,""alias"":null,""slug"":null,""isComplete"":false,""completenessScore"":56,""qualityScore"":null,""isTest"":null,""auditTag"":null,""business_name"":"""",""address"":""7381 La Tijera Blvd Los Angeles, CA 90045"",""city"":"""",""state"":""CA""}","unchanged","false","status_not_public|missing_alias_or_slug|incomplete_listing"
"67c9ead1818d604b84e5a5d5","","remaining","","Shopping","Shopping","","","","","","{""status"":""pending"",""approved"":null,""alias"":null,""slug"":null,""isComplete"":false,""completenessScore"":56,""qualityScore"":null,""isTest"":null,""auditTag"":null,""business_name"":"""",""address"":""8313 Beverly Blvd, Montebello, CA 90640"",""city"":"""",""state"":""CA""}","unchanged","false","status_not_public|missing_alias_or_slug|incomplete_listing"
"67c9ead1818d604b84e5a5d6","","remaining","","Restaurants","Restaurants","","","","","","{""status"":""pending"",""approved"":null,""alias"":null,""slug"":null,""isComplete"":false,""completenessScore"":22,""qualityScore"":null,""isTest"":null,""auditTag"":null,""business_name"":"""",""address"":"""",""city"":"""",""state"":""""}","unchanged","false","status_not_public|missing_alias_or_slug|incomplete_listing"
"67c9ead1818d604b84e5a5d7","","remaining","","Restaurants","Restaurants","","","","","","{""status"":""pending"",""approved"":null,""alias"":null,""slug"":null,""isComplete"":false,""completenessScore"":11,""qualityScore"":null,""isTest"":null,""auditTag"":null,""business_name"":"""",""address"":"""",""city"":"""",""state"":""""}","unchanged","false","status_not_public|missing_alias_or_slug|incomplete_listing"
"67c9ead1818d604b84e5a5d8","O Nells Comfort Kitchen Long Beach","remaining","","Restaurants","Restaurants","","","","","","{""status"":""pending"",""approved"":null,""alias"":""o-nells-comfort-kitchen-long-beach"",""slug"":null,""isComplete"":false,""completenessScore"":56,""qualityScore"":null,""isTest"":null,""auditTag"":null,""business_name"":""O Nells Comfort Kitchen Long Beach"",""address"":""2295 Long Beach Blvd Ste C Long Beach, CA 90806"",""city"":"""",""state"":""CA""}","unchanged","false","status_not_public|incomplete_listing"
"67c9ead1818d604b84e5a5da","One Of A Kind Hats Los Angeles 2","remaining","","Shopping","Shopping","","","","","","{""status"":""approved"",""approved"":null,""alias"":""one-of-a-kind-hats-los-angeles-2"",""slug"":null,""isComplete"":false,""completenessScore"":67,""qualityScore"":null,""isTest"":null,""auditTag"":null,""business_name"":""One Of A Kind Hats Los Angeles 2"",""address"":""4432 W Slauson Ave Los Angeles, CA 90043"",""city"":"""",""state"":""CA""}","unchanged","false","incomplete_listing"
"67f73dec1d08a04e139a9d9a","","remaining","","Shopping","Shopping","","","","","","{""status"":""pending"",""approved"":null,""alias"":null,""slug"":null,""isComplete"":false,""completenessScore"":44,""qualityScore"":null,""isTest"":null,""auditTag"":null,""business_name"":"""",""address"":""2524 10th Ave Los Angeles, CA 90018"",""city"":"""",""state"":""CA""}","unchanged","false","status_not_public|missing_alias_or_slug|incomplete_listing"
"67c9ead1818d604b84e5a5d9","","remaining","","Gym, Fitness Health and Wellness","Gym, Fitness Health and Wellness","","","","","","{""status"":""pending"",""approved"":null,""alias"":null,""slug"":null,""isComplete"":false,""completenessScore"":22,""qualityScore"":null,""isTest"":null,""auditTag"":null,""business_name"":"""",""address"":"""",""city"":"""",""state"":""""}","unchanged","false","status_not_public|missing_alias_or_slug|incomplete_listing"
"67c9ead1818d604b84e5a5dc","One876 Caribbean Restaurant Chatsworth","remaining","","Restaurants","Restaurants","","","","","","{""status"":""approved"",""approved"":null,""alias"":""one876-caribbean-restaurant-chatsworth"",""slug"":null,""isComplete"":false,""completenessScore"":67,""qualityScore"":null,""isTest"":null,""auditTag"":null,""business_name"":""One876 Caribbean Restaurant Chatsworth"",""address"":""20869 Lassen St Chatsworth, CA 91311"",""city"":"""",""state"":""CA""}","unchanged","false","incomplete_listing"
"67f73dec1d08a04e139a9daf","","remaining","","Museums, Cultural Institutions, and Shared Spaces","Museums, Cultural Institutions, and Shared Spaces","","","","","","{""status"":""pending"",""approved"":null,""alias"":null,""slug"":null,""isComplete"":false,""completenessScore"":44,""qualityScore"":null,""isTest"":null,""auditTag"":null,""business_name"":"""",""address"":""10624 Graham Ave, Los Angeles, CA 90002"",""city"":"""",""state"":""CA""}","unchanged","false","status_not_public|missing_alias_or_slug|incomplete_listing"
"67f73dec1d08a04e139a9dfa","","remaining","","Restaurants","Restaurants","","","","","","{""status"":""pending"",""approved"":null,""alias"":""grilled-fraiche-hyde-park-los-angeles"",""slug"":null,""isComplete"":false,""completenessScore"":56,""qualityScore"":null,""isTest"":null,""auditTag"":null,""business_name"":"""",""address"":""5800 W Blvd Los Angeles, CA 90043"",""city"":"""",""state"":""CA""}","unchanged","false","status_not_public|incomplete_listing"
"67f73dec1d08a04e139a9dda","","remaining","","Shopping","Shopping","","","","","","{""status"":""pending"",""approved"":null,""alias"":null,""slug"":null,""isComplete"":false,""completenessScore"":22,""qualityScore"":null,""isTest"":null,""auditTag"":null,""business_name"":"""",""address"":"""",""city"":"""",""state"":""""}","unchanged","false","status_not_public|missing_alias_or_slug|incomplete_listing"
"67f73dec1d08a04e139a9ded","","remaining","","Shopping","Shopping","","","","","","{""status"":""pending"",""approved"":null,""alias"":null,""slug"":null,""isComplete"":false,""completenessScore"":44,""qualityScore"":null,""isTest"":null,""auditTag"":null,""business_name"":"""",""address"":""3940 Laurel Canyon Blvd #427 Studio City, CA 91604"",""city"":"""",""state"":""CA""}","unchanged","false","status_not_public|missing_alias_or_slug|incomplete_listing"
"67f73dec1d08a04e139a9dbc","","remaining","","Restaurants","Restaurants","","","","","","{""status"":""pending"",""approved"":null,""alias"":""country-style-jamaican-restaurant-inglewood"",""slug"":null,""isComplete"":false,""completenessScore"":44,""qualityScore"":null,""isTest"":null,""auditTag"":null,""business_name"":"""",""address"":""630 N La Brea Ave Inglewood, CA 90302"",""city"":"""",""state"":""CA""}","unchanged","false","status_not_public|incomplete_listing"
"67f73dec1d08a04e139a9dc0","","remaining","","Shopping","Shopping","","","","","","{""status"":""pending"",""approved"":null,""alias"":""cultural-interiors-los-angeles-3"",""slug"":null,""isComplete"":false,""completenessScore"":56,""qualityScore"":null,""isTest"":null,""auditTag"":null,""business_name"":"""",""address"":""4421 W Slauson Ave Los Angeles, CA 90043"",""city"":"""",""state"":""CA""}","unchanged","false","status_not_public|incomplete_listing"
"67f73dec1d08a04e139a9df1","","remaining","","Shopping","Shopping","","","","","","{""status"":""pending"",""approved"":null,""alias"":null,""slug"":null,""isComplete"":false,""completenessScore"":22,""qualityScore"":null,""isTest"":null,""auditTag"":null,""business_name"":"""",""address"":"""",""city"":"""",""state"":""""}","unchanged","false","status_not_public|missing_alias_or_slug|incomplete_listing"
"67c9ead1818d604b84e5a5de","Oh My Burger Gardena 3","remaining","","Restaurants","Restaurants","","","","","","{""status"":""pending"",""approved"":null,""alias"":""oh-my-burger-gardena-3"",""slug"":null,""isComplete"":false,""completenessScore"":56,""qualityScore"":null,""isTest"":null,""auditTag"":null,""business_name"":""Oh My Burger Gardena 3"",""address"":""2142 W El Segundo Blvd Gardena, CA 90249"",""city"":"""",""state"":""CA""}","unchanged","false","status_not_public|incomplete_listing"
"67c9ead1818d604b84e5a5e1","","remaining","","Shopping","Shopping","","","","","","{""status"":""pending"",""approved"":null,""alias"":null,""slug"":null,""isComplete"":false,""completenessScore"":22,""qualityScore"":null,""isTest"":null,""auditTag"":null,""business_name"":"""",""address"":"""",""city"":"""",""state"":""""}","unchanged","false","status_not_public|missing_alias_or_slug|incomplete_listing"
"67f73dec1d08a04e139a9e05","","remaining","","Restaurants","Restaurants","","","","","","{""status"":""pending"",""approved"":null,""alias"":""hot-and-cool-cafe-los-angeles"",""slug"":null,""isComplete"":false,""completenessScore"":56,""qualityScore"":null,""isTest"":null,""auditTag"":null,""business_name"":"""",""address"":""4331 Degnan Blvd Los Angeles, CA 90008"",""city"":"""",""state"":""CA""}","unchanged","false","status_not_public|incomplete_listing"
"67c9ead1818d604b84e5a5df","","remaining","","Restaurants","Restaurants","","","","","","{""status"":""pending"",""approved"":null,""alias"":null,""slug"":null,""isComplete"":false,""completenessScore"":11,""qualityScore"":null,""isTest"":null,""auditTag"":null,""business_name"":"""",""address"":"""",""city"":"""",""state"":""""}","unchanged","false","status_not_public|missing_alias_or_slug|incomplete_listing"
"67c9ead1818d604b84e5a5e7","Papa Johns Pizza Los Angeles 20","remaining","","Restaurants","Restaurants","","","","","","{""status"":""pending"",""approved"":null,""alias"":""papa-johns-pizza-los-angeles-20"",""slug"":null,""isComplete"":false,""completenessScore"":56,""qualityScore"":null,""isTest"":null,""auditTag"":null,""business_name"":""Papa Johns Pizza Los Angeles 20"",""address"":""7150 Beverly Blvd Los Angeles, CA 90036"",""city"":"""",""state"":""CA""}","unchanged","false","status_not_public|incomplete_listing"
"67f73dec1d08a04e139a9c51","stevie's creole cafe","remaining","","Restaurants","Restaurants","","","","","","{""status"":""pending"",""approved"":null,""alias"":null,""slug"":null,""isComplete"":false,""completenessScore"":67,""qualityScore"":null,""isTest"":null,""auditTag"":null,""business_name"":""stevie's creole cafe"",""address"":""5545 W Pico Blvd Los Angeles, CA 90019"",""city"":"""",""state"":""CA""}","unchanged","false","status_not_public|missing_alias_or_slug|incomplete_listing"
"67f73dec1d08a04e139a9c41","silverback coffee of rwanda","remaining","","Restaurants","Restaurants","","","","","","{""status"":""pending"",""approved"":null,""alias"":null,""slug"":null,""isComplete"":false,""completenessScore"":67,""qualityScore"":null,""isTest"":null,""auditTag"":null,""business_name"":""silverback coffee of rwanda"",""address"":""1712 W Sunset Blvd Los Angeles, CA 90026"",""city"":"""",""state"":""CA""}","unchanged","false","status_not_public|missing_alias_or_slug|incomplete_listing"
"67f73dec1d08a04e139a9c7f","thrive doughnuts","remaining","","Restaurants","Restaurants","","","","","","{""status"":""pending"",""approved"":null,""alias"":null,""slug"":null,""isComplete"":false,""completenessScore"":67,""qualityScore"":null,""isTest"":null,""auditTag"":null,""business_name"":""thrive doughnuts"",""address"":""9030 Owensmouth Ave Canoga Park, CA 91304"",""city"":"""",""state"":""CA""}","unchanged","false","status_not_public|missing_alias_or_slug|incomplete_listing"
"67f73dec1d08a04e139a9c58","tactile matter","remaining","","Shopping","Shopping","","","","","","{""status"":""pending"",""approved"":null,""alias"":null,""slug"":null,""isComplete"":false,""completenessScore"":44,""qualityScore"":null,""isTest"":null,""auditTag"":null,""business_name"":""tactile matter"",""address"":"""",""city"":"""",""state"":""""}","unchanged","false","status_not_public|missing_alias_or_slug|incomplete_listing"
"67f73dec1d08a04e139a9c6e","the lion's feast","remaining","","Restaurants","Restaurants","","","","","","{""status"":""pending"",""approved"":null,""alias"":null,""slug"":null,""isComplete"":false,""completenessScore"":33,""qualityScore"":null,""isTest"":null,""auditTag"":null,""business_name"":""the lion's feast"",""address"":"""",""city"":"""",""state"":""""}","unchanged","false","status_not_public|missing_alias_or_slug|incomplete_listing"
"67c9ead1818d604b84e5a5e8","","remaining","","Restaurants","Restaurants","","","","","","{""status"":""pending"",""approved"":null,""alias"":null,""slug"":null,""isComplete"":false,""completenessScore"":33,""qualityScore"":null,""isTest"":null,""auditTag"":null,""business_name"":"""",""address"":""1403 W 11th St Los Angeles, CA 90015"",""city"":"""",""state"":""CA""}","unchanged","false","status_not_public|missing_alias_or_slug|incomplete_listing"
"67f73dec1d08a04e139a9ca9","wings and pot","remaining","","Restaurants","Restaurants","","","","","","{""status"":""pending"",""approved"":null,""alias"":null,""slug"":null,""isComplete"":false,""completenessScore"":67,""qualityScore"":null,""isTest"":null,""auditTag"":null,""business_name"":""wings and pot"",""address"":""2108 W Manchester Ave Los Angeles, CA 90047"",""city"":"""",""state"":""CA""}","unchanged","false","status_not_public|missing_alias_or_slug|incomplete_listing"
"67f73dec1d08a04e139a9ca4","walker noble studios","remaining","","Shopping","Shopping","","","","","","{""status"":""pending"",""approved"":null,""alias"":null,""slug"":null,""isComplete"":false,""completenessScore"":56,""qualityScore"":null,""isTest"":null,""auditTag"":null,""business_name"":""walker noble studios"",""address"":"""",""city"":"""",""state"":""""}","unchanged","false","status_not_public|missing_alias_or_slug|incomplete_listing"
"67f73dec1d08a04e139a9ca0","wecupcake","remaining","","Restaurants","Restaurants","","","","","","{""status"":""pending"",""approved"":null,""alias"":null,""slug"":null,""isComplete"":true,""completenessScore"":78,""qualityScore"":null,""isTest"":null,""auditTag"":null,""business_name"":""wecupcake"",""address"":""10807 Crenshaw Blvd Inglewood, CA 90303"",""city"":"""",""state"":""CA""}","unchanged","false","status_not_public|missing_alias_or_slug"
"67c9ead1818d604b84e5a5ea","Phat Birds Los Angeles 6","remaining","","Restaurants","Restaurants","","","","","","{""status"":""pending"",""approved"":null,""alias"":""phat-birds-los-angeles-6"",""slug"":null,""isComplete"":false,""completenessScore"":56,""qualityScore"":null,""isTest"":null,""auditTag"":null,""business_name"":""Phat Birds Los Angeles 6"",""address"":""3705 W Sunset Blvd Los Angeles, CA 90026"",""city"":"""",""state"":""CA""}","unchanged","false","status_not_public|incomplete_listing"
"67c9ead1818d604b84e5a5eb","","remaining","","Beauty, Grooming and Personal Care","Beauty, Grooming and Personal Care","","","","","","{""status"":""pending"",""approved"":null,""alias"":null,""slug"":null,""isComplete"":false,""completenessScore"":22,""qualityScore"":null,""isTest"":null,""auditTag"":null,""business_name"":"""",""address"":"""",""city"":"""",""state"":""""}","unchanged","false","status_not_public|missing_alias_or_slug|incomplete_listing"
"67c9ead1818d604b84e5a5ed","Perrys Joint Pasadena","remaining","","Restaurants","Restaurants","","","","","","{""status"":""approved"",""approved"":null,""alias"":""perrys-joint-pasadena"",""slug"":null,""isComplete"":false,""completenessScore"":67,""qualityScore"":null,""isTest"":null,""auditTag"":null,""business_name"":""Perrys Joint Pasadena"",""address"":""2051 Lincoln Ave Pasadena, CA 91103"",""city"":"""",""state"":""CA""}","unchanged","false","incomplete_listing"
"67c9ead1818d604b84e5a5ee","Phillips Bar B Que Inglewood 5","remaining","","Restaurants","Restaurants","","","","","","{""status"":""approved"",""approved"":null,""alias"":""phillips-bar-b-que-inglewood-5"",""slug"":null,""isComplete"":false,""completenessScore"":67,""qualityScore"":null,""isTest"":null,""auditTag"":null,""business_name"":""Phillips Bar B Que Inglewood 5"",""address"":""1517 Centinela Ave Inglewood, CA 90302"",""city"":"""",""state"":""CA""}","unchanged","false","incomplete_listing"
"67c9ead1818d604b84e5a5ef","","remaining","","Shopping","Shopping","","","","","","{""status"":""pending"",""approved"":null,""alias"":null,""slug"":null,""isComplete"":false,""completenessScore"":56,""qualityScore"":null,""isTest"":null,""auditTag"":null,""business_name"":"""",""address"":""837 Traction Ave, Los Angeles, CA 90013"",""city"":"""",""state"":""CA""}","unchanged","false","status_not_public|missing_alias_or_slug|incomplete_listing"
"67f73dec1d08a04e139a9d14","","remaining","","Hair Stylists, Jewelry, Eyebrow Services","Beauty, Grooming and Personal Care","","","","","","{""status"":""pending"",""approved"":null,""alias"":""naturally-you-locks-los-angeles-2"",""slug"":null,""isComplete"":false,""completenessScore"":56,""qualityScore"":null,""isTest"":null,""auditTag"":null,""business_name"":"""",""address"":""7409 Crenshaw Blvd, Los Angeles, CA 90043"",""city"":"""",""state"":""CA""}","unchanged","false","status_not_public|incomplete_listing"
"67f73dec1d08a04e139a9d0d","","remaining","","Hair Salons","Beauty, Grooming and Personal Care","","","","","","{""status"":""pending"",""approved"":null,""alias"":""pure-pleasure-salon-los-angeles"",""slug"":null,""isComplete"":false,""completenessScore"":56,""qualityScore"":null,""isTest"":null,""auditTag"":null,""business_name"":"""",""address"":""2149 W Manchester Ave, Los Angeles, CA 90047"",""city"":"""",""state"":""CA""}","unchanged","false","status_not_public|incomplete_listing"
"67c9ead1818d604b84e5a5fc","R And R Soul Food Restaurant Carson","remaining","","Restaurants","Restaurants","","","","","","{""status"":""pending"",""approved"":null,""alias"":""r-and-r-soul-food-restaurant-carson"",""slug"":null,""isComplete"":false,""completenessScore"":56,""qualityScore"":null,""isTest"":null,""auditTag"":null,""business_name"":""R And R Soul Food Restaurant Carson"",""address"":""18427 Avalon Blvd Carson, CA 90746"",""city"":"""",""state"":""CA""}","unchanged","false","status_not_public|incomplete_listing"
"67f73dec1d08a04e139a9d1d","","remaining","","Hair Salons","Beauty, Grooming and Personal Care","","","","","","{""status"":""pending"",""approved"":null,""alias"":""catalinas-dominican-beauty-salon-los-angeles"",""slug"":null,""isComplete"":false,""completenessScore"":56,""qualityScore"":null,""isTest"":null,""auditTag"":null,""business_name"":"""",""address"":""15243 Roscoe Blvd, Los Angeles, CA 91402"",""city"":"""",""state"":""CA""}","unchanged","false","status_not_public|incomplete_listing"
"67c9ead1818d604b84e5a5fb","","remaining","","Shopping","Shopping","","","","","","{""status"":""pending"",""approved"":null,""alias"":null,""slug"":null,""isComplete"":false,""completenessScore"":22,""qualityScore"":null,""isTest"":null,""auditTag"":null,""business_name"":"""",""address"":"""",""city"":"""",""state"":""""}","unchanged","false","status_not_public|missing_alias_or_slug|incomplete_listing"
"67c9ead1818d604b84e5a5fe","Pips On La Brea Los Angeles","remaining","","Nightlife","Nightlife","","","","","","{""status"":""pending"",""approved"":null,""alias"":""pips-on-la-brea-los-angeles"",""slug"":null,""isComplete"":false,""completenessScore"":56,""qualityScore"":null,""isTest"":null,""auditTag"":null,""business_name"":""Pips On La Brea Los Angeles"",""address"":""1356 S La Brea Ave Los Angeles, CA 90019"",""city"":"""",""state"":""CA""}","unchanged","false","status_not_public|incomplete_listing"
"67c9ead1818d604b84e5a600","Post And Beam Los Angeles","remaining","","Restaurants","Restaurants","","","","","","{""status"":""pending"",""approved"":null,""alias"":""post-and-beam-los-angeles"",""slug"":null,""isComplete"":false,""completenessScore"":56,""qualityScore"":null,""isTest"":null,""auditTag"":null,""business_name"":""Post And Beam Los Angeles"",""address"":""3767 Santa Rosalia Dr Los Angeles, CA 90008"",""city"":"""",""state"":""CA""}","unchanged","false","status_not_public|incomplete_listing"
"67c9ead1818d604b84e5a5f0","Pinky Rose Los Angeles","remaining","","Shopping","Shopping","","","","","","{""status"":""approved"",""approved"":null,""alias"":""pinky-rose-los-angeles"",""slug"":null,""isComplete"":false,""completenessScore"":67,""qualityScore"":null,""isTest"":null,""auditTag"":null,""business_name"":""Pinky Rose Los Angeles"",""address"":""5372 W Pico Blvd Los Angeles, CA 90019"",""city"":"""",""state"":""CA""}","unchanged","false","incomplete_listing"
"67c9ead1818d604b84e5a5f1","","remaining","","Shopping","Shopping","","","","","","{""status"":""pending"",""approved"":null,""alias"":null,""slug"":null,""isComplete"":false,""completenessScore"":22,""qualityScore"":null,""isTest"":null,""auditTag"":null,""business_name"":"""",""address"":"""",""city"":"""",""state"":""""}","unchanged","false","status_not_public|missing_alias_or_slug|incomplete_listing"
"67c9ead1818d604b84e5a5f8","La Queens Boutique Los Angeles","remaining","","Event Planning","Event Planning","","","","","","{""status"":""approved"",""approved"":null,""alias"":""la-queens-boutique-los-angeles"",""slug"":null,""isComplete"":false,""completenessScore"":67,""qualityScore"":null,""isTest"":null,""auditTag"":null,""business_name"":""La Queens Boutique Los Angeles"",""address"":""912 S Santee St Los Angeles, CA 90015"",""city"":"""",""state"":""CA""}","unchanged","false","incomplete_listing"
"67c9ead1818d604b84e5a5fa","Queen Of Sheba Ethiopian Restaurant Inglewood","remaining","","Restaurants","Restaurants","","","","","","{""status"":""pending"",""approved"":null,""alias"":""queen-of-sheba-ethiopian-restaurant-inglewood"",""slug"":null,""isComplete"":false,""completenessScore"":56,""qualityScore"":null,""isTest"":null,""auditTag"":null,""business_name"":""Queen Of Sheba Ethiopian Restaurant Inglewood"",""address"":""630 N La Brea Ave Inglewood, CA 90302"",""city"":"""",""state"":""CA""}","unchanged","false","status_not_public|incomplete_listing"
"67c9ead1818d604b84e5a5f4","Popcornopolis Universal City","remaining","","Restaurants","Restaurants","","","","","","{""status"":""pending"",""approved"":null,""alias"":""popcornopolis-universal-city"",""slug"":null,""isComplete"":false,""completenessScore"":56,""qualityScore"":null,""isTest"":null,""auditTag"":null,""business_name"":""Popcornopolis Universal City"",""address"":""1000 Universal City Dr Ste 188 Universal City, CA 91608"",""city"":"""",""state"":""CA""}","unchanged","false","status_not_public|incomplete_listing"
"67c9ead1818d604b84e5a5fd","","remaining","","Shopping","Shopping","","","","","","{""status"":""pending"",""approved"":null,""alias"":null,""slug"":null,""isComplete"":false,""completenessScore"":22,""qualityScore"":null,""isTest"":null,""auditTag"":null,""business_name"":"""",""address"":"""",""city"":"""",""state"":""""}","unchanged","false","status_not_public|missing_alias_or_slug|incomplete_listing"
"67c9ead1818d604b84e5a601","","remaining","","Beauty, Grooming and Personal Care","Beauty, Grooming and Personal Care","","","","","","{""status"":""pending"",""approved"":null,""alias"":null,""slug"":null,""isComplete"":false,""completenessScore"":56,""qualityScore"":null,""isTest"":null,""auditTag"":null,""business_name"":"""",""address"":""818 N. Spring St, Los Angeles, CA 90012"",""city"":"""",""state"":""CA""}","unchanged","false","status_not_public|missing_alias_or_slug|incomplete_listing"
"67c9ead1818d604b84e5a5f6","","remaining","","Restaurants","Restaurants","","","","","","{""status"":""pending"",""approved"":null,""alias"":null,""slug"":null,""isComplete"":false,""completenessScore"":22,""qualityScore"":null,""isTest"":null,""auditTag"":null,""business_name"":"""",""address"":"""",""city"":"""",""state"":""""}","unchanged","false","status_not_public|missing_alias_or_slug|incomplete_listing"
"67c9ead1818d604b84e5a5f5","Poppy Rose Los Angeles","remaining","","Restaurants","Restaurants","","","","","","{""status"":""pending"",""approved"":null,""alias"":""poppy-rose-los-angeles"",""slug"":null,""isComplete"":false,""completenessScore"":56,""qualityScore"":null,""isTest"":null,""auditTag"":null,""business_name"":""Poppy Rose Los Angeles"",""address"":""765 Wall St Los Angeles, CA 90014"",""city"":"""",""state"":""CA""}","unchanged","false","status_not_public|incomplete_listing"
"67c9ead1818d604b84e5a5f7","Pucker Up Lemonade Company Compton","remaining","","Restaurants","Restaurants","","","","","","{""status"":""pending"",""approved"":null,""alias"":""pucker-up-lemonade-company-compton"",""slug"":null,""isComplete"":false,""completenessScore"":56,""qualityScore"":null,""isTest"":null,""auditTag"":null,""business_name"":""Pucker Up Lemonade Company Compton"",""address"":""723 E Compton Blvd Compton, CA 90221"",""city"":"""",""state"":""CA""}","unchanged","false","status_not_public|incomplete_listing"
"67c9ead1818d604b84e5a5ff","Pop Belli Deli Gardena 2","remaining","","Restaurants","Restaurants","","","","","","{""status"":""pending"",""approved"":null,""alias"":""pop-belli-deli-gardena-2"",""slug"":null,""isComplete"":false,""completenessScore"":56,""qualityScore"":null,""isTest"":null,""auditTag"":null,""business_name"":""Pop Belli Deli Gardena 2"",""address"":""13911 Van Ness Ave Gardena, CA 90249"",""city"":"""",""state"":""CA""}","unchanged","false","status_not_public|incomplete_listing"
"67f73dec1d08a04e139a9d3d","","remaining","","Barbershop","Beauty, Grooming and Personal Care","","","","","","{""status"":""pending"",""approved"":null,""alias"":""kevs-barber-shop-los-angeles"",""slug"":null,""isComplete"":false,""completenessScore"":56,""qualityScore"":null,""isTest"":null,""auditTag"":null,""business_name"":"""",""address"":""3022 W Vernon Ave, Los Angeles, CA 90008"",""city"":"""",""state"":""CA""}","unchanged","false","status_not_public|incomplete_listing"
"67c9ead1818d604b84e5a602","R Kitchen Soul Food Lakewood","remaining","","Restaurants","Restaurants","","","","","","{""status"":""pending"",""approved"":null,""alias"":""r-kitchen-soul-food-lakewood"",""slug"":null,""isComplete"":false,""completenessScore"":56,""qualityScore"":null,""isTest"":null,""auditTag"":null,""business_name"":""R Kitchen Soul Food Lakewood"",""address"":""5253 Paramount Blvd Lakewood, CA 90712"",""city"":"""",""state"":""CA""}","unchanged","false","status_not_public|incomplete_listing"
"67f73dec1d08a04e139a9d62","","remaining","","Restaurants","Restaurants","","","","","","{""status"":""pending"",""approved"":null,""alias"":null,""slug"":null,""isComplete"":false,""completenessScore"":22,""qualityScore"":null,""isTest"":null,""auditTag"":null,""business_name"":"""",""address"":"""",""city"":"""",""state"":""""}","unchanged","false","status_not_public|missing_alias_or_slug|incomplete_listing"
"67f73dec1d08a04e139a9d99","","remaining","","Shopping","Shopping","","","","","","{""status"":""pending"",""approved"":null,""alias"":null,""slug"":null,""isComplete"":false,""completenessScore"":22,""qualityScore"":null,""isTest"":null,""auditTag"":null,""business_name"":"""",""address"":"""",""city"":"""",""state"":""""}","unchanged","false","status_not_public|missing_alias_or_slug|incomplete_listing"
"67f73dec1d08a04e139a9d87","","remaining","","Museums, Cultural Institutions, and Shared Spaces","Museums, Cultural Institutions, and Shared Spaces","","","","","","{""status"":""pending"",""approved"":null,""alias"":""bonita-interiors-pasadena"",""slug"":null,""isComplete"":false,""completenessScore"":56,""qualityScore"":null,""isTest"":null,""auditTag"":null,""business_name"":"""",""address"":""480 S Fair Oaks Ave Pasadena, CA 91105"",""city"":"""",""state"":""CA""}","unchanged","false","status_not_public|incomplete_listing"
"67f73dec1d08a04e139a9dc8","","remaining","","Restaurants","Restaurants","","","","","","{""status"":""pending"",""approved"":null,""alias"":null,""slug"":null,""isComplete"":false,""completenessScore"":44,""qualityScore"":null,""isTest"":null,""auditTag"":null,""business_name"":"""",""address"":""11228 S New Hampshire Ave Los Angeles, CA 90044"",""city"":"""",""state"":""CA""}","unchanged","false","status_not_public|missing_alias_or_slug|incomplete_listing"
"67c9ead1818d604b84e5a604","Ranch Side Cafe Sylmar","remaining","","Restaurants","Restaurants","","","","","","{""status"":""approved"",""approved"":null,""alias"":""ranch-side-cafe-sylmar"",""slug"":null,""isComplete"":false,""completenessScore"":67,""qualityScore"":null,""isTest"":null,""auditTag"":null,""business_name"":""Ranch Side Cafe Sylmar"",""address"":""11355 Foothill Blvd Sylmar, CA 91342"",""city"":"""",""state"":""CA""}","unchanged","false","incomplete_listing"
"67f73dec1d08a04e139a9d58","","remaining","","Shopping","Shopping","","","","","","{""status"":""pending"",""approved"":null,""alias"":null,""slug"":null,""isComplete"":false,""completenessScore"":22,""qualityScore"":null,""isTest"":null,""auditTag"":null,""business_name"":"""",""address"":"""",""city"":"""",""state"":""""}","unchanged","false","status_not_public|missing_alias_or_slug|incomplete_listing"
"67f73dec1d08a04e139a9d97","","remaining","","Services","Services","","","","","","{""status"":""pending"",""approved"":null,""alias"":null,""slug"":null,""isComplete"":false,""completenessScore"":56,""qualityScore"":null,""isTest"":null,""auditTag"":null,""business_name"":"""",""address"":""1112 Montana Ave #432, Santa Monica, CA 90403"",""city"":"""",""state"":""CA""}","unchanged","false","status_not_public|missing_alias_or_slug|incomplete_listing"
"67f73dec1d08a04e139a9dc3","","remaining","","Restaurants","Restaurants","","","","","","{""status"":""pending"",""approved"":null,""alias"":""colony-cooks-los-angeles"",""slug"":null,""isComplete"":false,""completenessScore"":56,""qualityScore"":null,""isTest"":null,""auditTag"":null,""business_name"":"""",""address"":""11419 Santa Monica Blvd Los Angeles, CA 90025"",""city"":"""",""state"":""CA""}","unchanged","false","status_not_public|incomplete_listing"
"67f73dec1d08a04e139a9d67","","remaining","","Services","Services","","","","","","{""status"":""pending"",""approved"":null,""alias"":""antique-stove-heaven-los-angeles"",""slug"":null,""isComplete"":false,""completenessScore"":56,""qualityScore"":null,""isTest"":null,""auditTag"":null,""business_name"":"""",""address"":""5414 S Western Ave Los Angeles, CA 90062"",""city"":"""",""state"":""CA""}","unchanged","false","status_not_public|incomplete_listing"
"67c9ead1818d604b84e5a605","Rahel Ethiopian Vegan Cuisine Los Angeles","remaining","","Restaurants","Restaurants","","","","","","{""status"":""approved"",""approved"":null,""alias"":""rahel-ethiopian-vegan-cuisine-los-angeles"",""slug"":null,""isComplete"":false,""completenessScore"":67,""qualityScore"":null,""isTest"":null,""auditTag"":null,""business_name"":""Rahel Ethiopian Vegan Cuisine Los Angeles"",""address"":""1047 S Fairfax Ave Los Angeles, CA 90019"",""city"":"""",""state"":""CA""}","unchanged","false","incomplete_listing"
"67f73dec1d08a04e139a9dd8","","remaining","","Gym, Fitness Health and Wellness","Gym, Fitness Health and Wellness","","","","","","{""status"":""pending"",""approved"":null,""alias"":null,""slug"":null,""isComplete"":false,""completenessScore"":22,""qualityScore"":null,""isTest"":null,""auditTag"":null,""business_name"":"""",""address"":"""",""city"":"""",""state"":""""}","unchanged","false","status_not_public|missing_alias_or_slug|incomplete_listing"
"67f73dec1d08a04e139a9e10","","remaining","","Restaurants","Restaurants","","","","","","{""status"":""pending"",""approved"":null,""alias"":""jackfruit-cafe-los-angeles"",""slug"":null,""isComplete"":false,""completenessScore"":44,""qualityScore"":null,""isTest"":null,""auditTag"":null,""business_name"":"""",""address"":""11419 Santa Monica Blvd Ste K23 Los Angeles, CA 90025"",""city"":"""",""state"":""CA""}","unchanged","false","status_not_public|incomplete_listing"
"67f73dec1d08a04e139a9ca1","who's hungry caribbean restaurant","remaining","","Restaurants","Restaurants","","","","","","{""status"":""pending"",""approved"":null,""alias"":null,""slug"":null,""isComplete"":false,""completenessScore"":67,""qualityScore"":null,""isTest"":null,""auditTag"":null,""business_name"":""who's hungry caribbean restaurant"",""address"":""2959 Crenshaw Blvd Los Angeles, CA 90016"",""city"":"""",""state"":""CA""}","unchanged","false","status_not_public|missing_alias_or_slug|incomplete_listing"
"67f73dec1d08a04e139a9de5","","remaining","","Restaurants","Restaurants","","","","","","{""status"":""pending"",""approved"":null,""alias"":""fishermans-outlet-los-angeles"",""slug"":null,""isComplete"":false,""completenessScore"":44,""qualityScore"":null,""isTest"":null,""auditTag"":null,""business_name"":"""",""address"":""529 S Central Ave Los Angeles, CA 90013"",""city"":"""",""state"":""CA""}","unchanged","false","status_not_public|incomplete_listing"
"67c9ead1818d604b84e5a608","","remaining","","Shopping","Shopping","","","","","","{""status"":""pending"",""approved"":null,""alias"":null,""slug"":null,""isComplete"":false,""completenessScore"":22,""qualityScore"":null,""isTest"":null,""auditTag"":null,""business_name"":"""",""address"":"""",""city"":"""",""state"":""""}","unchanged","false","status_not_public|missing_alias_or_slug|incomplete_listing"
"67f73dec1d08a04e139a9e22","","remaining","","Shopping","Shopping","","","","","","{""status"":""pending"",""approved"":null,""alias"":null,""slug"":null,""isComplete"":false,""completenessScore"":22,""qualityScore"":null,""isTest"":null,""auditTag"":null,""business_name"":"""",""address"":"""",""city"":"""",""state"":""""}","unchanged","false","status_not_public|missing_alias_or_slug|incomplete_listing"
"67f73dec1d08a04e139a9c71","the nest","remaining","","Nightlife","Nightlife","","","","","","{""status"":""pending"",""approved"":null,""alias"":null,""slug"":null,""isComplete"":true,""completenessScore"":78,""qualityScore"":null,""isTest"":null,""auditTag"":null,""business_name"":""the nest"",""address"":""900 W Olympic Blvd Los Angeles, CA 90015"",""city"":"""",""state"":""CA""}","unchanged","false","status_not_public|missing_alias_or_slug"
"67c9ead1818d604b84e5a60a","118.37146","remaining","","Musicians","Services","","","","","","{""status"":""pending"",""approved"":null,""alias"":-118.37146,""slug"":null,""isComplete"":false,""completenessScore"":56,""qualityScore"":null,""isTest"":null,""auditTag"":null,""business_name"":""118.37146"",""address"":""Los Angeles, CA 91601"",""city"":"""",""state"":""CA""}","unchanged","false","status_not_public|missing_alias_or_slug|incomplete_listing"
"67c9ead1818d604b84e5a60d","Reparations Club Los Angeles","remaining","","Shopping","Shopping","","","","","","{""status"":""approved"",""approved"":null,""alias"":""reparations-club-los-angeles"",""slug"":null,""isComplete"":false,""completenessScore"":67,""qualityScore"":null,""isTest"":null,""auditTag"":null,""business_name"":""Reparations Club Los Angeles"",""address"":""4636 W Washington Blvd Los Angeles, CA 90016"",""city"":"""",""state"":""CA""}","unchanged","false","incomplete_listing"
"67c9ead1818d604b84e5a610","Roscoes House Of Chicken And Waffles Los Angeles","remaining","","Restaurants","Restaurants","","","","","","{""status"":""pending"",""approved"":null,""alias"":""roscoes-house-of-chicken-and-waffles-los-angeles"",""slug"":null,""isComplete"":false,""completenessScore"":56,""qualityScore"":null,""isTest"":null,""auditTag"":null,""business_name"":""Roscoes House Of Chicken And Waffles Los Angeles"",""address"":""5006 W Pico Blvd Los Angeles, CA 90019"",""city"":"""",""state"":""CA""}","unchanged","false","status_not_public|incomplete_listing"
"67c9ead1818d604b84e5a613","","remaining","","Shopping","Shopping","","","","","","{""status"":""pending"",""approved"":null,""alias"":null,""slug"":null,""isComplete"":false,""completenessScore"":22,""qualityScore"":null,""isTest"":null,""auditTag"":null,""business_name"":"""",""address"":"""",""city"":"""",""state"":""""}","unchanged","false","status_not_public|missing_alias_or_slug|incomplete_listing"
"67c9ead1818d604b84e5a619","","remaining","","Shopping","Shopping","","","","","","{""status"":""pending"",""approved"":null,""alias"":null,""slug"":null,""isComplete"":false,""completenessScore"":44,""qualityScore"":null,""isTest"":null,""auditTag"":null,""business_name"":"""",""address"":""2959 Potomac Ave Los Angeles, CA 90016"",""city"":"""",""state"":""CA""}","unchanged","false","status_not_public|missing_alias_or_slug|incomplete_listing"
"67c9ead1818d604b84e5a60f","Rosalinds Ethiopian Restaurant Los Angeles","remaining","","Restaurants","Restaurants","","","","","","{""status"":""pending"",""approved"":null,""alias"":""rosalinds-ethiopian-restaurant-los-angeles"",""slug"":null,""isComplete"":false,""completenessScore"":56,""qualityScore"":null,""isTest"":null,""auditTag"":null,""business_name"":""Rosalinds Ethiopian Restaurant Los Angeles"",""address"":""1044 S Fairfax Ave Los Angeles, CA 90019"",""city"":"""",""state"":""CA""}","unchanged","false","status_not_public|incomplete_listing"
"67c9ead1818d604b84e5a614","Savage Tacos Truck Los Angeles","remaining","","Restaurants","Restaurants","","","","","","{""status"":""pending"",""approved"":null,""alias"":""savage-tacos-truck-los-angeles"",""slug"":null,""isComplete"":false,""completenessScore"":56,""qualityScore"":null,""isTest"":null,""auditTag"":null,""business_name"":""Savage Tacos Truck Los Angeles"",""address"":""Los Angeles, CA 90012"",""city"":"""",""state"":""CA""}","unchanged","false","status_not_public|incomplete_listing"
"67c9ead1818d604b84e5a617","","remaining","","Restaurants","Restaurants","","","","","","{""status"":""pending"",""approved"":null,""alias"":null,""slug"":null,""isComplete"":false,""completenessScore"":22,""qualityScore"":null,""isTest"":null,""auditTag"":null,""business_name"":"""",""address"":"""",""city"":"""",""state"":""""}","unchanged","false","status_not_public|missing_alias_or_slug|incomplete_listing"
"67c9ead1818d604b84e5a61b","Sika Los Angeles","remaining","","Museums, Cultural Institutions, and Shared Spaces","Museums, Cultural Institutions, and Shared Spaces","","","","","","{""status"":""approved"",""approved"":null,""alias"":""sika-los-angeles"",""slug"":null,""isComplete"":false,""completenessScore"":67,""qualityScore"":null,""isTest"":null,""auditTag"":null,""business_name"":""Sika Los Angeles"",""address"":""4330 Degnan Blvd Los Angeles, CA 90008"",""city"":"""",""state"":""CA""}","unchanged","false","incomplete_listing"
"67c9ead1818d604b84e5a618","Shaquille S Los Angeles","remaining","","Restaurants","Restaurants","","","","","","{""status"":""pending"",""approved"":null,""alias"":""shaquille-s-los-angeles"",""slug"":null,""isComplete"":false,""completenessScore"":56,""qualityScore"":null,""isTest"":null,""auditTag"":null,""business_name"":""Shaquille S Los Angeles"",""address"":""800 W Olympic Blvd Ste A150 Los Angeles, CA 90015"",""city"":"""",""state"":""CA""}","unchanged","false","status_not_public|incomplete_listing"
"67f73dec1d08a04e139a9d1c","","remaining","","Hair Salons","Beauty, Grooming and Personal Care","","","","","","{""status"":""pending"",""approved"":null,""alias"":""beautiful-hair-los-angeles"",""slug"":null,""isComplete"":false,""completenessScore"":56,""qualityScore"":null,""isTest"":null,""auditTag"":null,""business_name"":"""",""address"":""1051 Glendon Ave, Ste 108, Los Angeles, CA 90024"",""city"":"""",""state"":""CA""}","unchanged","false","status_not_public|incomplete_listing"
"67f73dec1d08a04e139a9d81","","remaining","","Restaurants","Restaurants","","","","","","{""status"":""pending"",""approved"":null,""alias"":""big-fish-market-inglewood"",""slug"":null,""isComplete"":false,""completenessScore"":44,""qualityScore"":null,""isTest"":null,""auditTag"":null,""business_name"":"""",""address"":""8409 S 8th Ave Ste 1 Inglewood, CA 90305"",""city"":"""",""state"":""CA""}","unchanged","false","status_not_public|incomplete_listing"
"67f73dec1d08a04e139a9d91","","remaining","","Restaurants","Restaurants","","","","","","{""status"":""pending"",""approved"":null,""alias"":""big-ants-bbq-los-angeles-2"",""slug"":null,""isComplete"":false,""completenessScore"":44,""qualityScore"":null,""isTest"":null,""auditTag"":null,""business_name"":"""",""address"":""2207 N San Fernando Rd Los Angeles, CA 90065"",""city"":"""",""state"":""CA""}","unchanged","false","status_not_public|incomplete_listing"
"67f73dec1d08a04e139a9dd3","","remaining","","Restaurants","Restaurants","","","","","","{""status"":""pending"",""approved"":null,""alias"":""delvigne-croissant-culver-city"",""slug"":null,""isComplete"":false,""completenessScore"":44,""qualityScore"":null,""isTest"":null,""auditTag"":null,""business_name"":"""",""address"":""9626 Venice Blvd Culver City, CA 90232"",""city"":"""",""state"":""CA""}","unchanged","false","status_not_public|incomplete_listing"
"67c9ead1818d604b84e5a61c","","remaining","","Services","Services","","","","","","{""status"":""pending"",""approved"":null,""alias"":null,""slug"":null,""isComplete"":false,""completenessScore"":56,""qualityScore"":null,""isTest"":null,""auditTag"":null,""business_name"":"""",""address"":""8200 Wilshire Blvd #421, Los Angeles, CA 90048"",""city"":"""",""state"":""CA""}","unchanged","false","status_not_public|missing_alias_or_slug|incomplete_listing"
"67f73dec1d08a04e139a9d77","","remaining","","Restaurants","Restaurants","","","","","","{""status"":""pending"",""approved"":null,""alias"":""bbs-cafe-covina"",""slug"":null,""isComplete"":false,""completenessScore"":56,""qualityScore"":null,""isTest"":null,""auditTag"":null,""business_name"":"""",""address"":""502 N Citrus Ave Covina, CA 91723"",""city"":"""",""state"":""CA""}","unchanged","false","status_not_public|incomplete_listing"
"67f73dec1d08a04e139a9d89","","remaining","","Shopping","Shopping","","","","","","{""status"":""pending"",""approved"":null,""alias"":null,""slug"":null,""isComplete"":false,""completenessScore"":22,""qualityScore"":null,""isTest"":null,""auditTag"":null,""business_name"":"""",""address"":"""",""city"":"""",""state"":""""}","unchanged","false","status_not_public|missing_alias_or_slug|incomplete_listing"
"67f73dec1d08a04e139a9d8e","","remaining","","Beauty, Grooming and Personal Care","Beauty, Grooming and Personal Care","","","","","","{""status"":""pending"",""approved"":null,""alias"":""benjamin-salon-west-hollywood-west-hollywood"",""slug"":null,""isComplete"":false,""completenessScore"":56,""qualityScore"":null,""isTest"":null,""auditTag"":null,""business_name"":"""",""address"":""8910 Melrose Ave West Hollywood, CA 90069"",""city"":"""",""state"":""CA""}","unchanged","false","status_not_public|incomplete_listing"
"67f73dec1d08a04e139a9db2","","remaining","","Beauty, Grooming and Personal Care","Beauty, Grooming and Personal Care","","","","","","{""status"":""pending"",""approved"":null,""alias"":""charli-beauty-bar-los-angeles"",""slug"":null,""isComplete"":false,""completenessScore"":56,""qualityScore"":null,""isTest"":null,""auditTag"":null,""business_name"":"""",""address"":""5074 West Pico Blvd Los Angeles, CA 90019"",""city"":"""",""state"":""CA""}","unchanged","false","status_not_public|incomplete_listing"
"67f73dec1d08a04e139a9dc2","","remaining","","Shopping","Shopping","","","","","","{""status"":""pending"",""approved"":null,""alias"":null,""slug"":null,""isComplete"":false,""completenessScore"":22,""qualityScore"":null,""isTest"":null,""auditTag"":null,""business_name"":"""",""address"":"""",""city"":"""",""state"":""""}","unchanged","false","status_not_public|missing_alias_or_slug|incomplete_listing"
"67f73dec1d08a04e139a9db3","","remaining","","Restaurants","Restaurants","","","","","","{""status"":""pending"",""approved"":null,""alias"":""chef-marilyns-los-angeles-2"",""slug"":null,""isComplete"":false,""completenessScore"":56,""qualityScore"":null,""isTest"":null,""auditTag"":null,""business_name"":"""",""address"":""2638 Crenshaw Blvd Los Angeles, CA 90016"",""city"":"""",""state"":""CA""}","unchanged","false","status_not_public|incomplete_listing"
"67f73dec1d08a04e139a9d24","","remaining","","Hair Salons, Makeup Artists, Eyelash Service","Beauty, Grooming and Personal Care","","","","","","{""status"":""pending"",""approved"":null,""alias"":""veenus-beauty-lounge-la-habra"",""slug"":null,""isComplete"":false,""completenessScore"":56,""qualityScore"":null,""isTest"":null,""auditTag"":null,""business_name"":"""",""address"":""1626 W Whittier Blvd, La Habra, CA 90631"",""city"":"""",""state"":""CA""}","unchanged","false","status_not_public|incomplete_listing"
"67f73dec1d08a04e139a9d7e","","remaining","","Restaurants","Restaurants","","","","","","{""status"":""pending"",""approved"":null,""alias"":""black-cat-bbq-los-angeles-2"",""slug"":null,""isComplete"":false,""completenessScore"":44,""qualityScore"":null,""isTest"":null,""auditTag"":null,""business_name"":"""",""address"":""Los Angeles, CA 90032"",""city"":"""",""state"":""CA""}","unchanged","false","status_not_public|incomplete_listing"
"67c9ead1818d604b84e5a61d","Simply D Licious Los Angeles","remaining","","Restaurants","Restaurants","","","","","","{""status"":""pending"",""approved"":null,""alias"":""simply-d-licious-los-angeles"",""slug"":null,""isComplete"":false,""completenessScore"":56,""qualityScore"":null,""isTest"":null,""auditTag"":null,""business_name"":""Simply D Licious Los Angeles"",""address"":""4641 W Washington Blvd Los Angeles, CA 90016"",""city"":"""",""state"":""CA""}","unchanged","false","status_not_public|incomplete_listing"
"67c9ead1818d604b84e5a61e","Rusty Pot Cafe Inglewood","remaining","","Restaurants","Restaurants","","","","","","{""status"":""pending"",""approved"":null,""alias"":""rusty-pot-cafe-inglewood"",""slug"":null,""isComplete"":false,""completenessScore"":56,""qualityScore"":null,""isTest"":null,""auditTag"":null,""business_name"":""Rusty Pot Cafe Inglewood"",""address"":""324 S Market St Inglewood, CA 90301"",""city"":"""",""state"":""CA""}","unchanged","false","status_not_public|incomplete_listing"
"67c9ead1818d604b84e5a61f","Sals Gumbo Shack Long Beach","remaining","","Restaurants","Restaurants","","","","","","{""status"":""pending"",""approved"":null,""alias"":""sals-gumbo-shack-long-beach"",""slug"":null,""isComplete"":false,""completenessScore"":56,""qualityScore"":null,""isTest"":null,""auditTag"":null,""business_name"":""Sals Gumbo Shack Long Beach"",""address"":""6148 Long Beach Blvd Long Beach, CA 90805"",""city"":"""",""state"":""CA""}","unchanged","false","status_not_public|incomplete_listing"
"67c9ead1818d604b84e5a620","Say Cheese Los Angeles","remaining","","Restaurants","Restaurants","","","","","","{""status"":""approved"",""approved"":null,""alias"":""say-cheese-los-angeles"",""slug"":null,""isComplete"":false,""completenessScore"":67,""qualityScore"":null,""isTest"":null,""auditTag"":null,""business_name"":""Say Cheese Los Angeles"",""address"":""2800 Hyperion Ave Los Angeles, CA 90027"",""city"":"""",""state"":""CA""}","unchanged","false","incomplete_listing"
"67c9ead1818d604b84e5a621","Sattdown Jamaican Grill Studio City","remaining","","Restaurants","Restaurants","","","","","","{""status"":""pending"",""approved"":null,""alias"":""sattdown-jamaican-grill-studio-city"",""slug"":null,""isComplete"":false,""completenessScore"":56,""qualityScore"":null,""isTest"":null,""auditTag"":null,""business_name"":""Sattdown Jamaican Grill Studio City"",""address"":""11320 Ventura Blvd Studio City, CA 91604"",""city"":"""",""state"":""CA""}","unchanged","false","status_not_public|incomplete_listing"
"67f73dec1d08a04e139a9dec","","remaining","","Restaurants","Restaurants","","","","","","{""status"":""pending"",""approved"":null,""alias"":""fresh-ethiopian-restaurant-inglewood"",""slug"":null,""isComplete"":false,""completenessScore"":56,""qualityScore"":null,""isTest"":null,""auditTag"":null,""business_name"":"""",""address"":""1580 Centinela Ave Inglewood, CA 90302"",""city"":"""",""state"":""CA""}","unchanged","false","status_not_public|incomplete_listing"
"67c9ead1818d604b84e5a623","Simply Wholesome Los Angeles","remaining","","Restaurants","Restaurants","","","","","","{""status"":""pending"",""approved"":null,""alias"":""simply-wholesome-los-angeles"",""slug"":null,""isComplete"":false,""completenessScore"":56,""qualityScore"":null,""isTest"":null,""auditTag"":null,""business_name"":""Simply Wholesome Los Angeles"",""address"":""4508 W Slauson Ave Los Angeles, CA 90043"",""city"":"""",""state"":""CA""}","unchanged","false","status_not_public|incomplete_listing"
"67f73dec1d08a04e139a9ca7","whit hazen","remaining","","Gym, Fitness Health and Wellness","Gym, Fitness Health and Wellness","","","","","","{""status"":""pending"",""approved"":null,""alias"":null,""slug"":null,""isComplete"":true,""completenessScore"":78,""qualityScore"":null,""isTest"":null,""auditTag"":null,""business_name"":""whit hazen"",""address"":""1022 Waterloo St Los Angeles, CA 90026"",""city"":"""",""state"":""CA""}","unchanged","false","status_not_public|missing_alias_or_slug"
"67f73dec1d08a04e139a9d1f","","remaining","","Hair Salons","Beauty, Grooming and Personal Care","","","","","","{""status"":""pending"",""approved"":null,""alias"":""the-londoner-by-anthony-morrison-hermosa-beach-2"",""slug"":null,""isComplete"":false,""completenessScore"":56,""qualityScore"":null,""isTest"":null,""auditTag"":null,""business_name"":"""",""address"":""1049 Aviation Blvd, Hermosa Beach, CA 90254"",""city"":"""",""state"":""CA""}","unchanged","false","status_not_public|incomplete_listing"
"67f73dec1d08a04e139a9e2e","","remaining","","Shopping","Shopping","","","","","","{""status"":""pending"",""approved"":null,""alias"":""kutula-by-africana-los-angeles"",""slug"":null,""isComplete"":false,""completenessScore"":56,""qualityScore"":null,""isTest"":null,""auditTag"":null,""business_name"":"""",""address"":""4438 W Slauson Ave Los Angeles, CA 90043"",""city"":"""",""state"":""CA""}","unchanged","false","status_not_public|incomplete_listing"
"67f73dec1d08a04e139a9d38","","remaining","","Cosmetics & Beauty Supply","Beauty, Grooming and Personal Care","","","","","","{""status"":""pending"",""approved"":null,""alias"":""temple-beauty-supply-carson-2"",""slug"":null,""isComplete"":false,""completenessScore"":56,""qualityScore"":null,""isTest"":null,""auditTag"":null,""business_name"":"""",""address"":""17531 S Central Ave, Ste D & E, Carson, CA 90746"",""city"":"""",""state"":""CA""}","unchanged","false","status_not_public|incomplete_listing"
"67c9ead1818d604b84e5a625","Sip And Sonder Inglewood","remaining","","Restaurants","Restaurants","","","","","","{""status"":""pending"",""approved"":null,""alias"":""sip-and-sonder-inglewood"",""slug"":null,""isComplete"":false,""completenessScore"":56,""qualityScore"":null,""isTest"":null,""auditTag"":null,""business_name"":""Sip And Sonder Inglewood"",""address"":""108 S Market St Inglewood, CA 90301"",""city"":"""",""state"":""CA""}","unchanged","false","status_not_public|incomplete_listing"
"67c9ead1818d604b84e5a624","","remaining","","Restaurants","Restaurants","","","","","","{""status"":""pending"",""approved"":null,""alias"":null,""slug"":null,""isComplete"":false,""completenessScore"":22,""qualityScore"":null,""isTest"":null,""auditTag"":null,""business_name"":"""",""address"":"""",""city"":"""",""state"":""""}","unchanged","false","status_not_public|missing_alias_or_slug|incomplete_listing"
"67f73dec1d08a04e139a9e13","","remaining","","Shopping","Shopping","","","","","","{""status"":""pending"",""approved"":null,""alias"":null,""slug"":null,""isComplete"":false,""completenessScore"":22,""qualityScore"":null,""isTest"":null,""auditTag"":null,""business_name"":"""",""address"":"""",""city"":"""",""state"":""""}","unchanged","false","status_not_public|missing_alias_or_slug|incomplete_listing"
"67f73dec1d08a04e139a9df4","","remaining","","Restaurants","Restaurants","","","","","","{""status"":""pending"",""approved"":null,""alias"":""georgias-restaurant-long-beach"",""slug"":null,""isComplete"":false,""completenessScore"":44,""qualityScore"":null,""isTest"":null,""auditTag"":null,""business_name"":"""",""address"":""4101 McGowen St Ste 155 Long Beach, CA 90808"",""city"":"""",""state"":""CA""}","unchanged","false","status_not_public|incomplete_listing"
"67f73dec1d08a04e139a9c9a","voodoo vegan","remaining","","Restaurants","Restaurants","","","","","","{""status"":""pending"",""approved"":null,""alias"":null,""slug"":null,""isComplete"":false,""completenessScore"":67,""qualityScore"":null,""isTest"":null,""auditTag"":null,""business_name"":""voodoo vegan"",""address"":""Los Angeles, CA 90047"",""city"":"""",""state"":""CA""}","unchanged","false","status_not_public|missing_alias_or_slug|incomplete_listing"
"67f73dec1d08a04e139a9c74","the original coley's","remaining","","Restaurants","Restaurants","","","","","","{""status"":""pending"",""approved"":null,""alias"":null,""slug"":null,""isComplete"":false,""completenessScore"":67,""qualityScore"":null,""isTest"":null,""auditTag"":null,""business_name"":""the original coley's"",""address"":""Los Angeles, CA 90001"",""city"":"""",""state"":""CA""}","unchanged","false","status_not_public|missing_alias_or_slug|incomplete_listing"
"67f73dec1d08a04e139a9d2d","","remaining","","Hair Salons","Beauty, Grooming and Personal Care","","","","","","{""status"":""pending"",""approved"":null,""alias"":""all-kindz-hair-care-compton"",""slug"":null,""isComplete"":false,""completenessScore"":56,""qualityScore"":null,""isTest"":null,""auditTag"":null,""business_name"":"""",""address"":""325 E Compton Blvd, Compton, CA 90221"",""city"":"""",""state"":""CA""}","unchanged","false","status_not_public|incomplete_listing"
"67c9ead1818d604b84e5a626","","remaining","","Shopping","Shopping","","","","","","{""status"":""pending"",""approved"":null,""alias"":null,""slug"":null,""isComplete"":false,""completenessScore"":22,""qualityScore"":null,""isTest"":null,""auditTag"":null,""business_name"":"""",""address"":"""",""city"":"""",""state"":""""}","unchanged","false","status_not_public|missing_alias_or_slug|incomplete_listing"
"67c9ead1818d604b84e5a628","Sorella Boutique Los Angeles 2","remaining","","Shopping","Shopping","","","","","","{""status"":""approved"",""approved"":null,""alias"":""sorella-boutique-los-angeles-2"",""slug"":null,""isComplete"":false,""completenessScore"":67,""qualityScore"":null,""isTest"":null,""auditTag"":null,""business_name"":""Sorella Boutique Los Angeles 2"",""address"":""7829 Melrose Ave Los Angeles, CA 90046"",""city"":"""",""state"":""CA""}","unchanged","false","incomplete_listing"
"67c9ead1818d604b84e5a629","","remaining","","Restaurants","Restaurants","","","","","","{""status"":""pending"",""approved"":null,""alias"":null,""slug"":null,""isComplete"":false,""completenessScore"":22,""qualityScore"":null,""isTest"":null,""auditTag"":null,""business_name"":"""",""address"":"""",""city"":"""",""state"":""""}","unchanged","false","status_not_public|missing_alias_or_slug|incomplete_listing"
"67c9ead1818d604b84e5a62a","Soul Food Renaissance Long Beach","remaining","","Restaurants","Restaurants","","","","","","{""status"":""pending"",""approved"":null,""alias"":""soul-food-renaissance-long-beach"",""slug"":null,""isComplete"":false,""completenessScore"":56,""qualityScore"":null,""isTest"":null,""auditTag"":null,""business_name"":""Soul Food Renaissance Long Beach"",""address"":""6617 Cherry Ave Long Beach, CA 90805"",""city"":"""",""state"":""CA""}","unchanged","false","status_not_public|incomplete_listing"
"67c9ead1818d604b84e5a62b","South La Cafe Los Angeles","remaining","","Restaurants","Restaurants","","","","","","{""status"":""approved"",""approved"":null,""alias"":""south-la-cafe-los-angeles"",""slug"":null,""isComplete"":false,""completenessScore"":67,""qualityScore"":null,""isTest"":null,""auditTag"":null,""business_name"":""South La Cafe Los Angeles"",""address"":""1700 Browning Blvd Los Angeles, CA 90062"",""city"":"""",""state"":""CA""}","unchanged","false","incomplete_listing"
"67f73dec1d08a04e139a9d42","","remaining","","Barbershop","Beauty, Grooming and Personal Care","","","","","","{""status"":""pending"",""approved"":null,""alias"":""fresh-cuts-barber-tarzana"",""slug"":null,""isComplete"":false,""completenessScore"":56,""qualityScore"":null,""isTest"":null,""auditTag"":null,""business_name"":"""",""address"":""19458 Ventura Blvd, Tarzana, CA 91356"",""city"":"""",""state"":""CA""}","unchanged","false","status_not_public|incomplete_listing"
"67f73dec1d08a04e139a9d4e","","remaining","","Barbershop","Beauty, Grooming and Personal Care","","","","","","{""status"":""pending"",""approved"":null,""alias"":""executivecuts-los-angeles"",""slug"":null,""isComplete"":false,""completenessScore"":56,""qualityScore"":null,""isTest"":null,""auditTag"":null,""business_name"":"""",""address"":""5362 W Pico Blvd, Los Angeles, CA 90019"",""city"":"""",""state"":""CA""}","unchanged","false","status_not_public|incomplete_listing"
"67c9ead1818d604b84e5a62c","Speir Pilates Santa Monica","remaining","","Gym, Fitness Health and Wellness","Gym, Fitness Health and Wellness","","","","","","{""status"":""approved"",""approved"":null,""alias"":""speir-pilates-santa-monica"",""slug"":null,""isComplete"":false,""completenessScore"":67,""qualityScore"":null,""isTest"":null,""auditTag"":null,""business_name"":""Speir Pilates Santa Monica"",""address"":""1427 7th St Santa Monica, CA 90401"",""city"":"""",""state"":""CA""}","unchanged","false","incomplete_listing"
"67c9ead1818d604b84e5a62d","Stevies Creole Cafe Los Angeles","remaining","","Restaurants","Restaurants","","","","","","{""status"":""pending"",""approved"":null,""alias"":""stevies-creole-cafe-los-angeles"",""slug"":null,""isComplete"":false,""completenessScore"":56,""qualityScore"":null,""isTest"":null,""auditTag"":null,""business_name"":""Stevies Creole Cafe Los Angeles"",""address"":""5545 W Pico Blvd Los Angeles, CA 90019"",""city"":"""",""state"":""CA""}","unchanged","false","status_not_public|incomplete_listing"
"67f73dec1d08a04e139a9d5f","","remaining","","Restaurants","Restaurants","","","","","","{""status"":""pending"",""approved"":null,""alias"":""all-flavor-no-grease-los-angeles"",""slug"":null,""isComplete"":false,""completenessScore"":56,""qualityScore"":null,""isTest"":null,""auditTag"":null,""business_name"":"""",""address"":""728 E 108th St Los Angeles, CA 90059"",""city"":"""",""state"":""CA""}","unchanged","false","status_not_public|incomplete_listing"
"67c9ead1818d604b84e5a62f","Southern Girl Desserts Los Angeles 2","remaining","","Restaurants","Restaurants","","","","","","{""status"":""pending"",""approved"":null,""alias"":""southern-girl-desserts-los-angeles-2"",""slug"":null,""isComplete"":false,""completenessScore"":56,""qualityScore"":null,""isTest"":null,""auditTag"":null,""business_name"":""Southern Girl Desserts Los Angeles 2"",""address"":""3650 W Martin Luther King Jr Blvd Los Angeles, CA 90008"",""city"":"""",""state"":""CA""}","unchanged","false","status_not_public|incomplete_listing"
"67c9ead1818d604b84e5a631","Stuff I Eat Inglewood","remaining","","Restaurants","Restaurants","","","","","","{""status"":""pending"",""approved"":null,""alias"":""stuff-i-eat-inglewood"",""slug"":null,""isComplete"":false,""completenessScore"":56,""qualityScore"":null,""isTest"":null,""auditTag"":null,""business_name"":""Stuff I Eat Inglewood"",""address"":""114 N Market St Inglewood, CA 90301"",""city"":"""",""state"":""CA""}","unchanged","false","status_not_public|incomplete_listing"
"67f73dec1d08a04e139a9d95","","remaining","","Event Planning","Event Planning","","","","","","{""status"":""pending"",""approved"":null,""alias"":""bring-something-to-the-party-los-angeles"",""slug"":null,""isComplete"":false,""completenessScore"":56,""qualityScore"":null,""isTest"":null,""auditTag"":null,""business_name"":"""",""address"":""700 W 7th St Ste G420 Los Angeles, CA 90017"",""city"":"""",""state"":""CA""}","unchanged","false","status_not_public|incomplete_listing"
"67c9ead1818d604b84e5a632","Stuzo Clothing Los Angeles","remaining","","Shopping","Shopping","","","","","","{""status"":""approved"",""approved"":null,""alias"":""stuzo-clothing-los-angeles"",""slug"":null,""isComplete"":false,""completenessScore"":67,""qualityScore"":null,""isTest"":null,""auditTag"":null,""business_name"":""Stuzo Clothing Los Angeles"",""address"":""4751 W Washington Blvd Los Angeles, CA 90016"",""city"":"""",""state"":""CA""}","unchanged","false","incomplete_listing"
"67f73dec1d08a04e139a9d82","","remaining","","Restaurants","Restaurants","","","","","","{""status"":""pending"",""approved"":null,""alias"":""blessed-tropical-jamaican-cuisine-inglewood"",""slug"":null,""isComplete"":false,""completenessScore"":44,""qualityScore"":null,""isTest"":null,""auditTag"":null,""business_name"":"""",""address"":""901 S Prarie Ave Inglewood, CA 90301"",""city"":"""",""state"":""CA""}","unchanged","false","status_not_public|incomplete_listing"
"67c9ead1818d604b84e5a633","Sugah Rush Bar Los Angeles","remaining","","Restaurants","Restaurants","","","","","","{""status"":""pending"",""approved"":null,""alias"":""sugah-rush-bar-los-angeles"",""slug"":null,""isComplete"":false,""completenessScore"":56,""qualityScore"":null,""isTest"":null,""auditTag"":null,""business_name"":""Sugah Rush Bar Los Angeles"",""address"":""Los Angeles, CA 90250"",""city"":"""",""state"":""CA""}","unchanged","false","status_not_public|incomplete_listing"
"67c9ead1818d604b84e5a634","Sugar And Spice Ice Cream Los Angeles","remaining","","Restaurants","Restaurants","","","","","","{""status"":""pending"",""approved"":null,""alias"":""sugar-and-spice-ice-cream-los-angeles"",""slug"":null,""isComplete"":false,""completenessScore"":44,""qualityScore"":null,""isTest"":null,""auditTag"":null,""business_name"":""Sugar And Spice Ice Cream Los Angeles"",""address"":""15355 Sherman Way Los Angeles, CA 91406"",""city"":"""",""state"":""CA""}","unchanged","false","status_not_public|incomplete_listing"
"67f73dec1d08a04e139a9dc9","","remaining","","Restaurants","Restaurants","","","","","","{""status"":""pending"",""approved"":null,""alias"":""coffee-del-mundo-los-angeles"",""slug"":null,""isComplete"":false,""completenessScore"":44,""qualityScore"":null,""isTest"":null,""auditTag"":null,""business_name"":"""",""address"":""7414 S Vermont Ave Los Angeles, CA 90044"",""city"":"""",""state"":""CA""}","unchanged","false","status_not_public|incomplete_listing"
"67c9ead1818d604b84e5a635","Sugarjones Los Angeles","remaining","","Restaurants","Restaurants","","","","","","{""status"":""pending"",""approved"":null,""alias"":""sugarjones-los-angeles"",""slug"":null,""isComplete"":false,""completenessScore"":56,""qualityScore"":null,""isTest"":null,""auditTag"":null,""business_name"":""Sugarjones Los Angeles"",""address"":""Los Angeles, CA 91607"",""city"":"""",""state"":""CA""}","unchanged","false","status_not_public|incomplete_listing"
"67c9ead1818d604b84e5a636","Sumptuous African Restaurant Inglewood","remaining","","Restaurants","Restaurants","","","","","","{""status"":""pending"",""approved"":null,""alias"":""sumptuous-african-restaurant-inglewood"",""slug"":null,""isComplete"":false,""completenessScore"":56,""qualityScore"":null,""isTest"":null,""auditTag"":null,""business_name"":""Sumptuous African Restaurant Inglewood"",""address"":""1170 S La Brea Ave Inglewood, CA 90301"",""city"":"""",""state"":""CA""}","unchanged","false","status_not_public|incomplete_listing"
"67f73dec1d08a04e139a9e15","","remaining","","Restaurants","Restaurants","","","","","","{""status"":""pending"",""approved"":null,""alias"":""jay-bees-bar-b-q-gardena-3"",""slug"":null,""isComplete"":false,""completenessScore"":56,""qualityScore"":null,""isTest"":null,""auditTag"":null,""business_name"":"""",""address"":""15911 S Avalon Blvd Gardena, CA 90247"",""city"":"""",""state"":""CA""}","unchanged","false","status_not_public|incomplete_listing"
"67f73dec1d08a04e139a9e16","","remaining","","Services","Services","","","","","","{""status"":""pending"",""approved"":null,""alias"":null,""slug"":null,""isComplete"":false,""completenessScore"":22,""qualityScore"":null,""isTest"":null,""auditTag"":null,""business_name"":"""",""address"":"""",""city"":"""",""state"":""""}","unchanged","false","status_not_public|missing_alias_or_slug|incomplete_listing"
"67f73dec1d08a04e139a9c57","sugah rush bar","remaining","","Restaurants","Restaurants","","","","","","{""status"":""pending"",""approved"":null,""alias"":null,""slug"":null,""isComplete"":false,""completenessScore"":56,""qualityScore"":null,""isTest"":null,""auditTag"":null,""business_name"":""sugah rush bar"",""address"":""Los Angeles, CA 90250"",""city"":"""",""state"":""CA""}","unchanged","false","status_not_public|missing_alias_or_slug|incomplete_listing"
"67f73dec1d08a04e139a9dde","","remaining","","Restaurants","Restaurants","","","","","","{""status"":""pending"",""approved"":null,""alias"":""flavors-from-afar-los-angeles-2"",""slug"":null,""isComplete"":false,""completenessScore"":44,""qualityScore"":null,""isTest"":null,""auditTag"":null,""business_name"":"""",""address"":""1046 S Fairfax Los Angeles, CA 90019"",""city"":"""",""state"":""CA""}","unchanged","false","status_not_public|incomplete_listing"
"67f73dec1d08a04e139a9c63","the corner 10th's bbq","remaining","","Restaurants","Restaurants","","","","","","{""status"":""pending"",""approved"":null,""alias"":null,""slug"":null,""isComplete"":false,""completenessScore"":67,""qualityScore"":null,""isTest"":null,""auditTag"":null,""business_name"":""the corner 10th's bbq"",""address"":""3200 E 10th St Long Beach, CA 90804"",""city"":"""",""state"":""CA""}","unchanged","false","status_not_public|missing_alias_or_slug|incomplete_listing"
"67f73dec1d08a04e139a9e30","","remaining","","Shopping","Shopping","","","","","","{""status"":""pending"",""approved"":null,""alias"":null,""slug"":null,""isComplete"":false,""completenessScore"":44,""qualityScore"":null,""isTest"":null,""auditTag"":null,""business_name"":"""",""address"":""4193 Redondo Beach Blvd. Lawndale, CA 90260"",""city"":"""",""state"":""CA""}","unchanged","false","status_not_public|missing_alias_or_slug|incomplete_listing"
"67f73dec1d08a04e139a9dca","","remaining","","Restaurants","Restaurants","","","","","","{""status"":""pending"",""approved"":null,""alias"":""darrows-new-orleans-grill-carson"",""slug"":null,""isComplete"":false,""completenessScore"":44,""qualityScore"":null,""isTest"":null,""auditTag"":null,""business_name"":"""",""address"":""21720 Avalon Blvd Ste 102B Carson, CA 90745"",""city"":"""",""state"":""CA""}","unchanged","false","status_not_public|incomplete_listing"
"67f73dec1d08a04e139a9e0c","","remaining","","Restaurants","Restaurants","","","","","","{""status"":""pending"",""approved"":null,""alias"":""island-to-table-patty-hut-los-angeles"",""slug"":null,""isComplete"":false,""completenessScore"":56,""qualityScore"":null,""isTest"":null,""auditTag"":null,""business_name"":"""",""address"":""788 S Grand Ave Los angeles, CA 90017"",""city"":"""",""state"":""CA""}","unchanged","false","status_not_public|incomplete_listing"
"67f73dec1d08a04e139a9c90","tisket a tasket","remaining","","Restaurants","Restaurants","","","","","","{""status"":""pending"",""approved"":null,""alias"":null,""slug"":null,""isComplete"":false,""completenessScore"":67,""qualityScore"":null,""isTest"":null,""auditTag"":null,""business_name"":""tisket a tasket"",""address"":""3850 W Slauson Ave Los Angeles, CA 90043"",""city"":"""",""state"":""CA""}","unchanged","false","status_not_public|missing_alias_or_slug|incomplete_listing"
"67c9ead1818d604b84e5a63c","Taco Mell Catering Los Angeles 2","remaining","","Restaurants","Restaurants","","","","","","{""status"":""approved"",""approved"":null,""alias"":""taco-mell-catering-los-angeles-2"",""slug"":null,""isComplete"":false,""completenessScore"":67,""qualityScore"":null,""isTest"":null,""auditTag"":null,""business_name"":""Taco Mell Catering Los Angeles 2"",""address"":""4326 Crenshaw Blvd Los Angeles, CA 90008"",""city"":"""",""state"":""CA""}","unchanged","false","incomplete_listing"
"67c9ead1818d604b84e5a643","","remaining","","Shopping","Shopping","","","","","","{""status"":""pending"",""approved"":null,""alias"":null,""slug"":null,""isComplete"":false,""completenessScore"":22,""qualityScore"":null,""isTest"":null,""auditTag"":null,""business_name"":"""",""address"":"""",""city"":"""",""state"":""""}","unchanged","false","status_not_public|missing_alias_or_slug|incomplete_listing"
"67f73dec1d08a04e139a9c9c","waraire boswell","remaining","","Shopping","Shopping","","","","","","{""status"":""pending"",""approved"":null,""alias"":null,""slug"":null,""isComplete"":false,""completenessScore"":44,""qualityScore"":null,""isTest"":null,""auditTag"":null,""business_name"":""waraire boswell"",""address"":"""",""city"":"""",""state"":""""}","unchanged","false","status_not_public|missing_alias_or_slug|incomplete_listing"
"67c9ead1818d604b84e5a63b","Tacos Negros Los Angeles","remaining","","Restaurants","Restaurants","","","","","","{""status"":""pending"",""approved"":null,""alias"":""tacos-negros-los-angeles"",""slug"":null,""isComplete"":false,""completenessScore"":44,""qualityScore"":null,""isTest"":null,""auditTag"":null,""business_name"":""Tacos Negros Los Angeles"",""address"":""5583 W Pico Blvd Los Angeles, CA 90019"",""city"":"""",""state"":""CA""}","unchanged","false","status_not_public|incomplete_listing"
"67c9ead1818d604b84e5a638","California Acrylic Design Los Angeles","remaining","","Shopping","Shopping","","","","","","{""status"":""approved"",""approved"":null,""alias"":""california-acrylic-design-los-angeles"",""slug"":null,""isComplete"":false,""completenessScore"":67,""qualityScore"":null,""isTest"":null,""auditTag"":null,""business_name"":""California Acrylic Design Los Angeles"",""address"":""3121 W Jefferson Blvd Los Angeles, CA 90018"",""city"":"""",""state"":""CA""}","unchanged","false","incomplete_listing"
"67c9ead1818d604b84e5a648","The Dw Cookie Co Santa Clarita 2","remaining","","Restaurants","Restaurants","","","","","","{""status"":""pending"",""approved"":null,""alias"":""the-dw-cookie-co-santa-clarita-2"",""slug"":null,""isComplete"":false,""completenessScore"":56,""qualityScore"":null,""isTest"":null,""auditTag"":null,""business_name"":""The Dw Cookie Co Santa Clarita 2"",""address"":""18962 Soledad Canyon Rd Santa Clarita, CA 91351"",""city"":"""",""state"":""CA""}","unchanged","false","status_not_public|incomplete_listing"
"67c9ead1818d604b84e5a645","The Boujie Crab Long Beach","remaining","","Restaurants","Restaurants","","","","","","{""status"":""pending"",""approved"":null,""alias"":""the-boujie-crab-long-beach"",""slug"":null,""isComplete"":false,""completenessScore"":56,""qualityScore"":null,""isTest"":null,""auditTag"":null,""business_name"":""The Boujie Crab Long Beach"",""address"":""1002 E South St Long Beach, CA 90805"",""city"":"""",""state"":""CA""}","unchanged","false","status_not_public|incomplete_listing"
"67c9ead1818d604b84e5a642","The Barber Shop Club Los Angeles","remaining","","Beauty, Grooming and Personal Care","Beauty, Grooming and Personal Care","","","","","","{""status"":""approved"",""approved"":null,""alias"":""the-barber-shop-club-los-angeles"",""slug"":null,""isComplete"":false,""completenessScore"":67,""qualityScore"":null,""isTest"":null,""auditTag"":null,""business_name"":""The Barber Shop Club Los Angeles"",""address"":""3610 W 6th St Los Angeles, CA 90020"",""city"":"""",""state"":""CA""}","unchanged","false","incomplete_listing"
"67c9ead1818d604b84e5a63e","The Original Texas Barbecue King Los Angeles 2","remaining","","Restaurants","Restaurants","","","","","","{""status"":""pending"",""approved"":null,""alias"":""the-original-texas-barbecue-king-los-angeles-2"",""slug"":null,""isComplete"":false,""completenessScore"":56,""qualityScore"":null,""isTest"":null,""auditTag"":null,""business_name"":""The Original Texas Barbecue King Los Angeles 2"",""address"":""5309 S Vermont Ave Los Angeles, CA 90037"",""city"":"""",""state"":""CA""}","unchanged","false","status_not_public|incomplete_listing"
"67c9ead1818d604b84e5a640","Tanjee Bakes Long Beach","remaining","","Restaurants","Restaurants","","","","","","{""status"":""pending"",""approved"":null,""alias"":""tanjee-bakes-long-beach"",""slug"":null,""isComplete"":false,""completenessScore"":56,""qualityScore"":null,""isTest"":null,""auditTag"":null,""business_name"":""Tanjee Bakes Long Beach"",""address"":""Long Beach, CA 90805"",""city"":"""",""state"":""CA""}","unchanged","false","status_not_public|incomplete_listing"
"67c9ead1818d604b84e5a646","The Cardio Grind Tarzana 3","remaining","","Gym, Fitness Health and Wellness","Gym, Fitness Health and Wellness","","","","","","{""status"":""approved"",""approved"":null,""alias"":""the-cardio-grind-tarzana-3"",""slug"":null,""isComplete"":false,""completenessScore"":67,""qualityScore"":null,""isTest"":null,""auditTag"":null,""business_name"":""The Cardio Grind Tarzana 3"",""address"":""18529 Burbank Blvd Tarzana, CA 91356"",""city"":"""",""state"":""CA""}","unchanged","false","incomplete_listing"
"67c9ead1818d604b84e5a650","","remaining","","Shopping","Shopping","","","","","","{""status"":""pending"",""approved"":null,""alias"":null,""slug"":null,""isComplete"":false,""completenessScore"":22,""qualityScore"":null,""isTest"":null,""auditTag"":null,""business_name"":"""",""address"":"""",""city"":"""",""state"":""""}","unchanged","false","status_not_public|missing_alias_or_slug|incomplete_listing"
"67c9ead1818d604b84e5a64b","The Juice Los Angeles","remaining","","Restaurants","Restaurants","","","","","","{""status"":""pending"",""approved"":null,""alias"":""the-juice-los-angeles"",""slug"":null,""isComplete"":false,""completenessScore"":56,""qualityScore"":null,""isTest"":null,""auditTag"":null,""business_name"":""The Juice Los Angeles"",""address"":""3145 Glendale Blvd Los Angeles, CA 90039"",""city"":"""",""state"":""CA""}","unchanged","false","status_not_public|incomplete_listing"
"67c9ead1818d604b84e5a651","","remaining","","Restaurants","Restaurants","","","","","","{""status"":""pending"",""approved"":null,""alias"":null,""slug"":null,""isComplete"":false,""completenessScore"":22,""qualityScore"":null,""isTest"":null,""auditTag"":null,""business_name"":"""",""address"":"""",""city"":"""",""state"":""""}","unchanged","false","status_not_public|missing_alias_or_slug|incomplete_listing"
"67c9ead1818d604b84e5a652","","remaining","","Shopping","Shopping","","","","","","{""status"":""pending"",""approved"":null,""alias"":null,""slug"":null,""isComplete"":false,""completenessScore"":22,""qualityScore"":null,""isTest"":null,""auditTag"":null,""business_name"":"""",""address"":"""",""city"":"""",""state"":""""}","unchanged","false","status_not_public|missing_alias_or_slug|incomplete_listing"
"67c9ead1818d604b84e5a64c","The Jyim Los Angeles","remaining","","Gym, Fitness Health and Wellness","Gym, Fitness Health and Wellness","","","","","","{""status"":""approved"",""approved"":null,""alias"":""the-jyim-los-angeles"",""slug"":null,""isComplete"":false,""completenessScore"":67,""qualityScore"":null,""isTest"":null,""auditTag"":null,""business_name"":""The Jyim Los Angeles"",""address"":""1855 Industrial St Ste 104 Los Angeles, CA 90021"",""city"":"""",""state"":""CA""}","unchanged","false","incomplete_listing"
"67c9ead1818d604b84e5a654","The Memphis Grill Los Angeles 2","remaining","","Restaurants","Restaurants","","","","","","{""status"":""pending"",""approved"":null,""alias"":""the-memphis-grill-los-angeles-2"",""slug"":null,""isComplete"":false,""completenessScore"":56,""qualityScore"":null,""isTest"":null,""auditTag"":null,""business_name"":""The Memphis Grill Los Angeles 2"",""address"":""5759 Lankershim Blvd Los Angeles, CA 91601"",""city"":"""",""state"":""CA""}","unchanged","false","status_not_public|incomplete_listing"
"67c9ead1818d604b84e5a653","T And T Lifestyle Los Angeles","remaining","","Restaurants","Restaurants","","","","","","{""status"":""pending"",""approved"":null,""alias"":""t-and-t-lifestyle-los-angeles"",""slug"":null,""isComplete"":false,""completenessScore"":56,""qualityScore"":null,""isTest"":null,""auditTag"":null,""business_name"":""T And T Lifestyle Los Angeles"",""address"":""11419 Santa Monica Blvd Los Angeles, CA 90025"",""city"":"""",""state"":""CA""}","unchanged","false","status_not_public|incomplete_listing"
"67c9ead1818d604b84e5a64a","The Girl Cave La Beauty Supply Los Angeles","remaining","","Beauty, Grooming and Personal Care","Beauty, Grooming and Personal Care","","","","","","{""status"":""approved"",""approved"":null,""alias"":""the-girl-cave-la-beauty-supply-los-angeles"",""slug"":null,""isComplete"":false,""completenessScore"":67,""qualityScore"":null,""isTest"":null,""auditTag"":null,""business_name"":""The Girl Cave La Beauty Supply Los Angeles"",""address"":""1855 W Manchester Ave Ste 103 Los Angeles, CA 90047"",""city"":"""",""state"":""CA""}","unchanged","false","incomplete_listing"
"67f73dec1d08a04e139a9d09","","remaining","","Nail Technicians","Beauty, Grooming and Personal Care","","","","","","{""status"":""pending"",""approved"":null,""alias"":""slay-my-set-pasadena-4"",""slug"":null,""isComplete"":false,""completenessScore"":56,""qualityScore"":null,""isTest"":null,""auditTag"":null,""business_name"":"""",""address"":""Pasadena, CA 90037"",""city"":"""",""state"":""CA""}","unchanged","false","status_not_public|incomplete_listing"
"67f73dec1d08a04e139a9db5","","remaining","","Restaurants","Restaurants","","","","","","{""status"":""pending"",""approved"":null,""alias"":""cobblermania-los-angeles"",""slug"":null,""isComplete"":false,""completenessScore"":44,""qualityScore"":null,""isTest"":null,""auditTag"":null,""business_name"":"""",""address"":""8300 S Western Ave Golden Bird Los Angeles, CA 90047"",""city"":"""",""state"":""CA""}","unchanged","false","status_not_public|incomplete_listing"
"67f73dec1d08a04e139a9d26","","remaining","","Hair Stylists","Beauty, Grooming and Personal Care","","","","","","{""status"":""pending"",""approved"":null,""alias"":""a-curly-walk-studio-downey"",""slug"":null,""isComplete"":false,""completenessScore"":56,""qualityScore"":null,""isTest"":null,""auditTag"":null,""business_name"":"""",""address"":""306 Stonewood St, Studio 30, Stonewood Center, Downey, CA 90241"",""city"":"""",""state"":""CA""}","unchanged","false","status_not_public|incomplete_listing"
"67f73dec1d08a04e139a9d44","","remaining","","Barbershop","Beauty, Grooming and Personal Care","","","","","","{""status"":""pending"",""approved"":null,""alias"":""quo-vadis-shave-studio-los-angeles"",""slug"":null,""isComplete"":false,""completenessScore"":56,""qualityScore"":null,""isTest"":null,""auditTag"":null,""business_name"":"""",""address"":""13677 Foothill Blvd, Ste A, Los Angeles, CA 91342"",""city"":"""",""state"":""CA""}","unchanged","false","status_not_public|incomplete_listing"
"67f73dec1d08a04e139a9d51","","remaining","","Restaurants","Restaurants","","","","","","{""status"":""pending"",""approved"":null,""alias"":""abeautifullife-jamaican-cafe-los-angeles"",""slug"":null,""isComplete"":false,""completenessScore"":44,""qualityScore"":null,""isTest"":null,""auditTag"":null,""business_name"":"""",""address"":""216 S Spring St Los Angeles, CA 90012"",""city"":"""",""state"":""CA""}","unchanged","false","status_not_public|incomplete_listing"
"67f73dec1d08a04e139a9db1","","remaining","","Restaurants","Restaurants","","","","","","{""status"":""pending"",""approved"":null,""alias"":""chipper-and-cheeky-los-angeles"",""slug"":null,""isComplete"":false,""completenessScore"":44,""qualityScore"":null,""isTest"":null,""auditTag"":null,""business_name"":"""",""address"":""Los Angeles, CA 91353"",""city"":"""",""state"":""CA""}","unchanged","false","status_not_public|incomplete_listing"
"67f73dec1d08a04e139a9d2a","","remaining","","Hair Salons","Beauty, Grooming and Personal Care","","","","","","{""status"":""pending"",""approved"":null,""alias"":""dc-lux-hair-studio-beverly-hills"",""slug"":null,""isComplete"":false,""completenessScore"":56,""qualityScore"":null,""isTest"":null,""auditTag"":null,""business_name"":"""",""address"":""8383 Wilshire Blvd, Ste 75, Beverly Hills, CA 90211"",""city"":"""",""state"":""CA""}","unchanged","false","status_not_public|incomplete_listing"
"67f73dec1d08a04e139a9d39","","remaining","","Barbershop","Beauty, Grooming and Personal Care","","","","","","{""status"":""pending"",""approved"":null,""alias"":""the-hive-barber-studio-west-hollywood"",""slug"":null,""isComplete"":false,""completenessScore"":56,""qualityScore"":null,""isTest"":null,""auditTag"":null,""business_name"":"""",""address"":""1250 N La Brea Ave, Ste 135, West Hollywood, CA 90038"",""city"":"""",""state"":""CA""}","unchanged","false","status_not_public|incomplete_listing"
"67f73dec1d08a04e139a9d64","","remaining","","Restaurants","Restaurants","","","","","","{""status"":""pending"",""approved"":null,""alias"":null,""slug"":null,""isComplete"":false,""completenessScore"":22,""qualityScore"":null,""isTest"":null,""auditTag"":null,""business_name"":"""",""address"":"""",""city"":"""",""state"":""""}","unchanged","false","status_not_public|missing_alias_or_slug|incomplete_listing"
"67f73dec1d08a04e139a9da6","","remaining","","Services","Services","","","","","","{""status"":""pending"",""approved"":null,""alias"":null,""slug"":null,""isComplete"":false,""completenessScore"":56,""qualityScore"":null,""isTest"":null,""auditTag"":null,""business_name"":"""",""address"":""406 N La Cienega Blvd, West Hollywood, CA 90048"",""city"":"""",""state"":""CA""}","unchanged","false","status_not_public|missing_alias_or_slug|incomplete_listing"
"67c9ead1818d604b84e5a65b","The Court Cafe Los Angeles","remaining","","Restaurants","Restaurants","","","","","","{""status"":""pending"",""approved"":null,""alias"":""the-court-cafe-los-angeles"",""slug"":null,""isComplete"":false,""completenessScore"":56,""qualityScore"":null,""isTest"":null,""auditTag"":null,""business_name"":""The Court Cafe Los Angeles"",""address"":""5496 W Centinela Ave Los Angeles, CA 90044"",""city"":"""",""state"":""CA""}","unchanged","false","status_not_public|incomplete_listing"
"67f73dec1d08a04e139a9df6","","remaining","","Restaurants","Restaurants","","","","","","{""status"":""pending"",""approved"":null,""alias"":""grams-mission-bbq-riverside"",""slug"":null,""isComplete"":false,""completenessScore"":44,""qualityScore"":null,""isTest"":null,""auditTag"":null,""business_name"":"""",""address"":""3527 Main St Riverside, CA 92501"",""city"":"""",""state"":""CA""}","unchanged","false","status_not_public|incomplete_listing"
"67f73dec1d08a04e139a9de3","","remaining","","Restaurants","Restaurants","","","","","","{""status"":""pending"",""approved"":null,""alias"":""freaky-fruit-pizza-los-angeles"",""slug"":null,""isComplete"":false,""completenessScore"":44,""qualityScore"":null,""isTest"":null,""auditTag"":null,""business_name"":"""",""address"":""8301 S Western Los Angeles, CA 90047"",""city"":"""",""state"":""CA""}","unchanged","false","status_not_public|incomplete_listing"
"67c9ead1818d604b84e5a65c","","remaining","","Shopping","Shopping","","","","","","{""status"":""pending"",""approved"":null,""alias"":null,""slug"":null,""isComplete"":false,""completenessScore"":22,""qualityScore"":null,""isTest"":null,""auditTag"":null,""business_name"":"""",""address"":"""",""city"":"""",""state"":""""}","unchanged","false","status_not_public|missing_alias_or_slug|incomplete_listing"
"67c9ead1818d604b84e5a65d","Plant Provocateur Los Angeles","remaining","","Shopping","Shopping","","","","","","{""status"":""approved"",""approved"":null,""alias"":""plant-provocateur-los-angeles"",""slug"":null,""isComplete"":false,""completenessScore"":67,""qualityScore"":null,""isTest"":null,""auditTag"":null,""business_name"":""Plant Provocateur Los Angeles"",""address"":""3318 Sunset Blvd Los Angeles, CA 90026"",""city"":"""",""state"":""CA""}","unchanged","false","incomplete_listing"
"67f73dec1d08a04e139a9df7","","remaining","","Restaurants","Restaurants","","","","","","{""status"":""pending"",""approved"":null,""alias"":""grannys-kitchen-los-angeles"",""slug"":null,""isComplete"":false,""completenessScore"":44,""qualityScore"":null,""isTest"":null,""auditTag"":null,""business_name"":"""",""address"":""5440 S Central Ave Los Angeles, CA 90011"",""city"":"""",""state"":""CA""}","unchanged","false","status_not_public|incomplete_listing"
"67f73dec1d08a04e139a9c64","the bléu kitchen","remaining","","Restaurants","Restaurants","","","","","","{""status"":""pending"",""approved"":null,""alias"":null,""slug"":null,""isComplete"":false,""completenessScore"":56,""qualityScore"":null,""isTest"":null,""auditTag"":null,""business_name"":""the bléu kitchen"",""address"":""16527 S Harris Ave Compton, CA 90221"",""city"":"""",""state"":""CA""}","unchanged","false","status_not_public|missing_alias_or_slug|incomplete_listing"
"67c9ead1818d604b84e5a663","The Sammiche Shoppe Inglewood","remaining","","Restaurants","Restaurants","","","","","","{""status"":""pending"",""approved"":null,""alias"":""the-sammiche-shoppe-inglewood"",""slug"":null,""isComplete"":false,""completenessScore"":56,""qualityScore"":null,""isTest"":null,""auditTag"":null,""business_name"":""The Sammiche Shoppe Inglewood"",""address"":""222 East Regent Inglewood, CA 90301"",""city"":"""",""state"":""CA""}","unchanged","false","status_not_public|incomplete_listing"
"67c9ead1818d604b84e5a660","The Reverse Orangutan Glendora","remaining","","Restaurants","Restaurants","","","","","","{""status"":""pending"",""approved"":null,""alias"":""the-reverse-orangutan-glendora"",""slug"":null,""isComplete"":false,""completenessScore"":44,""qualityScore"":null,""isTest"":null,""auditTag"":null,""business_name"":""The Reverse Orangutan Glendora"",""address"":""440 E Rte 66 Glendora, CA 91740"",""city"":"""",""state"":""CA""}","unchanged","false","status_not_public|incomplete_listing"
"67c9ead1818d604b84e5a661","","remaining","","Shopping","Shopping","","","","","","{""status"":""pending"",""approved"":null,""alias"":null,""slug"":null,""isComplete"":false,""completenessScore"":44,""qualityScore"":null,""isTest"":null,""auditTag"":null,""business_name"":"""",""address"":""4501 W Exposition Blvd Los Angeles, CA 90016"",""city"":"""",""state"":""CA""}","unchanged","false","status_not_public|missing_alias_or_slug|incomplete_listing"
"67f73dec1d08a04e139a9c62","the boujie crab","remaining","","Restaurants","Restaurants","","","","","","{""status"":""pending"",""approved"":null,""alias"":null,""slug"":null,""isComplete"":false,""completenessScore"":67,""qualityScore"":null,""isTest"":null,""auditTag"":null,""business_name"":""the boujie crab"",""address"":""1002 E South St Long Beach, CA 90805"",""city"":"""",""state"":""CA""}","unchanged","false","status_not_public|missing_alias_or_slug|incomplete_listing"
"67f73dec1d08a04e139a9e20","","remaining","","Restaurants","Restaurants","","","","","","{""status"":""pending"",""approved"":null,""alias"":""keiths-kettle-corn-azusa"",""slug"":null,""isComplete"":false,""completenessScore"":44,""qualityScore"":null,""isTest"":null,""auditTag"":null,""business_name"":"""",""address"":""200 W Foothill Blvd Ste 3 Azusa, CA 91702"",""city"":"""",""state"":""CA""}","unchanged","false","status_not_public|incomplete_listing"
"67f73dec1d08a04e139a9e21","","remaining","","Services","Services","","","","","","{""status"":""pending"",""approved"":null,""alias"":null,""slug"":null,""isComplete"":false,""completenessScore"":33,""qualityScore"":null,""isTest"":null,""auditTag"":null,""business_name"":"""",""address"":"""",""city"":"""",""state"":""""}","unchanged","false","status_not_public|missing_alias_or_slug|incomplete_listing"
"67f73dec1d08a04e139a9c40","sip & sonder","remaining","","Restaurants","Restaurants","","","","","","{""status"":""pending"",""approved"":null,""alias"":null,""slug"":null,""isComplete"":false,""completenessScore"":67,""qualityScore"":null,""isTest"":null,""auditTag"":null,""business_name"":""sip & sonder"",""address"":""108 S Market St Inglewood, CA 90301"",""city"":"""",""state"":""CA""}","unchanged","false","status_not_public|missing_alias_or_slug|incomplete_listing"
"67f73dec1d08a04e139a9c83","the serving spoon","remaining","","Restaurants","Restaurants","","","","","","{""status"":""pending"",""approved"":null,""alias"":null,""slug"":null,""isComplete"":true,""completenessScore"":78,""qualityScore"":null,""isTest"":null,""auditTag"":null,""business_name"":""the serving spoon"",""address"":""1403 Centinela Ave Inglewood, CA 90302"",""city"":"""",""state"":""CA""}","unchanged","false","status_not_public|missing_alias_or_slug"
"67f73dec1d08a04e139a9c6f","the lace lounge","remaining","","Shopping","Shopping","","","","","","{""status"":""pending"",""approved"":null,""alias"":null,""slug"":null,""isComplete"":true,""completenessScore"":78,""qualityScore"":null,""isTest"":null,""auditTag"":null,""business_name"":""the lace lounge"",""address"":""1080 S La Cienega Blvd Ste 209 Los Angeles, CA 90035"",""city"":"""",""state"":""CA""}","unchanged","false","status_not_public|missing_alias_or_slug"
"67c9ead1818d604b84e5a668","The Underground Museum Los Angeles","remaining","","Museums, Cultural Institutions, and Shared Spaces","Museums, Cultural Institutions, and Shared Spaces","","","","","","{""status"":""approved"",""approved"":null,""alias"":""the-underground-museum-los-angeles"",""slug"":null,""isComplete"":false,""completenessScore"":67,""qualityScore"":null,""isTest"":null,""auditTag"":null,""business_name"":""The Underground Museum Los Angeles"",""address"":""3508 W Washington Blvd Los Angeles, CA 90018"",""city"":"""",""state"":""CA""}","unchanged","false","incomplete_listing"
"67c9ead1818d604b84e5a667","Soul Food Shack Gardena","remaining","","Restaurants","Restaurants","","","","","","{""status"":""pending"",""approved"":null,""alias"":""soul-food-shack-gardena"",""slug"":null,""isComplete"":false,""completenessScore"":56,""qualityScore"":null,""isTest"":null,""auditTag"":null,""business_name"":""Soul Food Shack Gardena"",""address"":""1762 W El Segundo Blvd Gardena, CA 90249"",""city"":"""",""state"":""CA""}","unchanged","false","status_not_public|incomplete_listing"
"67c9ead1818d604b84e5a665","The Serving Spoon Inglewood","remaining","","Restaurants","Restaurants","","","","","","{""status"":""approved"",""approved"":null,""alias"":""the-serving-spoon-inglewood"",""slug"":null,""isComplete"":false,""completenessScore"":67,""qualityScore"":null,""isTest"":null,""auditTag"":null,""business_name"":""The Serving Spoon Inglewood"",""address"":""1403 Centinela Ave Inglewood, CA 90302"",""city"":"""",""state"":""CA""}","unchanged","false","incomplete_listing"
"67f73dec1d08a04e139a9cac","woody's bbq","remaining","","Restaurants","Restaurants","","","","","","{""status"":""pending"",""approved"":null,""alias"":null,""slug"":null,""isComplete"":true,""completenessScore"":78,""qualityScore"":null,""isTest"":null,""auditTag"":null,""business_name"":""woody's bbq"",""address"":""3446 W Slauson Ave Los Angeles, CA 90043"",""city"":"""",""state"":""CA""}","unchanged","false","status_not_public|missing_alias_or_slug"
"67c9ead1818d604b84e5a666","The Small Shop Los Angeles 7","remaining","","Shopping","Shopping","","","","","","{""status"":""approved"",""approved"":null,""alias"":""the-small-shop-los-angeles-7"",""slug"":null,""isComplete"":false,""completenessScore"":67,""qualityScore"":null,""isTest"":null,""auditTag"":null,""business_name"":""The Small Shop Los Angeles 7"",""address"":""215 W 6th St Ste 108 Los Angeles, CA 90014"",""city"":"""",""state"":""CA""}","unchanged","false","incomplete_listing"
"67f73dec1d08a04e139a9d5b","","remaining","","Restaurants","Restaurants","","","","","","{""status"":""pending"",""approved"":null,""alias"":""ackee-bamboo-jamaican-cuisine-los-angeles"",""slug"":null,""isComplete"":false,""completenessScore"":56,""qualityScore"":null,""isTest"":null,""auditTag"":null,""business_name"":"""",""address"":""4305 Degnan Blvd Ste 100 Los Angeles, CA 90008"",""city"":"""",""state"":""CA""}","unchanged","false","status_not_public|incomplete_listing"
"67f73dec1d08a04e139a9d6b","","remaining","","Restaurants","Restaurants","","","","","","{""status"":""pending"",""approved"":null,""alias"":""b-and-rs-old-fashion-burgers-hawthorne-2"",""slug"":null,""isComplete"":false,""completenessScore"":56,""qualityScore"":null,""isTest"":null,""auditTag"":null,""business_name"":"""",""address"":""3512 W Rosecrans Ave Hawthorne, CA 90250"",""city"":"""",""state"":""CA""}","unchanged","false","status_not_public|incomplete_listing"
"67c9ead1818d604b84e5a671","Totos African Cuisine Van Nuys","remaining","","Restaurants","Restaurants","","","","","","{""status"":""pending"",""approved"":null,""alias"":""totos-african-cuisine-van-nuys"",""slug"":null,""isComplete"":false,""completenessScore"":56,""qualityScore"":null,""isTest"":null,""auditTag"":null,""business_name"":""Totos African Cuisine Van Nuys"",""address"":""15355 Sherman Way Van Nuys, CA 91406"",""city"":"""",""state"":""CA""}","unchanged","false","status_not_public|incomplete_listing"
"67c9ead1818d604b84e5a680","","remaining","","Shopping","Shopping","","","","","","{""status"":""pending"",""approved"":null,""alias"":null,""slug"":null,""isComplete"":false,""completenessScore"":22,""qualityScore"":null,""isTest"":null,""auditTag"":null,""business_name"":"""",""address"":"""",""city"":"""",""state"":""""}","unchanged","false","status_not_public|missing_alias_or_slug|incomplete_listing"
"67c9ead1818d604b84e5a676","","remaining","","Shopping","Shopping","","","","","","{""status"":""pending"",""approved"":null,""alias"":null,""slug"":null,""isComplete"":false,""completenessScore"":22,""qualityScore"":null,""isTest"":null,""auditTag"":null,""business_name"":"""",""address"":"""",""city"":"""",""state"":""""}","unchanged","false","status_not_public|missing_alias_or_slug|incomplete_listing"
"67c9ead1818d604b84e5a66f","Thrive Health Lab Windsor Hills","remaining","","Gym, Fitness Health and Wellness","Gym, Fitness Health and Wellness","","","","","","{""status"":""approved"",""approved"":null,""alias"":""thrive-health-lab-windsor-hills"",""slug"":null,""isComplete"":false,""completenessScore"":67,""qualityScore"":null,""isTest"":null,""auditTag"":null,""business_name"":""Thrive Health Lab Windsor Hills"",""address"":""3701 W 54th St Windsor Hills, CA 90043"",""city"":"""",""state"":""CA""}","unchanged","false","incomplete_listing"
"67f73dec1d08a04e139a9d15","","remaining","","Wigs, Hair Extensions","Beauty, Grooming and Personal Care","","","","","","{""status"":""pending"",""approved"":null,""alias"":""hair-queen-la-los-angeles"",""slug"":null,""isComplete"":false,""completenessScore"":56,""qualityScore"":null,""isTest"":null,""auditTag"":null,""business_name"":"""",""address"":""5363 Wilshire Blvd, Los Angeles, CA 90036"",""city"":"""",""state"":""CA""}","unchanged","false","status_not_public|incomplete_listing"
"67c9ead1818d604b84e5a67f","Union Pasadena","remaining","","Restaurants","Restaurants","","","","","","{""status"":""approved"",""approved"":null,""alias"":""union-pasadena"",""slug"":null,""isComplete"":false,""completenessScore"":67,""qualityScore"":null,""isTest"":null,""auditTag"":null,""business_name"":""Union Pasadena"",""address"":""37 E Union St Pasadena, CA 91103"",""city"":"""",""state"":""CA""}","unchanged","false","incomplete_listing"
"67f73dec1d08a04e139a9d79","","remaining","","Restaurants","Restaurants","","","","","","{""status"":""pending"",""approved"":null,""alias"":""beyond-vegan-los-angeles-2"",""slug"":null,""isComplete"":false,""completenessScore"":44,""qualityScore"":null,""isTest"":null,""auditTag"":null,""business_name"":"""",""address"":""485 S Fairfax Ave Los Angeles, CA 90036"",""city"":"""",""state"":""CA""}","unchanged","false","status_not_public|incomplete_listing"
"67c9ead1818d604b84e5a66e","Time 2 Grub Lancaster 4","remaining","","Restaurants","Restaurants","","","","","","{""status"":""pending"",""approved"":null,""alias"":""time-2-grub-lancaster-4"",""slug"":null,""isComplete"":false,""completenessScore"":56,""qualityScore"":null,""isTest"":null,""auditTag"":null,""business_name"":""Time 2 Grub Lancaster 4"",""address"":""1140 Commerce Center Dr Ste P11 inside Sol Plaza Boutique Mall Lancaster, CA 93534"",""city"":"""",""state"":""CA""}","unchanged","false","status_not_public|incomplete_listing"
"67c9ead1818d604b84e5a67e","","remaining","","Shopping","Shopping","","","","","","{""status"":""pending"",""approved"":null,""alias"":null,""slug"":null,""isComplete"":false,""completenessScore"":33,""qualityScore"":null,""isTest"":null,""auditTag"":null,""business_name"":"""",""address"":"""",""city"":"""",""state"":""""}","unchanged","false","status_not_public|missing_alias_or_slug|incomplete_listing"
"67f73dec1d08a04e139a9d32","","remaining","","Hair Stylists","Beauty, Grooming and Personal Care","","","","","","{""status"":""pending"",""approved"":null,""alias"":""cocoaloveshair-torrance"",""slug"":null,""isComplete"":false,""completenessScore"":56,""qualityScore"":null,""isTest"":null,""auditTag"":null,""business_name"":"""",""address"":""21250 Hawthorne Blvd, Ste 170, Studio 305, Torrance, CA 90503"",""city"":"""",""state"":""CA""}","unchanged","false","status_not_public|incomplete_listing"
"67f73dec1d08a04e139a9d47","","remaining","","Barbershop","Beauty, Grooming and Personal Care","","","","","","{""status"":""pending"",""approved"":null,""alias"":""the-galaxy-hair-salon-barbershop-carson"",""slug"":null,""isComplete"":false,""completenessScore"":56,""qualityScore"":null,""isTest"":null,""auditTag"":null,""business_name"":"""",""address"":""234 E Carson St, Ste 1, Carson, CA 90745"",""city"":"""",""state"":""CA""}","unchanged","false","status_not_public|incomplete_listing"
"67f73dec1d08a04e139a9d7d","","remaining","","Restaurants","Restaurants","","","","","","{""status"":""pending"",""approved"":null,""alias"":""billionaire-burger-boyz-compton"",""slug"":null,""isComplete"":false,""completenessScore"":44,""qualityScore"":null,""isTest"":null,""auditTag"":null,""business_name"":"""",""address"":""811 S Long Beach Blvd Compton, CA 90221"",""city"":"""",""state"":""CA""}","unchanged","false","status_not_public|incomplete_listing"
"67c9ead1818d604b84e5a66d","","remaining","","Restaurants","Restaurants","","","","","","{""status"":""pending"",""approved"":null,""alias"":null,""slug"":null,""isComplete"":false,""completenessScore"":44,""qualityScore"":null,""isTest"":null,""auditTag"":null,""business_name"":"""",""address"":""9030 Owensmouth Ave Canoga Park, CA 91304"",""city"":"""",""state"":""CA""}","unchanged","false","status_not_public|missing_alias_or_slug|incomplete_listing"
"67c9ead1818d604b84e5a67b","","remaining","","Restaurants","Restaurants","","","","","","{""status"":""pending"",""approved"":null,""alias"":null,""slug"":null,""isComplete"":false,""completenessScore"":33,""qualityScore"":null,""isTest"":null,""auditTag"":null,""business_name"":"""",""address"":""6130 S AVALON BLVD 126. LOS ANGELES, CA 90022"",""city"":"""",""state"":""CA""}","unchanged","false","status_not_public|missing_alias_or_slug|incomplete_listing"
"67c9ead1818d604b84e5a681","Twins Smoke House Bbq Long Beach","remaining","","Restaurants","Restaurants","","","","","","{""status"":""pending"",""approved"":null,""alias"":""twins-smoke-house-bbq-long-beach"",""slug"":null,""isComplete"":false,""completenessScore"":56,""qualityScore"":null,""isTest"":null,""auditTag"":null,""business_name"":""Twins Smoke House Bbq Long Beach"",""address"":""1555 W Willow St Long Beach, CA 90810"",""city"":"""",""state"":""CA""}","unchanged","false","status_not_public|incomplete_listing"
"67c9ead1818d604b84e5a684","Undergrind Cafe Los Angeles","remaining","","Restaurants","Restaurants","","","","","","{""status"":""approved"",""approved"":null,""alias"":""undergrind-cafe-los-angeles"",""slug"":null,""isComplete"":false,""completenessScore"":67,""qualityScore"":null,""isTest"":null,""auditTag"":null,""business_name"":""Undergrind Cafe Los Angeles"",""address"":""2713 S Robertson Blvd Los Angeles, CA 90034"",""city"":"""",""state"":""CA""}","unchanged","false","incomplete_listing"
"67c9ead1818d604b84e5a66c","","remaining","","Restaurants","Restaurants","","","","","","{""status"":""pending"",""approved"":null,""alias"":null,""slug"":null,""isComplete"":false,""completenessScore"":11,""qualityScore"":null,""isTest"":null,""auditTag"":null,""business_name"":"""",""address"":"""",""city"":"""",""state"":""""}","unchanged","false","status_not_public|missing_alias_or_slug|incomplete_listing"
"67c9ead1818d604b84e5a672","","remaining","","Shopping","Shopping","","","","","","{""status"":""pending"",""approved"":null,""alias"":null,""slug"":null,""isComplete"":false,""completenessScore"":22,""qualityScore"":null,""isTest"":null,""auditTag"":null,""business_name"":"""",""address"":"""",""city"":"""",""state"":""""}","unchanged","false","status_not_public|missing_alias_or_slug|incomplete_listing"
"67c9ead1818d604b84e5a677","Tomorrows Aeronautical Museum Compton","remaining","","Museums, Cultural Institutions, and Shared Spaces","Museums, Cultural Institutions, and Shared Spaces","","","","","","{""status"":""approved"",""approved"":null,""alias"":""tomorrows-aeronautical-museum-compton"",""slug"":null,""isComplete"":false,""completenessScore"":67,""qualityScore"":null,""isTest"":null,""auditTag"":null,""business_name"":""Tomorrows Aeronautical Museum Compton"",""address"":""961 W Alondra Blvd Compton, CA 90220"",""city"":"""",""state"":""CA""}","unchanged","false","incomplete_listing"
"67c9ead1818d604b84e5a683","Voodoo Vegan Los Angeles","remaining","","Restaurants","Restaurants","","","","","","{""status"":""pending"",""approved"":null,""alias"":""voodoo-vegan-los-angeles"",""slug"":null,""isComplete"":false,""completenessScore"":56,""qualityScore"":null,""isTest"":null,""auditTag"":null,""business_name"":""Voodoo Vegan Los Angeles"",""address"":""Los Angeles, CA 90047"",""city"":"""",""state"":""CA""}","unchanged","false","status_not_public|incomplete_listing"
"67c9ead1818d604b84e5a67c","Uncle Andres Bbq Studio City","remaining","","Restaurants","Restaurants","","","","","","{""status"":""pending"",""approved"":null,""alias"":""uncle-andres-bbq-studio-city"",""slug"":null,""isComplete"":false,""completenessScore"":56,""qualityScore"":null,""isTest"":null,""auditTag"":null,""business_name"":""Uncle Andres Bbq Studio City"",""address"":""11715 Moorpark St Studio City, CA 91604"",""city"":"""",""state"":""CA""}","unchanged","false","status_not_public|incomplete_listing"
"67f73dec1d08a04e139a9e2a","","remaining","","Gym, Fitness Health and Wellness","Gym, Fitness Health and Wellness","","","","","","{""status"":""pending"",""approved"":null,""alias"":null,""slug"":null,""isComplete"":false,""completenessScore"":44,""qualityScore"":null,""isTest"":null,""auditTag"":null,""business_name"":"""",""address"":""11218 La Maida St North Hollywood, CA 91601"",""city"":"""",""state"":""CA""}","unchanged","false","status_not_public|missing_alias_or_slug|incomplete_listing"
"67c9ead1818d604b84e5a688","","remaining","","Gym, Fitness Health and Wellness","Gym, Fitness Health and Wellness","","","","","","{""status"":""pending"",""approved"":null,""alias"":null,""slug"":null,""isComplete"":false,""completenessScore"":56,""qualityScore"":null,""isTest"":null,""auditTag"":null,""business_name"":"""",""address"":""1022 Waterloo St Los Angeles, CA 90026"",""city"":"""",""state"":""CA""}","unchanged","false","status_not_public|missing_alias_or_slug|incomplete_listing"
"67f73dec1d08a04e139a9c6a","the jerk spot","remaining","","Restaurants","Restaurants","","","","","","{""status"":""pending"",""approved"":null,""alias"":null,""slug"":null,""isComplete"":false,""completenessScore"":67,""qualityScore"":null,""isTest"":null,""auditTag"":null,""business_name"":""the jerk spot"",""address"":""9006 Venice Blvd Culver City, CA 90232"",""city"":"""",""state"":""CA""}","unchanged","false","status_not_public|missing_alias_or_slug|incomplete_listing"
"67f73dec1d08a04e139a9dab","","remaining","","Restaurants","Restaurants","","","","","","{""status"":""pending"",""approved"":null,""alias"":""chicken-n-chips-los-angeles-2"",""slug"":null,""isComplete"":false,""completenessScore"":44,""qualityScore"":null,""isTest"":null,""auditTag"":null,""business_name"":"""",""address"":""2728 Fletcher Dr Los Angeles, CA 90039"",""city"":"""",""state"":""CA""}","unchanged","false","status_not_public|incomplete_listing"
"67c9ead1818d604b84e5a68f","Woodys Bar B Que Los Angeles","remaining","","Restaurants","Restaurants","","","","","","{""status"":""approved"",""approved"":null,""alias"":""woodys-bar-b-que-los-angeles"",""slug"":null,""isComplete"":false,""completenessScore"":67,""qualityScore"":null,""isTest"":null,""auditTag"":null,""business_name"":""Woodys Bar B Que Los Angeles"",""address"":""3446 W Slauson Ave Los Angeles, CA 90043"",""city"":"""",""state"":""CA""}","unchanged","false","incomplete_listing"
"67c9ead1818d604b84e5a693","","remaining","","Shopping","Shopping","","","","","","{""status"":""pending"",""approved"":null,""alias"":null,""slug"":null,""isComplete"":false,""completenessScore"":22,""qualityScore"":null,""isTest"":null,""auditTag"":null,""business_name"":"""",""address"":"""",""city"":"""",""state"":""""}","unchanged","false","status_not_public|missing_alias_or_slug|incomplete_listing"
"67c9ead1818d604b84e5a686","Watts Burgers Los Angeles","remaining","","Restaurants","Restaurants","","","","","","{""status"":""approved"",""approved"":null,""alias"":""watts-burgers-los-angeles"",""slug"":null,""isComplete"":false,""completenessScore"":67,""qualityScore"":null,""isTest"":null,""auditTag"":null,""business_name"":""Watts Burgers Los Angeles"",""address"":""10203 S Central Ave Los Angeles, CA 90002"",""city"":"""",""state"":""CA""}","unchanged","false","incomplete_listing"
"67f73dec1d08a04e139a9c4c","sweet red peach","remaining","","Restaurants","Restaurants","","","","","","{""status"":""pending"",""approved"":null,""alias"":null,""slug"":null,""isComplete"":false,""completenessScore"":67,""qualityScore"":null,""isTest"":null,""auditTag"":null,""business_name"":""sweet red peach"",""address"":""1035 S Prairie Ave Unit 2 Inglewood, CA 90301"",""city"":"""",""state"":""CA""}","unchanged","false","status_not_public|missing_alias_or_slug|incomplete_listing"
"67c9ead1818d604b84e5a68a","Whos Hungry Caribbean Restaurant Los Angeles","remaining","","Restaurants","Restaurants","","","","","","{""status"":""pending"",""approved"":null,""alias"":""whos-hungry-caribbean-restaurant-los-angeles"",""slug"":null,""isComplete"":false,""completenessScore"":56,""qualityScore"":null,""isTest"":null,""auditTag"":null,""business_name"":""Whos Hungry Caribbean Restaurant Los Angeles"",""address"":""2959 Crenshaw Blvd Los Angeles, CA 90016"",""city"":"""",""state"":""CA""}","unchanged","false","status_not_public|incomplete_listing"
"67f73dec1d08a04e139a9c9b","urban comfort foods","remaining","","Restaurants","Restaurants","","","","","","{""status"":""pending"",""approved"":null,""alias"":null,""slug"":null,""isComplete"":false,""completenessScore"":44,""qualityScore"":null,""isTest"":null,""auditTag"":null,""business_name"":""urban comfort foods"",""address"":""6130 S AVALON BLVD 126. LOS ANGELES, CA 90022"",""city"":"""",""state"":""CA""}","unchanged","false","status_not_public|missing_alias_or_slug|incomplete_listing"
"67f73dec1d08a04e139a9cb0","yourdestiny essentials","remaining","","Shopping","Shopping","","","","","","{""status"":""pending"",""approved"":null,""alias"":null,""slug"":null,""isComplete"":false,""completenessScore"":44,""qualityScore"":null,""isTest"":null,""auditTag"":null,""business_name"":""yourdestiny essentials"",""address"":"""",""city"":"""",""state"":""""}","unchanged","false","status_not_public|missing_alias_or_slug|incomplete_listing"
"67c9ead1818d604b84e5a691","Worldwide Tacos Los Angeles","remaining","","Restaurants","Restaurants","","","","","","{""status"":""pending"",""approved"":null,""alias"":""worldwide-tacos-los-angeles"",""slug"":null,""isComplete"":false,""completenessScore"":56,""qualityScore"":null,""isTest"":null,""auditTag"":null,""business_name"":""Worldwide Tacos Los Angeles"",""address"":""2419 W Martin Luther King J Los Angeles, CA 90008"",""city"":"""",""state"":""CA""}","unchanged","false","status_not_public|incomplete_listing"
"67f73dec1d08a04e139a9d07","","remaining","","Nail Salons, Massage","Beauty, Grooming and Personal Care","","","","","","{""status"":""pending"",""approved"":null,""alias"":""ms-glens-therapeutic-manicures-and-pedicures-westchester"",""slug"":null,""isComplete"":false,""completenessScore"":56,""qualityScore"":null,""isTest"":null,""auditTag"":null,""business_name"":"""",""address"":""6320 Howard B. Drollinger Way, Ste 206, Westchester, CA 90045"",""city"":"""",""state"":""CA""}","unchanged","false","status_not_public|incomplete_listing"
"67c9ead1818d604b84e5a690","Wood Spoon Los Angeles 5","remaining","","Restaurants","Restaurants","","","","","","{""status"":""approved"",""approved"":null,""alias"":""wood-spoon-los-angeles-5"",""slug"":null,""isComplete"":false,""completenessScore"":67,""qualityScore"":null,""isTest"":null,""auditTag"":null,""business_name"":""Wood Spoon Los Angeles 5"",""address"":""107 W 9th St Los Angeles, CA 90015"",""city"":"""",""state"":""CA""}","unchanged","false","incomplete_listing"
"67c9ead1818d604b84e5a692","Yo Way Eatery Gardena 2","remaining","","Restaurants","Restaurants","","","","","","{""status"":""approved"",""approved"":null,""alias"":""yo-way-eatery-gardena-2"",""slug"":null,""isComplete"":false,""completenessScore"":67,""qualityScore"":null,""isTest"":null,""auditTag"":null,""business_name"":""Yo Way Eatery Gardena 2"",""address"":""17901 S Vermont Ste D Gardena, CA 90248"",""city"":"""",""state"":""CA""}","unchanged","false","incomplete_listing"
"67f73dec1d08a04e139a9dbe","","remaining","","Restaurants","Restaurants","","","","","","{""status"":""pending"",""approved"":null,""alias"":""coffee-and-plants-pasadena"",""slug"":null,""isComplete"":false,""completenessScore"":56,""qualityScore"":null,""isTest"":null,""auditTag"":null,""business_name"":"""",""address"":""62 W Union St Unit 2 Pasadena, CA 91103"",""city"":"""",""state"":""CA""}","unchanged","false","status_not_public|incomplete_listing"
"67f73dec1d08a04e139a9dff","","remaining","","Restaurants","Restaurants","","","","","","{""status"":""pending"",""approved"":null,""alias"":""harun-coffee-los-angeles-2"",""slug"":null,""isComplete"":false,""completenessScore"":56,""qualityScore"":null,""isTest"":null,""auditTag"":null,""business_name"":"""",""address"":""4336 Degnan Blvd Los Angeles, CA 90008"",""city"":"""",""state"":""CA""}","unchanged","false","status_not_public|incomplete_listing"
"67c9ead1818d604b84e5a68c","Wi Jammin Caribbean Cafe Los Angeles","remaining","","Restaurants","Restaurants","","","","","","{""status"":""pending"",""approved"":null,""alias"":""wi-jammin-caribbean-cafe-los-angeles"",""slug"":null,""isComplete"":false,""completenessScore"":56,""qualityScore"":null,""isTest"":null,""auditTag"":null,""business_name"":""Wi Jammin Caribbean Cafe Los Angeles"",""address"":""1359 S Redondo Blvd Los Angeles, CA 90019"",""city"":"""",""state"":""CA""}","unchanged","false","status_not_public|incomplete_listing"
"67c9ead1818d604b84e5a694","","remaining","","Restaurants","Restaurants","","","","","","{""status"":""pending"",""approved"":null,""alias"":null,""slug"":null,""isComplete"":false,""completenessScore"":33,""qualityScore"":null,""isTest"":null,""auditTag"":null,""business_name"":"""",""address"":""230 W Ave 26 Los Angeles, CA 90031"",""city"":"""",""state"":""CA""}","unchanged","false","status_not_public|missing_alias_or_slug|incomplete_listing"
"67f73dec1d08a04e139a9c43","stitches technology business & career centers inc.","remaining","","Shopping","Shopping","","","","","","{""status"":""pending"",""approved"":null,""alias"":null,""slug"":null,""isComplete"":true,""completenessScore"":78,""qualityScore"":null,""isTest"":null,""auditTag"":null,""business_name"":""stitches technology business & career centers inc."",""address"":""342 N San Fernando Rd, Los Angeles, CA 90031"",""city"":"""",""state"":""CA""}","unchanged","false","status_not_public|missing_alias_or_slug"
"67f73dec1d08a04e139a9c3f","simply wholesome","remaining","","Restaurants","Restaurants","","","","","","{""status"":""pending"",""approved"":null,""alias"":null,""slug"":null,""isComplete"":false,""completenessScore"":67,""qualityScore"":null,""isTest"":null,""auditTag"":null,""business_name"":""simply wholesome"",""address"":""4508 W Slauson Ave Los Angeles, CA 90043"",""city"":"""",""state"":""CA""}","unchanged","false","status_not_public|missing_alias_or_slug|incomplete_listing"
"67f73dec1d08a04e139a9c77","the small shop l.a.","remaining","","Shopping","Shopping","","","","","","{""status"":""pending"",""approved"":null,""alias"":null,""slug"":null,""isComplete"":true,""completenessScore"":78,""qualityScore"":null,""isTest"":null,""auditTag"":null,""business_name"":""the small shop l.a."",""address"":""215 W 6th St Ste 108 Los Angeles, CA 90014"",""city"":"""",""state"":""CA""}","unchanged","false","status_not_public|missing_alias_or_slug"
"67f73dec1d08a04e139a9c81","tiffany cakes desserts","remaining","","Restaurants","Restaurants","","","","","","{""status"":""pending"",""approved"":null,""alias"":null,""slug"":null,""isComplete"":false,""completenessScore"":22,""qualityScore"":null,""isTest"":null,""auditTag"":null,""business_name"":""tiffany cakes desserts"",""address"":"""",""city"":"""",""state"":""""}","unchanged","false","status_not_public|missing_alias_or_slug|incomplete_listing"
"67f73dec1d08a04e139a9d3b","","remaining","","Waxing, Day Spas","Beauty, Grooming and Personal Care","","","","","","{""status"":""pending"",""approved"":null,""alias"":""waxing-by-inez-los-angeles-3"",""slug"":null,""isComplete"":false,""completenessScore"":56,""qualityScore"":null,""isTest"":null,""auditTag"":null,""business_name"":"""",""address"":""1250 N La Brea, Ste 102, Los Angeles, CA 90046"",""city"":"""",""state"":""CA""}","unchanged","false","status_not_public|incomplete_listing"
"67f73dec1d08a04e139a9d9f","","remaining","","Restaurants","Restaurants","","","","","","{""status"":""pending"",""approved"":null,""alias"":""cafe-buna-marina-del-rey"",""slug"":null,""isComplete"":false,""completenessScore"":44,""qualityScore"":null,""isTest"":null,""auditTag"":null,""business_name"":"""",""address"":""552 Washington Blvd Marina del Rey, CA 90292"",""city"":"""",""state"":""CA""}","unchanged","false","status_not_public|incomplete_listing"
"67f73dec1d08a04e139a9c42","sorella boutique","remaining","","Shopping","Shopping","","","","","","{""status"":""pending"",""approved"":null,""alias"":null,""slug"":null,""isComplete"":true,""completenessScore"":78,""qualityScore"":null,""isTest"":null,""auditTag"":null,""business_name"":""sorella boutique"",""address"":""7829 Melrose Ave Los Angeles, CA 90046"",""city"":"""",""state"":""CA""}","unchanged","false","status_not_public|missing_alias_or_slug"
"67f73dec1d08a04e139a9d2c","","remaining","","Hair Salons","Beauty, Grooming and Personal Care","","","","","","{""status"":""pending"",""approved"":null,""alias"":""mirage-camille-northridge"",""slug"":null,""isComplete"":false,""completenessScore"":56,""qualityScore"":null,""isTest"":null,""auditTag"":null,""business_name"":"""",""address"":""Northridge, CA 91325"",""city"":"""",""state"":""CA""}","unchanged","false","status_not_public|incomplete_listing"
"67f73dec1d08a04e139a9d4a","","remaining","","Restaurants","Restaurants","","","","","","{""status"":""pending"",""approved"":null,""alias"":""airport-royal-cuisine-inglewood"",""slug"":null,""isComplete"":false,""completenessScore"":44,""qualityScore"":null,""isTest"":null,""auditTag"":null,""business_name"":"""",""address"":""4956 West Century Blvd Ste 10B Inglewood, CA 90304"",""city"":"""",""state"":""CA""}","unchanged","false","status_not_public|incomplete_listing"
"67f73dec1d08a04e139a9e24","","remaining","","Restaurants","Restaurants","","","","","","{""status"":""pending"",""approved"":null,""alias"":""kennys-q-bar-b-que-and-more-inglewood"",""slug"":null,""isComplete"":false,""completenessScore"":44,""qualityScore"":null,""isTest"":null,""auditTag"":null,""business_name"":"""",""address"":""11010 S Prairie Ave Inglewood, CA 90303"",""city"":"""",""state"":""CA""}","unchanged","false","status_not_public|incomplete_listing"
"67f73dec1d08a04e139a9d23","","remaining","","Barbershop","Beauty, Grooming and Personal Care","","","","","","{""status"":""pending"",""approved"":null,""alias"":""saints-los-angeles-2"",""slug"":null,""isComplete"":false,""completenessScore"":56,""qualityScore"":null,""isTest"":null,""auditTag"":null,""business_name"":"""",""address"":""12796 Washington Blvd, Los Angeles, CA 90066"",""city"":"""",""state"":""CA""}","unchanged","false","status_not_public|incomplete_listing"
"67f73dec1d08a04e139a9d7a","","remaining","","Restaurants","Restaurants","","","","","","{""status"":""pending"",""approved"":null,""alias"":""big-daddys-kickin-chicken-inglewood"",""slug"":null,""isComplete"":false,""completenessScore"":56,""qualityScore"":null,""isTest"":null,""auditTag"":null,""business_name"":"""",""address"":""214 E Nutwood St Inglewood, CA 90301"",""city"":"""",""state"":""CA""}","unchanged","false","status_not_public|incomplete_listing"
"67f73dec1d08a04e139a9d90","","remaining","","Restaurants","Restaurants","","","","","","{""status"":""pending"",""approved"":null,""alias"":""brees-cakes-reseda-2"",""slug"":null,""isComplete"":false,""completenessScore"":44,""qualityScore"":null,""isTest"":null,""auditTag"":null,""business_name"":"""",""address"":""6740 Reseda Blvd Unit D Reseda, CA 91335"",""city"":"""",""state"":""CA""}","unchanged","false","status_not_public|incomplete_listing"
"67f73dec1d08a04e139a9dbf","","remaining","","Restaurants","Restaurants","","","","","","{""status"":""pending"",""approved"":null,""alias"":""crustees-eatery-los-angeles"",""slug"":null,""isComplete"":false,""completenessScore"":44,""qualityScore"":null,""isTest"":null,""auditTag"":null,""business_name"":"""",""address"":""4442 W Slauson Ave Los Angeles, CA 90043"",""city"":"""",""state"":""CA""}","unchanged","false","status_not_public|incomplete_listing"
"67f73dec1d08a04e139a9d30","","remaining","","Hair Extensions, Eyelash Service, Waxing","Beauty, Grooming and Personal Care","","","","","","{""status"":""pending"",""approved"":null,""alias"":""taylor-rose-hair-studio-west-hollywood"",""slug"":null,""isComplete"":false,""completenessScore"":56,""qualityScore"":null,""isTest"":null,""auditTag"":null,""business_name"":"""",""address"":""7739 1/2 Santa Monica Blvd, West Hollywood, CA 90046"",""city"":"""",""state"":""CA""}","unchanged","false","status_not_public|incomplete_listing"
"67f73dec1d08a04e139a9da0","","remaining","","Restaurants","Restaurants","","","","","","{""status"":""pending"",""approved"":null,""alias"":""busy-baking-hawthorne"",""slug"":null,""isComplete"":false,""completenessScore"":56,""qualityScore"":null,""isTest"":null,""auditTag"":null,""business_name"":"""",""address"":""11861 Inglewood Ave Hawthorne, CA 90250"",""city"":"""",""state"":""CA""}","unchanged","false","status_not_public|incomplete_listing"
"67f73dec1d08a04e139a9db9","","remaining","","Restaurants","Restaurants","","","","","","{""status"":""pending"",""approved"":null,""alias"":null,""slug"":null,""isComplete"":false,""completenessScore"":33,""qualityScore"":null,""isTest"":null,""auditTag"":null,""business_name"":"""",""address"":""10880 Wilshire Blvd Los Angeles, CA 90024"",""city"":"""",""state"":""CA""}","unchanged","false","status_not_public|missing_alias_or_slug|incomplete_listing"
"67f73dec1d08a04e139a9ddf","","remaining","","Restaurants","Restaurants","","","","","","{""status"":""pending"",""approved"":null,""alias"":""fishbone-express-gardena-gardena"",""slug"":null,""isComplete"":false,""completenessScore"":44,""qualityScore"":null,""isTest"":null,""auditTag"":null,""business_name"":"""",""address"":""1024 W Rosecrans Ave Gardena, CA 90247"",""city"":"""",""state"":""CA""}","unchanged","false","status_not_public|incomplete_listing"
"67f73dec1d08a04e139a9c80","the wood urban kitchen","remaining","","Restaurants","Restaurants","","","","","","{""status"":""pending"",""approved"":null,""alias"":null,""slug"":null,""isComplete"":false,""completenessScore"":67,""qualityScore"":null,""isTest"":null,""auditTag"":null,""business_name"":""the wood urban kitchen"",""address"":""129 N Market St Inglewood, CA 90301"",""city"":"""",""state"":""CA""}","unchanged","false","status_not_public|missing_alias_or_slug|incomplete_listing"
"67f73dec1d08a04e139a9d1e","","remaining","","Hair Stylists, Blow Dry/Out Services","Beauty, Grooming and Personal Care","","","","","","{""status"":""pending"",""approved"":null,""alias"":""love-your-hair-by-rachel-carter-los-angeles"",""slug"":null,""isComplete"":false,""completenessScore"":44,""qualityScore"":null,""isTest"":null,""auditTag"":null,""business_name"":"""",""address"":""3265 Fletcher Dr., Los Angeles, CA 90065"",""city"":"""",""state"":""CA""}","unchanged","false","status_not_public|incomplete_listing"
"67c9ead1818d604b84e5a695","Yordanos Ethiopian Restaurant Los Angeles","remaining","","Restaurants","Restaurants","","","","","","{""status"":""pending"",""approved"":null,""alias"":""yordanos-ethiopian-restaurant-los-angeles"",""slug"":null,""isComplete"":false,""completenessScore"":56,""qualityScore"":null,""isTest"":null,""auditTag"":null,""business_name"":""Yordanos Ethiopian Restaurant Los Angeles"",""address"":""4020 W Martin Luther King Jr Blvd Los Angeles, CA 90008"",""city"":"""",""state"":""CA""}","unchanged","false","status_not_public|incomplete_listing"
"67f73dec1d08a04e139a9d2e","","remaining","","Hair Extensions","Beauty, Grooming and Personal Care","","","","","","{""status"":""pending"",""approved"":null,""alias"":""crystal-blings-hair-los-angeles"",""slug"":null,""isComplete"":false,""completenessScore"":56,""qualityScore"":null,""isTest"":null,""auditTag"":null,""business_name"":"""",""address"":""Los Angeles, CA 90047"",""city"":"""",""state"":""CA""}","unchanged","false","status_not_public|incomplete_listing"
"67f73dec1d08a04e139a9d45","","remaining","","Hair Salons","Beauty, Grooming and Personal Care","","","","","","{""status"":""pending"",""approved"":null,""alias"":""chi-town-cuts-and-fades-los-angeles-4"",""slug"":null,""isComplete"":false,""completenessScore"":56,""qualityScore"":null,""isTest"":null,""auditTag"":null,""business_name"":"""",""address"":""2927 W Olympic Blvd, Los Angeles, CA 90006"",""city"":"""",""state"":""CA""}","unchanged","false","status_not_public|incomplete_listing"
"67f73dec1d08a04e139a9c7a","the proper bunny","remaining","","Shopping","Shopping","","","","","","{""status"":""pending"",""approved"":null,""alias"":null,""slug"":null,""isComplete"":false,""completenessScore"":67,""qualityScore"":null,""isTest"":null,""auditTag"":null,""business_name"":""the proper bunny"",""address"":""6230 Wilshire Blvd #71 Los Angeles, CA 90048"",""city"":"""",""state"":""CA""}","unchanged","false","status_not_public|missing_alias_or_slug|incomplete_listing"
"67f73dec1d08a04e139a9c99","trencher","remaining","","Restaurants","Restaurants","","","","","","{""status"":""pending"",""approved"":null,""alias"":null,""slug"":null,""isComplete"":false,""completenessScore"":67,""qualityScore"":null,""isTest"":null,""auditTag"":null,""business_name"":""trencher"",""address"":""1305 Portia St Los Angeles, CA 90026"",""city"":"""",""state"":""CA""}","unchanged","false","status_not_public|missing_alias_or_slug|incomplete_listing"
"67f73dec1d08a04e139a9c84","thrive health lab","remaining","","Gym, Fitness Health and Wellness","Gym, Fitness Health and Wellness","","","","","","{""status"":""pending"",""approved"":null,""alias"":null,""slug"":null,""isComplete"":true,""completenessScore"":78,""qualityScore"":null,""isTest"":null,""auditTag"":null,""business_name"":""thrive health lab"",""address"":""3701 W 54th St Windsor Hills, CA 90043"",""city"":"""",""state"":""CA""}","unchanged","false","status_not_public|missing_alias_or_slug"
"67f73dec1d08a04e139a9c9d","watts burgers","remaining","","Restaurants","Restaurants","","","","","","{""status"":""pending"",""approved"":null,""alias"":null,""slug"":null,""isComplete"":false,""completenessScore"":67,""qualityScore"":null,""isTest"":null,""auditTag"":null,""business_name"":""watts burgers"",""address"":""10203 S Central Ave Los Angeles, CA 90002"",""city"":"""",""state"":""CA""}","unchanged","false","status_not_public|missing_alias_or_slug|incomplete_listing"
"67f73dec1d08a04e139a9caf","zelie for she","remaining","","Shopping","Shopping","","","","","","{""status"":""pending"",""approved"":null,""alias"":null,""slug"":null,""isComplete"":false,""completenessScore"":67,""qualityScore"":null,""isTest"":null,""auditTag"":null,""business_name"":""zelie for she"",""address"":""PO BOX 94501 Pasadena CA 91109"",""city"":"""",""state"":""PO""}","unchanged","false","status_not_public|missing_alias_or_slug|incomplete_listing"
"67f73dec1d08a04e139a9d6a","","remaining","","Restaurants","Restaurants","","","","","","{""status"":""pending"",""approved"":null,""alias"":""awash-restaurant-los-angeles"",""slug"":null,""isComplete"":false,""completenessScore"":56,""qualityScore"":null,""isTest"":null,""auditTag"":null,""business_name"":"""",""address"":""5990 1/2 W Pico Blvd Los Angeles, CA 90035"",""city"":"""",""state"":""CA""}","unchanged","false","status_not_public|incomplete_listing"
"67c9ead1818d604b84e5a6a0","118.3020859","remaining","","Real Estate Services","Services","","","","","","{""status"":""pending"",""approved"":null,""alias"":-118.3020859,""slug"":null,""isComplete"":false,""completenessScore"":56,""qualityScore"":null,""isTest"":null,""auditTag"":null,""business_name"":""118.3020859"",""address"":""Los Angeles, CA 90004"",""city"":"""",""state"":""CA""}","unchanged","false","status_not_public|missing_alias_or_slug|incomplete_listing"
"67f73dec1d08a04e139a9d25","","remaining","","Hair Salons","Beauty, Grooming and Personal Care","","","","","","{""status"":""pending"",""approved"":null,""alias"":""dysonna-hair-studio-los-angeles-2"",""slug"":null,""isComplete"":false,""completenessScore"":56,""qualityScore"":null,""isTest"":null,""auditTag"":null,""business_name"":"""",""address"":""4562 W Washington Blvd, Los Angeles, CA 90016"",""city"":"""",""state"":""CA""}","unchanged","false","status_not_public|incomplete_listing"
"67f73dec1d08a04e139a9d3a","","remaining","","Men's Hair Salons","Beauty, Grooming and Personal Care","","","","","","{""status"":""pending"",""approved"":null,""alias"":""the-parlor-room-beverly-hills"",""slug"":null,""isComplete"":false,""completenessScore"":56,""qualityScore"":null,""isTest"":null,""auditTag"":null,""business_name"":"""",""address"":""8383 Wilshire Blvd, Ste 110, Beverly Hills, CA 90211"",""city"":"""",""state"":""CA""}","unchanged","false","status_not_public|incomplete_listing"
"67c9ead1818d604b84e5a6a4","118.324057","remaining","","Session Photography","Services","","","","","","{""status"":""pending"",""approved"":null,""alias"":-118.324057,""slug"":null,""isComplete"":false,""completenessScore"":56,""qualityScore"":null,""isTest"":null,""auditTag"":null,""business_name"":""118.324057"",""address"":""5700 Melrose Ave Ste 204 Los Angeles, CA 90038"",""city"":"""",""state"":""CA""}","unchanged","false","status_not_public|missing_alias_or_slug|incomplete_listing"
"67c9ead1818d604b84e5a69d","118.264679","remaining","","Music Production Services","Services","","","","","","{""status"":""pending"",""approved"":null,""alias"":-118.264679,""slug"":null,""isComplete"":false,""completenessScore"":56,""qualityScore"":null,""isTest"":null,""auditTag"":null,""business_name"":""118.264679"",""address"":""Los Angeles, CA 90015"",""city"":"""",""state"":""CA""}","unchanged","false","status_not_public|missing_alias_or_slug|incomplete_listing"
"67c9ead1818d604b84e5a6a1","118.3089905","remaining","","Child Care & Day Care","Services","","","","","","{""status"":""pending"",""approved"":null,""alias"":-118.3089905,""slug"":null,""isComplete"":false,""completenessScore"":56,""qualityScore"":null,""isTest"":null,""auditTag"":null,""business_name"":""118.3089905"",""address"":""Los Angeles, CA 90047"",""city"":"""",""state"":""CA""}","unchanged","false","status_not_public|missing_alias_or_slug|incomplete_listing"
"67f73dec1d08a04e139a9d0a","","remaining","","Nail Salons","Beauty, Grooming and Personal Care","","","","","","{""status"":""pending"",""approved"":null,""alias"":""sunset-city-nails-studio-city"",""slug"":null,""isComplete"":false,""completenessScore"":56,""qualityScore"":null,""isTest"":null,""auditTag"":null,""business_name"":"""",""address"":""12107 Ventura Blvd, Studio City, CA 91604"",""city"":"""",""state"":""CA""}","unchanged","false","status_not_public|incomplete_listing"
"67f73dec1d08a04e139a9d4b","","remaining","","Restaurants","Restaurants","","","","","","{""status"":""pending"",""approved"":null,""alias"":""3stakxs-kitchen-carson"",""slug"":null,""isComplete"":false,""completenessScore"":33,""qualityScore"":null,""isTest"":null,""auditTag"":null,""business_name"":"""",""address"":""675 E University Dr Carson, CA 90746"",""city"":"""",""state"":""CA""}","unchanged","false","status_not_public|incomplete_listing"
"67c9ead1818d604b84e5a6a3","118.5341155","remaining","","Body Shops","Shopping","","","","","","{""status"":""pending"",""approved"":null,""alias"":-118.5341155,""slug"":null,""isComplete"":false,""completenessScore"":56,""qualityScore"":null,""isTest"":null,""auditTag"":null,""business_name"":""118.5341155"",""address"":""18403 Eddy St Los Angeles, CA 91325"",""city"":"""",""state"":""CA""}","unchanged","false","status_not_public|missing_alias_or_slug|incomplete_listing"
"67c9ead1818d604b84e5a6a2","118.3637264","remaining","","Nutritionists","Gym, Fitness Health and Wellness","","","","","","{""status"":""pending"",""approved"":null,""alias"":-118.3637264,""slug"":null,""isComplete"":false,""completenessScore"":56,""qualityScore"":null,""isTest"":null,""auditTag"":null,""business_name"":""118.3637264"",""address"":""Los Angeles, CA 90046"",""city"":"""",""state"":""CA""}","unchanged","false","status_not_public|missing_alias_or_slug|incomplete_listing"
"67c9ead1818d604b84e5a69f","118.358654","remaining","","Cannabis Dispensaries","Shopping","","","","","","{""status"":""pending"",""approved"":null,""alias"":-118.358654,""slug"":null,""isComplete"":false,""completenessScore"":56,""qualityScore"":null,""isTest"":null,""auditTag"":null,""business_name"":""118.358654"",""address"":""10442 W Magnolia Blvd Los Angeles, CA 91601"",""city"":"""",""state"":""CA""}","unchanged","false","status_not_public|missing_alias_or_slug|incomplete_listing"
"67c9ead1818d604b84e5a69e","118.3349413","remaining","","Video/Film Production","Services","","","","","","{""status"":""pending"",""approved"":null,""alias"":-118.3349413,""slug"":null,""isComplete"":false,""completenessScore"":56,""qualityScore"":null,""isTest"":null,""auditTag"":null,""business_name"":""118.3349413"",""address"":""4108 Crenshaw Blvd Los Angeles, CA 90008"",""city"":"""",""state"":""CA""}","unchanged","false","status_not_public|missing_alias_or_slug|incomplete_listing"
"67f73dec1d08a04e139a9dfb","","remaining","","Restaurants","Restaurants","","","","","","{""status"":""pending"",""approved"":null,""alias"":""handys-smoke-house-meats-and-delicacies-long-beach"",""slug"":null,""isComplete"":false,""completenessScore"":44,""qualityScore"":null,""isTest"":null,""auditTag"":null,""business_name"":"""",""address"":""4149 Long Beach Blvd Long Beach, CA 90807"",""city"":"""",""state"":""CA""}","unchanged","false","status_not_public|incomplete_listing"
"67c9ead1818d604b84e5a6a6","118.3403506","remaining","","Paint & Sip","Gym, Fitness Health and Wellness","","","","","","{""status"":""pending"",""approved"":null,""alias"":-118.3403506,""slug"":null,""isComplete"":false,""completenessScore"":56,""qualityScore"":null,""isTest"":null,""auditTag"":null,""business_name"":""118.3403506"",""address"":""Los Angeles, CA 90019"",""city"":"""",""state"":""CA""}","unchanged","false","status_not_public|missing_alias_or_slug|incomplete_listing"
"67f73dec1d08a04e139a9ddc","","remaining","","Restaurants","Restaurants","","","","","","{""status"":""pending"",""approved"":null,""alias"":""yangmani-los-angeles-2"",""slug"":null,""isComplete"":false,""completenessScore"":44,""qualityScore"":null,""isTest"":null,""auditTag"":null,""business_name"":"""",""address"":""2561 W Olympic Blvd Los Angeles, CA 90006"",""city"":"""",""state"":""CA""}","unchanged","false","status_not_public|incomplete_listing"
"67c9ead1818d604b84e5a6a9","118.39741","remaining","","Event Photography","Services","","","","","","{""status"":""pending"",""approved"":null,""alias"":-118.39741,""slug"":null,""isComplete"":false,""completenessScore"":56,""qualityScore"":null,""isTest"":null,""auditTag"":null,""business_name"":""118.39741"",""address"":""Los Angeles, CA 90210"",""city"":"""",""state"":""CA""}","unchanged","false","status_not_public|missing_alias_or_slug|incomplete_listing"
"67c9ead1818d604b84e5a6ac","118.3141861","remaining","","Handyman","Services","","","","","","{""status"":""pending"",""approved"":null,""alias"":-118.3141861,""slug"":null,""isComplete"":false,""completenessScore"":56,""qualityScore"":null,""isTest"":null,""auditTag"":null,""business_name"":""118.3141861"",""address"":""Los Angeles, CA 91040"",""city"":"""",""state"":""CA""}","unchanged","false","status_not_public|missing_alias_or_slug|incomplete_listing"
"67f73dec1d08a04e139a9df5","","remaining","","Gym, Fitness Health and Wellness","Gym, Fitness Health and Wellness","","","","","","{""status"":""pending"",""approved"":null,""alias"":""gloveworx-los-angeles"",""slug"":null,""isComplete"":false,""completenessScore"":56,""qualityScore"":null,""isTest"":null,""auditTag"":null,""business_name"":"""",""address"":""10250 Santa Monica Blvd Los Angeles, CA 90067"",""city"":"""",""state"":""CA""}","unchanged","false","status_not_public|incomplete_listing"
"67c9ead1818d604b84e5a6ab","118.450058","remaining","","Photo Booth Rentals","Services","","","","","","{""status"":""pending"",""approved"":null,""alias"":-118.450058,""slug"":null,""isComplete"":false,""completenessScore"":56,""qualityScore"":null,""isTest"":null,""auditTag"":null,""business_name"":""118.450058"",""address"":""Los Angeles, CA 90025"",""city"":"""",""state"":""CA""}","unchanged","false","status_not_public|missing_alias_or_slug|incomplete_listing"
"67f73dec1d08a04e139a9e11","","remaining","","Restaurants","Restaurants","","","","","","{""status"":""pending"",""approved"":null,""alias"":""jamz-creamery-inglewood"",""slug"":null,""isComplete"":false,""completenessScore"":44,""qualityScore"":null,""isTest"":null,""auditTag"":null,""business_name"":"""",""address"":""231 E Manchester Blvd Inglewood, CA 90301"",""city"":"""",""state"":""CA""}","unchanged","false","status_not_public|incomplete_listing"
"67f73dec1d08a04e139a9e27","","remaining","","Restaurants","Restaurants","","","","","","{""status"":""pending"",""approved"":null,""alias"":""kens-ice-cream-parlor-carson"",""slug"":null,""isComplete"":false,""completenessScore"":44,""qualityScore"":null,""isTest"":null,""auditTag"":null,""business_name"":"""",""address"":""18511 S Avalon Blvd Carson, CA 90746"",""city"":"""",""state"":""CA""}","unchanged","false","status_not_public|incomplete_listing"
"67f73dec1d08a04e139a9d8a","","remaining","","Restaurants","Restaurants","","","","","","{""status"":""pending"",""approved"":null,""alias"":""brandoni-pepperoni-west-hollywood"",""slug"":null,""isComplete"":false,""completenessScore"":56,""qualityScore"":null,""isTest"":null,""auditTag"":null,""business_name"":"""",""address"":""7100 Santa Monica Blvd West Hollywood, CA 90046"",""city"":"""",""state"":""CA""}","unchanged","false","status_not_public|incomplete_listing"
"67f73dec1d08a04e139a9dc1","","remaining","","Restaurants","Restaurants","","","","","","{""status"":""pending"",""approved"":null,""alias"":""cravin-crab-cakes-pasadena"",""slug"":null,""isComplete"":false,""completenessScore"":44,""qualityScore"":null,""isTest"":null,""auditTag"":null,""business_name"":"""",""address"":""Pasadena, CA"",""city"":"""",""state"":""CA""}","unchanged","false","status_not_public|incomplete_listing"
"67c9ead1818d604b84e5a6ad","118.26136","remaining","","Roofing","Services","","","","","","{""status"":""pending"",""approved"":null,""alias"":-118.26136,""slug"":null,""isComplete"":false,""completenessScore"":56,""qualityScore"":null,""isTest"":null,""auditTag"":null,""business_name"":""118.26136"",""address"":""Los Angeles, CA 90015"",""city"":"""",""state"":""CA""}","unchanged","false","status_not_public|missing_alias_or_slug|incomplete_listing"
"67c9ead1818d604b84e5a6b1","118.2936935","remaining","","Bartenders","Nightlife","","","","","","{""status"":""pending"",""approved"":null,""alias"":-118.2936935,""slug"":null,""isComplete"":false,""completenessScore"":56,""qualityScore"":null,""isTest"":null,""auditTag"":null,""business_name"":""118.2936935"",""address"":""Los Angeles, CA 90006"",""city"":"""",""state"":""CA""}","unchanged","false","status_not_public|missing_alias_or_slug|incomplete_listing"
"67f73dec1d08a04e139a9e48","","remaining","","Shopping","Shopping","","","","","","{""status"":""pending"",""approved"":null,""alias"":null,""slug"":null,""isComplete"":false,""completenessScore"":22,""qualityScore"":null,""isTest"":null,""auditTag"":null,""business_name"":"""",""address"":"""",""city"":"""",""state"":""""}","unchanged","false","status_not_public|missing_alias_or_slug|incomplete_listing"
"67c9ead1818d604b84e5a6b0","118.33043","remaining","","Tax Services","Services","","","","","","{""status"":""pending"",""approved"":null,""alias"":-118.33043,""slug"":null,""isComplete"":false,""completenessScore"":56,""qualityScore"":null,""isTest"":null,""auditTag"":null,""business_name"":""118.33043"",""address"":""4714 Crenshaw Blvd Los Angeles, CA 90043"",""city"":"""",""state"":""CA""}","unchanged","false","status_not_public|missing_alias_or_slug|incomplete_listing"
"67f73dec1d08a04e139a9e59","","remaining","","Restaurants","Restaurants","","","","","","{""status"":""pending"",""approved"":null,""alias"":null,""slug"":null,""isComplete"":false,""completenessScore"":44,""qualityScore"":null,""isTest"":null,""auditTag"":null,""business_name"":"""",""address"":""2640 Main St, Santa Monica, CA 90404"",""city"":"""",""state"":""CA""}","unchanged","false","status_not_public|missing_alias_or_slug|incomplete_listing"
"67f73dec1d08a04e139a9e38","","remaining","","Restaurants","Restaurants","","","","","","{""status"":""pending"",""approved"":null,""alias"":""lee-esthers-creole-and-cajun-cooking-palmdale"",""slug"":null,""isComplete"":false,""completenessScore"":44,""qualityScore"":null,""isTest"":null,""auditTag"":null,""business_name"":"""",""address"":""830 1/2 E Ave Q6 Palmdale, CA 93550"",""city"":"""",""state"":""CA""}","unchanged","false","status_not_public|incomplete_listing"
"67c9ead1818d604b84e5a6b9","118.253151","remaining","","Tires","Shopping","","","","","","{""status"":""pending"",""approved"":null,""alias"":-118.253151,""slug"":null,""isComplete"":false,""completenessScore"":56,""qualityScore"":null,""isTest"":null,""auditTag"":null,""business_name"":""118.253151"",""address"":""2201 S Central Ave Los Angeles, CA 90011"",""city"":"""",""state"":""CA""}","unchanged","false","status_not_public|missing_alias_or_slug|incomplete_listing"
"67c9ead1818d604b84e5a6b2","118.2672801","remaining","","Party & Event Planning","Services","","","","","","{""status"":""pending"",""approved"":null,""alias"":-118.2672801,""slug"":null,""isComplete"":false,""completenessScore"":56,""qualityScore"":null,""isTest"":null,""auditTag"":null,""business_name"":""118.2672801"",""address"":""Los Angeles, CA 90015"",""city"":"""",""state"":""CA""}","unchanged","false","status_not_public|missing_alias_or_slug|incomplete_listing"
"67c9ead1818d604b84e5a6b8","118.26095","remaining","","Home Cleaning","Services","","","","","","{""status"":""pending"",""approved"":null,""alias"":-118.26095,""slug"":null,""isComplete"":false,""completenessScore"":56,""qualityScore"":null,""isTest"":null,""auditTag"":null,""business_name"":""118.26095"",""address"":""Los Angeles, CA 90015"",""city"":"""",""state"":""CA""}","unchanged","false","status_not_public|missing_alias_or_slug|incomplete_listing"
"67c9ead1818d604b84e5a6b4","118.3227","remaining","","Auto Detailing","Services","","","","","","{""status"":""pending"",""approved"":null,""alias"":-118.3227,""slug"":null,""isComplete"":false,""completenessScore"":56,""qualityScore"":null,""isTest"":null,""auditTag"":null,""business_name"":""118.3227"",""address"":""4120 W Olympic Blvd Los Angeles, CA 90019"",""city"":"""",""state"":""CA""}","unchanged","false","status_not_public|missing_alias_or_slug|incomplete_listing"
"67c9ead1818d604b84e5a6b5","118.24631","remaining","","Community Service/Non-Profit","Services","","","","","","{""status"":""pending"",""approved"":null,""alias"":-118.24631,""slug"":null,""isComplete"":false,""completenessScore"":56,""qualityScore"":null,""isTest"":null,""auditTag"":null,""business_name"":""118.24631"",""address"":""620 E 7th St Los Angeles, CA 90021"",""city"":"""",""state"":""CA""}","unchanged","false","status_not_public|missing_alias_or_slug|incomplete_listing"
"67c9ead1818d604b84e5a6c1","118.2713394","remaining","","Pet Groomers","Services","","","","","","{""status"":""pending"",""approved"":null,""alias"":-118.2713394,""slug"":null,""isComplete"":false,""completenessScore"":56,""qualityScore"":null,""isTest"":null,""auditTag"":null,""business_name"":""118.2713394"",""address"":""Los Angeles, CA 90061"",""city"":"""",""state"":""CA""}","unchanged","false","status_not_public|missing_alias_or_slug|incomplete_listing"
"67c9ead1818d604b84e5a6bd","118.33612","remaining","","Home Inspectors","Services","","","","","","{""status"":""pending"",""approved"":null,""alias"":-118.33612,""slug"":null,""isComplete"":false,""completenessScore"":56,""qualityScore"":null,""isTest"":null,""auditTag"":null,""business_name"":""118.33612"",""address"":""Los Angeles, CA 90043"",""city"":"""",""state"":""CA""}","unchanged","false","status_not_public|missing_alias_or_slug|incomplete_listing"
"67c9ead1818d604b84e5a6c2","118.298503","remaining","","Criminal Defense Law","Services","","","","","","{""status"":""pending"",""approved"":null,""alias"":-118.298503,""slug"":null,""isComplete"":false,""completenessScore"":56,""qualityScore"":null,""isTest"":null,""auditTag"":null,""business_name"":""118.298503"",""address"":""3435 Wilshire Blvd. STE 1195 Los Angeles, CA 90010"",""city"":"""",""state"":""CA""}","unchanged","false","status_not_public|missing_alias_or_slug|incomplete_listing"
"67f73dec1d08a04e139a9e37","","remaining","","Restaurants","Restaurants","","","","","","{""status"":""pending"",""approved"":null,""alias"":""lêberry-bakery-and-donut-pasadena-2"",""slug"":null,""isComplete"":false,""completenessScore"":44,""qualityScore"":null,""isTest"":null,""auditTag"":null,""business_name"":"""",""address"":""445 E Colorado Blvd Pasadena, CA 91101"",""city"":"""",""state"":""CA""}","unchanged","false","status_not_public|incomplete_listing"
"67c9ead1818d604b84e5a6b7","118.42902","remaining","","Trainers","Gym, Fitness Health and Wellness","","","","","","{""status"":""pending"",""approved"":null,""alias"":-118.42902,""slug"":null,""isComplete"":false,""completenessScore"":56,""qualityScore"":null,""isTest"":null,""auditTag"":null,""business_name"":""118.42902"",""address"":""13559 Ventura Blvd Los Angeles, CA 91423"",""city"":"""",""state"":""CA""}","unchanged","false","status_not_public|missing_alias_or_slug|incomplete_listing"
"67c9ead1818d604b84e5a6c0","118.3311","remaining","","Process Servers","Services","","","","","","{""status"":""pending"",""approved"":null,""alias"":-118.3311,""slug"":null,""isComplete"":false,""completenessScore"":56,""qualityScore"":null,""isTest"":null,""auditTag"":null,""business_name"":""118.3311"",""address"":""Los Angeles, CA 90078"",""city"":"""",""state"":""CA""}","unchanged","false","status_not_public|missing_alias_or_slug|incomplete_listing"
"67f73dec1d08a04e139a9e33","","remaining","","Restaurants","Restaurants","","","","","","{""status"":""pending"",""approved"":null,""alias"":""la-buns-downey"",""slug"":null,""isComplete"":false,""completenessScore"":56,""qualityScore"":null,""isTest"":null,""auditTag"":null,""business_name"":"""",""address"":""8237 2nd St Downey, CA 90241"",""city"":"""",""state"":""CA""}","unchanged","false","status_not_public|incomplete_listing"
"67c9ead1818d604b84e5a6b3","118.325451","remaining","","Body Contouring","Services","","","","","","{""status"":""pending"",""approved"":null,""alias"":-118.325451,""slug"":null,""isComplete"":false,""completenessScore"":56,""qualityScore"":null,""isTest"":null,""auditTag"":null,""business_name"":""118.325451"",""address"":""2917 W Vernon Ave Los Angeles, CA 90008"",""city"":"""",""state"":""CA""}","unchanged","false","status_not_public|missing_alias_or_slug|incomplete_listing"
"67f73dec1d08a04e139a9e5d","","remaining","","Services","Services","","","","","","{""status"":""pending"",""approved"":null,""alias"":null,""slug"":null,""isComplete"":false,""completenessScore"":33,""qualityScore"":null,""isTest"":null,""auditTag"":null,""business_name"":"""",""address"":"""",""city"":"""",""state"":""""}","unchanged","false","status_not_public|missing_alias_or_slug|incomplete_listing"
"67c9ead1818d604b84e5a6bb","118.26087","remaining","","Nanny Services","Services","","","","","","{""status"":""pending"",""approved"":null,""alias"":-118.26087,""slug"":null,""isComplete"":false,""completenessScore"":56,""qualityScore"":null,""isTest"":null,""auditTag"":null,""business_name"":""118.26087"",""address"":""2680 Locksley Pl Los Angeles, CA 90039"",""city"":"""",""state"":""CA""}","unchanged","false","status_not_public|missing_alias_or_slug|incomplete_listing"
"67f73dec1d08a04e139a9e42","","remaining","","Restaurants","Restaurants","","","","","","{""status"":""pending"",""approved"":null,""alias"":""little-belize-restaurant-inglewood-2"",""slug"":null,""isComplete"":false,""completenessScore"":44,""qualityScore"":null,""isTest"":null,""auditTag"":null,""business_name"":"""",""address"":""217 E Nutwood St Inglewood, CA 90301"",""city"":"""",""state"":""CA""}","unchanged","false","status_not_public|incomplete_listing"
"67c9ead1818d604b84e5a6be","118.378228","remaining","","Cosmetic Dentists","Services","","","","","","{""status"":""pending"",""approved"":null,""alias"":-118.378228,""slug"":null,""isComplete"":false,""completenessScore"":56,""qualityScore"":null,""isTest"":null,""auditTag"":null,""business_name"":""118.378228"",""address"":""5593 W Manchester Ave inside Mukha Beauty Los Angeles, CA 90045"",""city"":"""",""state"":""CA""}","unchanged","false","status_not_public|missing_alias_or_slug|incomplete_listing"
"67f73dec1d08a04e139a9e39","","remaining","","Restaurants","Restaurants","","","","","","{""status"":""pending"",""approved"":null,""alias"":""lees-caribbean-restaurant-inglewood"",""slug"":null,""isComplete"":false,""completenessScore"":44,""qualityScore"":null,""isTest"":null,""auditTag"":null,""business_name"":"""",""address"":""1041 S Prairie Ave Inglewood, CA 90301"",""city"":"""",""state"":""CA""}","unchanged","false","status_not_public|incomplete_listing"
"67f73dec1d08a04e139a9e41","","remaining","","Nightlife","Nightlife","","","","","","{""status"":""pending"",""approved"":null,""alias"":""lavender-blue-inglewood"",""slug"":null,""isComplete"":false,""completenessScore"":44,""qualityScore"":null,""isTest"":null,""auditTag"":null,""business_name"":"""",""address"":""3310 W Manchester Blvd Inglewood, CA 90305"",""city"":"""",""state"":""CA""}","unchanged","false","status_not_public|incomplete_listing"
"67f73dec1d08a04e139a9e46","","remaining","","Restaurants","Restaurants","","","","","","{""status"":""pending"",""approved"":null,""alias"":""lees-market-los-angeles-2"",""slug"":null,""isComplete"":false,""completenessScore"":44,""qualityScore"":null,""isTest"":null,""auditTag"":null,""business_name"":"""",""address"":""1908 E 110th St Los Angeles, CA 90059"",""city"":"""",""state"":""CA""}","unchanged","false","status_not_public|incomplete_listing"
"67f73dec1d08a04e139a9e47","","remaining","","Restaurants","Restaurants","","","","","","{""status"":""pending"",""approved"":null,""alias"":""lou-the-french-on-the-block-burbank-2"",""slug"":null,""isComplete"":false,""completenessScore"":44,""qualityScore"":null,""isTest"":null,""auditTag"":null,""business_name"":"""",""address"":""4007 W Riverside Dr Ste A Burbank, CA 91505"",""city"":"""",""state"":""CA""}","unchanged","false","status_not_public|incomplete_listing"
"67f73dec1d08a04e139a9e3d","","remaining","","Restaurants","Restaurants","","","","","","{""status"":""pending"",""approved"":null,""alias"":""lettuce-feast-los-angeles-2"",""slug"":null,""isComplete"":false,""completenessScore"":44,""qualityScore"":null,""isTest"":null,""auditTag"":null,""business_name"":"""",""address"":""Los Angeles, CA 90001"",""city"":"""",""state"":""CA""}","unchanged","false","status_not_public|incomplete_listing"
"67f73dec1d08a04e139a9e54","","remaining","","Shopping","Shopping","","","","","","{""status"":""pending"",""approved"":null,""alias"":null,""slug"":null,""isComplete"":false,""completenessScore"":22,""qualityScore"":null,""isTest"":null,""auditTag"":null,""business_name"":"""",""address"":"""",""city"":"""",""state"":""""}","unchanged","false","status_not_public|missing_alias_or_slug|incomplete_listing"
"67f73dec1d08a04e139a9e35","","remaining","","Services","Services","","","","","","{""status"":""pending"",""approved"":null,""alias"":null,""slug"":null,""isComplete"":false,""completenessScore"":56,""qualityScore"":null,""isTest"":null,""auditTag"":null,""business_name"":"""",""address"":""11765 Iowa Ave Los Angeles, CA 90025"",""city"":"""",""state"":""CA""}","unchanged","false","status_not_public|missing_alias_or_slug|incomplete_listing"
"67f73dec1d08a04e139a9e36","","remaining","","Shopping","Shopping","","","","","","{""status"":""pending"",""approved"":null,""alias"":null,""slug"":null,""isComplete"":false,""completenessScore"":44,""qualityScore"":null,""isTest"":null,""auditTag"":null,""business_name"":"""",""address"":""7952 West 3rd Street, Los Angeles, California 90048"",""city"":"""",""state"":""CALIFORNIA""}","unchanged","false","status_not_public|missing_alias_or_slug|incomplete_listing"
"67f73dec1d08a04e139a9e43","","remaining","","Restaurants","Restaurants","","","","","","{""status"":""pending"",""approved"":null,""alias"":""little-kingston-jamaican-restaurant-los-angeles"",""slug"":null,""isComplete"":false,""completenessScore"":44,""qualityScore"":null,""isTest"":null,""auditTag"":null,""business_name"":"""",""address"":""4716 W Slauson Ave Los Angeles, CA 90056"",""city"":"""",""state"":""CA""}","unchanged","false","status_not_public|incomplete_listing"
"67f73dec1d08a04e139a9e55","","remaining","","Shopping","Shopping","","","","","","{""status"":""pending"",""approved"":null,""alias"":null,""slug"":null,""isComplete"":false,""completenessScore"":22,""qualityScore"":null,""isTest"":null,""auditTag"":null,""business_name"":"""",""address"":"""",""city"":"""",""state"":""""}","unchanged","false","status_not_public|missing_alias_or_slug|incomplete_listing"
"67f73dec1d08a04e139a9e44","","remaining","","Restaurants","Restaurants","","","","","","{""status"":""pending"",""approved"":null,""alias"":""the-little-red-hen-coffee-shop-altadena"",""slug"":null,""isComplete"":false,""completenessScore"":44,""qualityScore"":null,""isTest"":null,""auditTag"":null,""business_name"":"""",""address"":""2697 Fair Oaks Ave Altadena, CA 91001"",""city"":"""",""state"":""CA""}","unchanged","false","status_not_public|incomplete_listing"
"67f73dec1d08a04e139a9e40","","remaining","","Restaurants","Restaurants","","","","","","{""status"":""pending"",""approved"":null,""alias"":""little-amsterdam-coffee-shop-los-angeles"",""slug"":null,""isComplete"":false,""completenessScore"":44,""qualityScore"":null,""isTest"":null,""auditTag"":null,""business_name"":"""",""address"":""1412 S Redondo Blvd Los Angeles, CA 90019"",""city"":"""",""state"":""CA""}","unchanged","false","status_not_public|incomplete_listing"
"67f73dec1d08a04e139a9e3c","","remaining","","Restaurants","Restaurants","","","","","","{""status"":""pending"",""approved"":null,""alias"":""ladie-kakes-long-beach-2"",""slug"":null,""isComplete"":false,""completenessScore"":44,""qualityScore"":null,""isTest"":null,""auditTag"":null,""business_name"":"""",""address"":""Long Beach, CA 90802"",""city"":"""",""state"":""CA""}","unchanged","false","status_not_public|incomplete_listing"
"67f73dec1d08a04e139a9e52","","remaining","","Shopping","Shopping","","","","","","{""status"":""pending"",""approved"":null,""alias"":""malik-books-los-angeles"",""slug"":null,""isComplete"":false,""completenessScore"":56,""qualityScore"":null,""isTest"":null,""auditTag"":null,""business_name"":"""",""address"":""3650 W Martin Luther King Jr Blvd Ste 245 Los Angeles, CA 90008"",""city"":"""",""state"":""CA""}","unchanged","false","status_not_public|incomplete_listing"
"67c9ead1818d604b84e5a6c9","118.5733337","remaining","","Security Services","Services","","","","","","{""status"":""pending"",""approved"":null,""alias"":-118.5733337,""slug"":null,""isComplete"":false,""completenessScore"":56,""qualityScore"":null,""isTest"":null,""auditTag"":null,""business_name"":""118.5733337"",""address"":""Los Angeles, CA 91306"",""city"":"""",""state"":""CA""}","unchanged","false","status_not_public|missing_alias_or_slug|incomplete_listing"
"67f73dec1d08a04e139a9e4e","","remaining","","Restaurants","Restaurants","","","","","","{""status"":""pending"",""approved"":null,""alias"":""l-a-grind-coffee-and-tea-bar-los-angeles-2"",""slug"":null,""isComplete"":false,""completenessScore"":44,""qualityScore"":null,""isTest"":null,""auditTag"":null,""business_name"":"""",""address"":""Los Angeles, CA 90011"",""city"":"""",""state"":""CA""}","unchanged","false","status_not_public|incomplete_listing"
"67c9ead1818d604b84e5a6e2","118.24968","remaining","","Mortgage Brokers","Services","","","","","","{""status"":""pending"",""approved"":null,""alias"":-118.24968,""slug"":null,""isComplete"":false,""completenessScore"":56,""qualityScore"":null,""isTest"":null,""auditTag"":null,""business_name"":""118.24968"",""address"":""Los Angeles, CA 90001"",""city"":"""",""state"":""CA""}","unchanged","false","status_not_public|missing_alias_or_slug|incomplete_listing"
"67c9ead1818d604b84e5a6d8","118.3531311","remaining","","Web Design","Services","","","","","","{""status"":""pending"",""approved"":null,""alias"":-118.3531311,""slug"":null,""isComplete"":false,""completenessScore"":56,""qualityScore"":null,""isTest"":null,""auditTag"":null,""business_name"":""118.3531311"",""address"":""Los Angeles, CA 90056"",""city"":"""",""state"":""CA""}","unchanged","false","status_not_public|missing_alias_or_slug|incomplete_listing"
"67f73dec1d08a04e139a9e3b","","remaining","","Shopping","Shopping","","","","","","{""status"":""pending"",""approved"":null,""alias"":null,""slug"":null,""isComplete"":false,""completenessScore"":22,""qualityScore"":null,""isTest"":null,""auditTag"":null,""business_name"":"""",""address"":"""",""city"":"""",""state"":""""}","unchanged","false","status_not_public|missing_alias_or_slug|incomplete_listing"
"67c9ead1818d604b84e5a6c4","118.2427384","remaining","","Home Organization","Services","","","","","","{""status"":""pending"",""approved"":null,""alias"":-118.2427384,""slug"":null,""isComplete"":false,""completenessScore"":56,""qualityScore"":null,""isTest"":null,""auditTag"":null,""business_name"":""118.2427384"",""address"":""Los Angeles, CA 90016"",""city"":"""",""state"":""CA""}","unchanged","false","status_not_public|missing_alias_or_slug|incomplete_listing"
"67c9ead1818d604b84e5a6d7","118.2498932","remaining","","First Aid Classes","Services","","","","","","{""status"":""pending"",""approved"":null,""alias"":-118.2498932,""slug"":null,""isComplete"":false,""completenessScore"":56,""qualityScore"":null,""isTest"":null,""auditTag"":null,""business_name"":""118.2498932"",""address"":""Los Angeles, CA 90001"",""city"":"""",""state"":""CA""}","unchanged","false","status_not_public|missing_alias_or_slug|incomplete_listing"
"67f73dec1d08a04e139a9e4a","","remaining","","Restaurants","Restaurants","","","","","","{""status"":""pending"",""approved"":null,""alias"":""louisiana-charlies-long-beach"",""slug"":null,""isComplete"":false,""completenessScore"":44,""qualityScore"":null,""isTest"":null,""auditTag"":null,""business_name"":"""",""address"":""429 Shoreline Village Dr Long Beach, CA 90802"",""city"":"""",""state"":""CA""}","unchanged","false","status_not_public|incomplete_listing"
"67c9ead1818d604b84e5a6e5","118.5008219","remaining","","Home Health Care","Services","","","","","","{""status"":""pending"",""approved"":null,""alias"":-118.5008219,""slug"":null,""isComplete"":false,""completenessScore"":56,""qualityScore"":null,""isTest"":null,""auditTag"":null,""business_name"":""118.5008219"",""address"":""16861 Ventura Blvd Ste 309 Los Angeles, CA 91436"",""city"":"""",""state"":""CA""}","unchanged","false","status_not_public|missing_alias_or_slug|incomplete_listing"
"67f73dec1d08a04e139a9e4f","","remaining","","Restaurants","Restaurants","","","","","","{""status"":""pending"",""approved"":null,""alias"":""mdears-bakery-and-bistro-los-angeles"",""slug"":null,""isComplete"":false,""completenessScore"":44,""qualityScore"":null,""isTest"":null,""auditTag"":null,""business_name"":"""",""address"":""7717 S Western Ave Los Angeles, CA 90047"",""city"":"""",""state"":""CA""}","unchanged","false","status_not_public|incomplete_listing"
"67c9ead1818d604b84e5a6cb","118.3443066","remaining","","Home & Rental Insurance","Services","","","","","","{""status"":""pending"",""approved"":null,""alias"":-118.3443066,""slug"":null,""isComplete"":false,""completenessScore"":56,""qualityScore"":null,""isTest"":null,""auditTag"":null,""business_name"":""118.3443066"",""address"":""1247 S La Brea Ave Los Angeles, CA 90019"",""city"":"""",""state"":""CA""}","unchanged","false","status_not_public|missing_alias_or_slug|incomplete_listing"
"67c9ead1818d604b84e5a6d9","118.41841","remaining","","Printing Services","Services","","","","","","{""status"":""pending"",""approved"":null,""alias"":-118.41841,""slug"":null,""isComplete"":false,""completenessScore"":56,""qualityScore"":null,""isTest"":null,""auditTag"":null,""business_name"":""118.41841"",""address"":""3909 1/2 Sawtelle Blvd Los Angeles, CA 90066"",""city"":"""",""state"":""CA""}","unchanged","false","status_not_public|missing_alias_or_slug|incomplete_listing"
"67c9ead1818d604b84e5a6e1","118.325739","remaining","","Office Cleaning","Services","","","","","","{""status"":""pending"",""approved"":null,""alias"":-118.325739,""slug"":null,""isComplete"":false,""completenessScore"":56,""qualityScore"":null,""isTest"":null,""auditTag"":null,""business_name"":""118.325739"",""address"":""Los Angeles, CA 90028"",""city"":"""",""state"":""CA""}","unchanged","false","status_not_public|missing_alias_or_slug|incomplete_listing"
"67f73dec1d08a04e139a9e58","","remaining","","Gym, Fitness Health and Wellness","Gym, Fitness Health and Wellness","","","","","","{""status"":""pending"",""approved"":null,""alias"":null,""slug"":null,""isComplete"":false,""completenessScore"":33,""qualityScore"":null,""isTest"":null,""auditTag"":null,""business_name"":"""",""address"":"""",""city"":"""",""state"":""""}","unchanged","false","status_not_public|missing_alias_or_slug|incomplete_listing"
"67c9ead1818d604b84e5a6df","118.34984","remaining","","Keys & Locksmiths","Services","","","","","","{""status"":""pending"",""approved"":null,""alias"":-118.34984,""slug"":null,""isComplete"":false,""completenessScore"":56,""qualityScore"":null,""isTest"":null,""auditTag"":null,""business_name"":""118.34984"",""address"":""Los Angeles, CA 90036"",""city"":"""",""state"":""CA""}","unchanged","false","status_not_public|missing_alias_or_slug|incomplete_listing"
"67c9ead1818d604b84e5a6e4","118.2436849","remaining","","Solar Panel Cleaning","Services","","","","","","{""status"":""pending"",""approved"":null,""alias"":-118.2436849,""slug"":null,""isComplete"":false,""completenessScore"":56,""qualityScore"":null,""isTest"":null,""auditTag"":null,""business_name"":""118.2436849"",""address"":""Los Angeles, CA 90044"",""city"":"""",""state"":""CA""}","unchanged","false","status_not_public|missing_alias_or_slug|incomplete_listing"
"67f73dec1d08a04e139a9e32","","remaining","","Gym, Fitness Health and Wellness","Gym, Fitness Health and Wellness","","","","","","{""status"":""pending"",""approved"":null,""alias"":null,""slug"":null,""isComplete"":false,""completenessScore"":44,""qualityScore"":null,""isTest"":null,""auditTag"":null,""business_name"":"""",""address"":""1710 N McCadden Pl, Los Angeles, CA 90028"",""city"":"""",""state"":""CA""}","unchanged","false","status_not_public|missing_alias_or_slug|incomplete_listing"
"67f73dec1d08a04e139a9e34","","remaining","","Services","Services","","","","","","{""status"":""pending"",""approved"":null,""alias"":null,""slug"":null,""isComplete"":false,""completenessScore"":22,""qualityScore"":null,""isTest"":null,""auditTag"":null,""business_name"":"""",""address"":"""",""city"":"""",""state"":""""}","unchanged","false","status_not_public|missing_alias_or_slug|incomplete_listing"
"67c9ead1818d604b84e5a6d3","118.32113","remaining","","Tobacco Shops","Shopping","","","","","","{""status"":""pending"",""approved"":null,""alias"":-118.32113,""slug"":null,""isComplete"":false,""completenessScore"":56,""qualityScore"":null,""isTest"":null,""auditTag"":null,""business_name"":""118.32113"",""address"":""2527 W Slauson Ave Los Angeles, CA 90043"",""city"":"""",""state"":""CA""}","unchanged","false","status_not_public|missing_alias_or_slug|incomplete_listing"
"67c9ead1818d604b84e5a6d4","118.369042","remaining","","Psychics","Services","","","","","","{""status"":""pending"",""approved"":null,""alias"":-118.369042,""slug"":null,""isComplete"":false,""completenessScore"":56,""qualityScore"":null,""isTest"":null,""auditTag"":null,""business_name"":""118.369042"",""address"":""1810 South Fairfax Los Angeles, CA 90019"",""city"":"""",""state"":""CA""}","unchanged","false","status_not_public|missing_alias_or_slug|incomplete_listing"
"67c9ead1818d604b84e5a6c6","118.34984","remaining","","Marketing","Services","","","","","","{""status"":""pending"",""approved"":null,""alias"":-118.34984,""slug"":null,""isComplete"":false,""completenessScore"":56,""qualityScore"":null,""isTest"":null,""auditTag"":null,""business_name"":""118.34984"",""address"":""Los Angeles, CA 90036"",""city"":"""",""state"":""CA""}","unchanged","false","status_not_public|missing_alias_or_slug|incomplete_listing"
"67c9ead1818d604b84e5a6cc","118.3520389","remaining","","Caterers","Restaurants","","","","","","{""status"":""pending"",""approved"":null,""alias"":-118.3520389,""slug"":null,""isComplete"":false,""completenessScore"":56,""qualityScore"":null,""isTest"":null,""auditTag"":null,""business_name"":""118.3520389"",""address"":""Los Angeles, CA 90016"",""city"":"""",""state"":""CA""}","unchanged","false","status_not_public|missing_alias_or_slug|incomplete_listing"
"67c9ead1818d604b84e5a6d5","118.25023","remaining","","Music Production Services","Services","","","","","","{""status"":""pending"",""approved"":null,""alias"":-118.25023,""slug"":null,""isComplete"":false,""completenessScore"":56,""qualityScore"":null,""isTest"":null,""auditTag"":null,""business_name"":""118.25023"",""address"":""215 W 5th St Ste 304 Los Angeles, CA 90013"",""city"":"""",""state"":""CA""}","unchanged","false","status_not_public|missing_alias_or_slug|incomplete_listing"
"67c9ead1818d604b84e5a6c5","118.3549423","remaining","","Plumbing","Services","","","","","","{""status"":""pending"",""approved"":null,""alias"":-118.3549423,""slug"":null,""isComplete"":false,""completenessScore"":56,""qualityScore"":null,""isTest"":null,""auditTag"":null,""business_name"":""118.3549423"",""address"":""Los Angeles, CA 90016"",""city"":"""",""state"":""CA""}","unchanged","false","status_not_public|missing_alias_or_slug|incomplete_listing"
"67c9ead1818d604b84e5a6d1","118.34872","remaining","","Personal Injury Law","Services","","","","","","{""status"":""pending"",""approved"":null,""alias"":-118.34872,""slug"":null,""isComplete"":false,""completenessScore"":56,""qualityScore"":null,""isTest"":null,""auditTag"":null,""business_name"":""118.34872"",""address"":""Los Angeles, CA 90008"",""city"":"""",""state"":""CA""}","unchanged","false","status_not_public|missing_alias_or_slug|incomplete_listing"
"67c9ead1818d604b84e5a6d0","118.2447052","remaining","","Reiki","Gym, Fitness Health and Wellness","","","","","","{""status"":""pending"",""approved"":null,""alias"":-118.2447052,""slug"":null,""isComplete"":false,""completenessScore"":56,""qualityScore"":null,""isTest"":null,""auditTag"":null,""business_name"":""118.2447052"",""address"":""Los Angeles, CA 90012"",""city"":"""",""state"":""CA""}","unchanged","false","status_not_public|missing_alias_or_slug|incomplete_listing"
"67c9ead1818d604b84e5a6dc","118.3103256","remaining","","Party Equipment Rentals","Services","","","","","","{""status"":""pending"",""approved"":null,""alias"":-118.3103256,""slug"":null,""isComplete"":false,""completenessScore"":56,""qualityScore"":null,""isTest"":null,""auditTag"":null,""business_name"":""118.3103256"",""address"":""Los Angeles, CA 90047"",""city"":"""",""state"":""CA""}","unchanged","false","status_not_public|missing_alias_or_slug|incomplete_listing"
"67c9ead1818d604b84e5a6dd","118.3092957","remaining","","Office Cleaning","Services","","","","","","{""status"":""pending"",""approved"":null,""alias"":-118.3092957,""slug"":null,""isComplete"":false,""completenessScore"":56,""qualityScore"":null,""isTest"":null,""auditTag"":null,""business_name"":""118.3092957"",""address"":""Los Angeles, CA 90047"",""city"":"""",""state"":""CA""}","unchanged","false","status_not_public|missing_alias_or_slug|incomplete_listing"
"67f73dec1d08a04e139a9e3e","","remaining","","Restaurants","Restaurants","","","","","","{""status"":""pending"",""approved"":null,""alias"":""les-sisters-southern-kitchen-and-bbq-chatsworth"",""slug"":null,""isComplete"":false,""completenessScore"":56,""qualityScore"":null,""isTest"":null,""auditTag"":null,""business_name"":"""",""address"":""21818 Devonshire St Chatsworth, CA 91311"",""city"":"""",""state"":""CA""}","unchanged","false","status_not_public|incomplete_listing"
"67c9ead1818d604b84e5a6da","118.2871628","remaining","","Party Equipment Rentals","Services","","","","","","{""status"":""pending"",""approved"":null,""alias"":-118.2871628,""slug"":null,""isComplete"":false,""completenessScore"":56,""qualityScore"":null,""isTest"":null,""auditTag"":null,""business_name"":""118.2871628"",""address"":""Los Angeles, CA 90037"",""city"":"""",""state"":""CA""}","unchanged","false","status_not_public|missing_alias_or_slug|incomplete_listing"
"67c9ead1818d604b84e5a6de","118.4045351","remaining","","Telecommunications","Services","","","","","","{""status"":""pending"",""approved"":null,""alias"":-118.4045351,""slug"":null,""isComplete"":false,""completenessScore"":56,""qualityScore"":null,""isTest"":null,""auditTag"":null,""business_name"":""118.4045351"",""address"":""10401 Venice Blvd Ste 200 Los Angeles, CA 90034"",""city"":"""",""state"":""CA""}","unchanged","false","status_not_public|missing_alias_or_slug|incomplete_listing"
"67c9ead1818d604b84e5a6e3","118.37146","remaining","","Carpet Cleaning","Services","","","","","","{""status"":""pending"",""approved"":null,""alias"":-118.37146,""slug"":null,""isComplete"":false,""completenessScore"":56,""qualityScore"":null,""isTest"":null,""auditTag"":null,""business_name"":""118.37146"",""address"":""North Hollywood Los Angeles, CA 91601"",""city"":"""",""state"":""CA""}","unchanged","false","status_not_public|missing_alias_or_slug|incomplete_listing"
"67f73dec1d08a04e139a9e3a","","remaining","","Shopping","Shopping","","","","","","{""status"":""pending"",""approved"":null,""alias"":null,""slug"":null,""isComplete"":false,""completenessScore"":22,""qualityScore"":null,""isTest"":null,""auditTag"":null,""business_name"":"""",""address"":"""",""city"":"""",""state"":""""}","unchanged","false","status_not_public|missing_alias_or_slug|incomplete_listing"
"67f73dec1d08a04e139a9e56","","remaining","","Shopping","Shopping","","","","","","{""status"":""pending"",""approved"":null,""alias"":null,""slug"":null,""isComplete"":false,""completenessScore"":22,""qualityScore"":null,""isTest"":null,""auditTag"":null,""business_name"":"""",""address"":"""",""city"":"""",""state"":""""}","unchanged","false","status_not_public|missing_alias_or_slug|incomplete_listing"
"67c9ead1818d604b84e5a6c7","118.344758","remaining","","Veterinarians","Services","","","","","","{""status"":""pending"",""approved"":null,""alias"":-118.344758,""slug"":null,""isComplete"":false,""completenessScore"":56,""qualityScore"":null,""isTest"":null,""auditTag"":null,""business_name"":""118.344758"",""address"":""7116 Melrose Ave Los Angeles, CA 90046"",""city"":"""",""state"":""CA""}","unchanged","false","status_not_public|missing_alias_or_slug|incomplete_listing"
"67cd071649aa0740efbe4d82","","remaining","","","","","","","","","{""status"":""pending"",""approved"":null,""alias"":null,""slug"":null,""isComplete"":false,""completenessScore"":0,""qualityScore"":null,""isTest"":null,""auditTag"":null,""business_name"":"""",""address"":"""",""city"":"""",""state"":""""}","unchanged","false","status_not_public|missing_alias_or_slug|incomplete_listing"
"67ea165aca2270d775407020","","remaining","","","","","","","","","{""status"":""pending"",""approved"":null,""alias"":null,""slug"":null,""isComplete"":false,""completenessScore"":11,""qualityScore"":null,""isTest"":null,""auditTag"":null,""business_name"":"""",""address"":"""",""city"":"""",""state"":""""}","unchanged","false","status_not_public|missing_alias_or_slug|incomplete_listing"
"67c9ead1818d604b84e5a6e9","118.3403506","remaining","","Trainers","Gym, Fitness Health and Wellness","","","","","","{""status"":""pending"",""approved"":null,""alias"":-118.3403506,""slug"":null,""isComplete"":false,""completenessScore"":56,""qualityScore"":null,""isTest"":null,""auditTag"":null,""business_name"":""118.3403506"",""address"":""Los Angeles, CA 90001"",""city"":"""",""state"":""CA""}","unchanged","false","status_not_public|missing_alias_or_slug|incomplete_listing"
"67cce1c17b5a33655257b4dc","","remaining","","","","","","","","","{""status"":""pending"",""approved"":null,""alias"":null,""slug"":null,""isComplete"":false,""completenessScore"":0,""qualityScore"":null,""isTest"":null,""auditTag"":null,""business_name"":"""",""address"":"""",""city"":"""",""state"":""""}","unchanged","false","status_not_public|missing_alias_or_slug|incomplete_listing"
"67c9ead1818d604b84e5a6e6","118.2874832","remaining","","Travel Services","Services","","","","","","{""status"":""pending"",""approved"":null,""alias"":-118.2874832,""slug"":null,""isComplete"":false,""completenessScore"":56,""qualityScore"":null,""isTest"":null,""auditTag"":null,""business_name"":""118.2874832"",""address"":""Los Angeles, CA 90037"",""city"":"""",""state"":""CA""}","unchanged","false","status_not_public|missing_alias_or_slug|incomplete_listing"
"67ccf4c1d1211bb1f18d84db","","remaining","","","","","","","","","{""status"":""pending"",""approved"":null,""alias"":null,""slug"":null,""isComplete"":false,""completenessScore"":0,""qualityScore"":null,""isTest"":null,""auditTag"":null,""business_name"":"""",""address"":"""",""city"":"""",""state"":""""}","unchanged","false","status_not_public|missing_alias_or_slug|incomplete_listing"
"67f4665acbef3d057fda9a41","","remaining","","","","","","","","","{""status"":""pending"",""approved"":null,""alias"":null,""slug"":null,""isComplete"":false,""completenessScore"":0,""qualityScore"":null,""isTest"":null,""auditTag"":null,""business_name"":"""",""address"":"""",""city"":"""",""state"":""""}","unchanged","false","status_not_public|missing_alias_or_slug|incomplete_listing"
"67c9ead1818d604b84e5a6e7","118.9468333","remaining","","Real Estate Agents","Services","","","","","","{""status"":""pending"",""approved"":null,""alias"":-118.9468333,""slug"":null,""isComplete"":false,""completenessScore"":56,""qualityScore"":null,""isTest"":null,""auditTag"":null,""business_name"":""118.9468333"",""address"":""8915 S Sepulveda Blvd Los Angeles, CA 90045"",""city"":"""",""state"":""CA""}","unchanged","false","status_not_public|missing_alias_or_slug|incomplete_listing"
"67c9ead1818d604b84e5a6e8","118.1780472","remaining","","Party Equipment Rentals","Services","","","","","","{""status"":""pending"",""approved"":null,""alias"":-118.1780472,""slug"":null,""isComplete"":false,""completenessScore"":56,""qualityScore"":null,""isTest"":null,""auditTag"":null,""business_name"":""118.1780472"",""address"":""Los Angeles, CA 90032"",""city"":"""",""state"":""CA""}","unchanged","false","status_not_public|missing_alias_or_slug|incomplete_listing"
"67c9ead1818d604b84e5a6ea","118.3893","remaining","","Home Inspectors","Services","","","","","","{""status"":""pending"",""approved"":null,""alias"":-118.3893,""slug"":null,""isComplete"":false,""completenessScore"":56,""qualityScore"":null,""isTest"":null,""auditTag"":null,""business_name"":""118.3893"",""address"":""Los Angeles, CA 90045"",""city"":"""",""state"":""CA""}","unchanged","false","status_not_public|missing_alias_or_slug|incomplete_listing"
"67f4a04d3cb0dea128e3b59a","","remaining","","","","","","","","","{""status"":""pending"",""approved"":null,""alias"":null,""slug"":null,""isComplete"":false,""completenessScore"":0,""qualityScore"":null,""isTest"":null,""auditTag"":null,""business_name"":"""",""address"":"""",""city"":"""",""state"":""""}","unchanged","false","status_not_public|missing_alias_or_slug|incomplete_listing"
"67f4a2f25826b5d0fcf2ecdd","","remaining","","","","","","","","","{""status"":""pending"",""approved"":null,""alias"":null,""slug"":null,""isComplete"":false,""completenessScore"":0,""qualityScore"":null,""isTest"":null,""auditTag"":null,""business_name"":"""",""address"":"""",""city"":"""",""state"":""""}","unchanged","false","status_not_public|missing_alias_or_slug|incomplete_listing"
"67f73dec1d08a04e139a9afc","bootypacks","remaining","","Shopping","Shopping","","","","","","{""status"":""pending"",""approved"":null,""alias"":null,""slug"":null,""isComplete"":false,""completenessScore"":44,""qualityScore"":null,""isTest"":null,""auditTag"":null,""business_name"":""bootypacks"",""address"":"""",""city"":"""",""state"":""""}","unchanged","false","status_not_public|missing_alias_or_slug|incomplete_listing"
"67f6de1dc661cd9314415d61","","remaining","","","","","","","","","{""status"":""pending"",""approved"":null,""alias"":null,""slug"":null,""isComplete"":false,""completenessScore"":0,""qualityScore"":null,""isTest"":null,""auditTag"":null,""business_name"":"""",""address"":"""",""city"":"""",""state"":""""}","unchanged","false","status_not_public|missing_alias_or_slug|incomplete_listing"
"67f73dec1d08a04e139a9b0b","brigette romanek","remaining","","Services","Services","","","","","","{""status"":""pending"",""approved"":null,""alias"":null,""slug"":null,""isComplete"":true,""completenessScore"":78,""qualityScore"":null,""isTest"":null,""auditTag"":null,""business_name"":""brigette romanek"",""address"":""1050 N Cahuenga Blvd, Los Angeles, CA 90038"",""city"":"""",""state"":""CA""}","unchanged","false","status_not_public|missing_alias_or_slug"
"67f73dec1d08a04e139a9b18","castle's catering","remaining","","Restaurants","Restaurants","","","","","","{""status"":""pending"",""approved"":null,""alias"":null,""slug"":null,""isComplete"":false,""completenessScore"":67,""qualityScore"":null,""isTest"":null,""auditTag"":null,""business_name"":""castle's catering"",""address"":""4287 Crenshaw Blvd Los Angeles, CA 90008"",""city"":"""",""state"":""CA""}","unchanged","false","status_not_public|missing_alias_or_slug|incomplete_listing"
"67f73dec1d08a04e139a9aae","CrownD Barber Lounge","remaining","","Barbershop","Beauty, Grooming and Personal Care","","","","","","{""status"":""pending"",""approved"":null,""alias"":null,""slug"":null,""isComplete"":true,""completenessScore"":78,""qualityScore"":null,""isTest"":null,""auditTag"":null,""business_name"":""CrownD Barber Lounge"",""address"":""13343 Hawthorne Blvd, Hawthorne, CA 90250"",""city"":"""",""state"":""CA""}","unchanged","false","status_not_public|missing_alias_or_slug"
"67f73dec1d08a04e139a9b0f","brownhaze","remaining","","Shopping","Shopping","","","","","","{""status"":""pending"",""approved"":null,""alias"":null,""slug"":null,""isComplete"":false,""completenessScore"":67,""qualityScore"":null,""isTest"":null,""auditTag"":null,""business_name"":""brownhaze"",""address"":""2524 10th Ave Los Angeles, CA 90018"",""city"":"""",""state"":""CA""}","unchanged","false","status_not_public|missing_alias_or_slug|incomplete_listing"
"67f73dec1d08a04e139a9b4b","eso won books","remaining","","Shopping","Shopping","","","","","","{""status"":""pending"",""approved"":null,""alias"":null,""slug"":null,""isComplete"":true,""completenessScore"":78,""qualityScore"":null,""isTest"":null,""auditTag"":null,""business_name"":""eso won books"",""address"":""4327 Degnan Blvd Los Angeles, CA 90008"",""city"":"""",""state"":""CA""}","unchanged","false","status_not_public|missing_alias_or_slug"
"67f73dec1d08a04e139a9b6b","green grotto juice bar","remaining","","Restaurants","Restaurants","","","","","","{""status"":""pending"",""approved"":null,""alias"":null,""slug"":null,""isComplete"":false,""completenessScore"":67,""qualityScore"":null,""isTest"":null,""auditTag"":null,""business_name"":""green grotto juice bar"",""address"":""541 S Spring St #133, Los Angeles, CA 90013"",""city"":"""",""state"":""CA""}","unchanged","false","status_not_public|missing_alias_or_slug|incomplete_listing"
"67f73dec1d08a04e139a9b77","hotville chicken","remaining","","Restaurants","Restaurants","","","","","","{""status"":""pending"",""approved"":null,""alias"":null,""slug"":null,""isComplete"":true,""completenessScore"":78,""qualityScore"":null,""isTest"":null,""auditTag"":null,""business_name"":""hotville chicken"",""address"":""4070 Marlton Ave Los Angeles, CA 90008"",""city"":"""",""state"":""CA""}","unchanged","false","status_not_public|missing_alias_or_slug"
"67f73dec1d08a04e139a9ba9","larayia's bodega","remaining","","Restaurants","Restaurants","","","","","","{""status"":""pending"",""approved"":null,""alias"":null,""slug"":null,""isComplete"":false,""completenessScore"":67,""qualityScore"":null,""isTest"":null,""auditTag"":null,""business_name"":""larayia's bodega"",""address"":""2713 W 6th St Los Angeles, CA 90057"",""city"":"""",""state"":""CA""}","unchanged","false","status_not_public|missing_alias_or_slug|incomplete_listing"
"67f73dec1d08a04e139a9bb7","locks & trinkets","remaining","","Shopping","Shopping","","","","","","{""status"":""pending"",""approved"":null,""alias"":null,""slug"":null,""isComplete"":false,""completenessScore"":44,""qualityScore"":null,""isTest"":null,""auditTag"":null,""business_name"":""locks & trinkets"",""address"":"""",""city"":"""",""state"":""""}","unchanged","false","status_not_public|missing_alias_or_slug|incomplete_listing"
"67f73dec1d08a04e139a9bef","milk + brookies","remaining","","Restaurants","Restaurants","","","","","","{""status"":""pending"",""approved"":null,""alias"":null,""slug"":null,""isComplete"":false,""completenessScore"":67,""qualityScore"":null,""isTest"":null,""auditTag"":null,""business_name"":""milk + brookies"",""address"":""Los Angeles, CA 90036"",""city"":"""",""state"":""CA""}","unchanged","false","status_not_public|missing_alias_or_slug|incomplete_listing"
"67f73dec1d08a04e139a9c0d","plate of hue","remaining","","Restaurants","Restaurants","","","","","","{""status"":""pending"",""approved"":null,""alias"":null,""slug"":null,""isComplete"":false,""completenessScore"":44,""qualityScore"":null,""isTest"":null,""auditTag"":null,""business_name"":""plate of hue"",""address"":"""",""city"":"""",""state"":""""}","unchanged","false","status_not_public|missing_alias_or_slug|incomplete_listing"
"67f73dec1d08a04e139a9bf7","ounjé la","remaining","","Restaurants","Restaurants","","","","","","{""status"":""pending"",""approved"":null,""alias"":null,""slug"":null,""isComplete"":false,""completenessScore"":22,""qualityScore"":null,""isTest"":null,""auditTag"":null,""business_name"":""ounjé la"",""address"":"""",""city"":"""",""state"":""""}","unchanged","false","status_not_public|missing_alias_or_slug|incomplete_listing"
"67f73dec1d08a04e139a9bf1","o'nells comfort kitchen","remaining","","Restaurants","Restaurants","","","","","","{""status"":""pending"",""approved"":null,""alias"":null,""slug"":null,""isComplete"":false,""completenessScore"":67,""qualityScore"":null,""isTest"":null,""auditTag"":null,""business_name"":""o'nells comfort kitchen"",""address"":""2295 Long Beach Blvd Ste C Long Beach, CA 90806"",""city"":"""",""state"":""CA""}","unchanged","false","status_not_public|missing_alias_or_slug|incomplete_listing"
"67f73dec1d08a04e139a9c17","rahel","remaining","","Restaurants","Restaurants","","","","","","{""status"":""pending"",""approved"":null,""alias"":null,""slug"":null,""isComplete"":true,""completenessScore"":78,""qualityScore"":null,""isTest"":null,""auditTag"":null,""business_name"":""rahel"",""address"":""1047 S Fairfax Ave Los Angeles, CA 90019"",""city"":"""",""state"":""CA""}","unchanged","false","status_not_public|missing_alias_or_slug"
"67f73dec1d08a04e139a9c35","shad's new cali catering","remaining","","Restaurants","Restaurants","","","","","","{""status"":""pending"",""approved"":null,""alias"":null,""slug"":null,""isComplete"":false,""completenessScore"":44,""qualityScore"":null,""isTest"":null,""auditTag"":null,""business_name"":""shad's new cali catering"",""address"":"""",""city"":"""",""state"":""""}","unchanged","false","status_not_public|missing_alias_or_slug|incomplete_listing"
"67f73dec1d08a04e139a9c14","phlemuns","remaining","","Shopping","Shopping","","","","","","{""status"":""pending"",""approved"":null,""alias"":null,""slug"":null,""isComplete"":false,""completenessScore"":44,""qualityScore"":null,""isTest"":null,""auditTag"":null,""business_name"":""phlemuns"",""address"":"""",""city"":"""",""state"":""""}","unchanged","false","status_not_public|missing_alias_or_slug|incomplete_listing"
"67f73dec1d08a04e139a9ac3","8 palms","remaining","","Shopping","Shopping","","","","","","{""status"":""pending"",""approved"":null,""alias"":null,""slug"":null,""isComplete"":false,""completenessScore"":44,""qualityScore"":null,""isTest"":null,""auditTag"":null,""business_name"":""8 palms"",""address"":"""",""city"":"""",""state"":""""}","unchanged","false","status_not_public|missing_alias_or_slug|incomplete_listing"
"67f73dec1d08a04e139a9ad2","anjahles","remaining","","Restaurants","Restaurants","","","","","","{""status"":""pending"",""approved"":null,""alias"":null,""slug"":null,""isComplete"":false,""completenessScore"":33,""qualityScore"":null,""isTest"":null,""auditTag"":null,""business_name"":""anjahles"",""address"":"""",""city"":"""",""state"":""""}","unchanged","false","status_not_public|missing_alias_or_slug|incomplete_listing"
"67f73dec1d08a04e139a9af6","bludso's bar & que","remaining","","Restaurants","Restaurants","","","","","","{""status"":""pending"",""approved"":null,""alias"":null,""slug"":null,""isComplete"":false,""completenessScore"":67,""qualityScore"":null,""isTest"":null,""auditTag"":null,""business_name"":""bludso's bar & que"",""address"":""609 N La Brea Ave Los Angeles, CA 90036"",""city"":"""",""state"":""CA""}","unchanged","false","status_not_public|missing_alias_or_slug|incomplete_listing"
"67f73dec1d08a04e139a9b13","busy baking","remaining","","Restaurants","Restaurants","","","","","","{""status"":""pending"",""approved"":null,""alias"":null,""slug"":null,""isComplete"":true,""completenessScore"":78,""qualityScore"":null,""isTest"":null,""auditTag"":null,""business_name"":""busy baking"",""address"":""11861 Inglewood Ave Hawthorne, CA 90250"",""city"":"""",""state"":""CA""}","unchanged","false","status_not_public|missing_alias_or_slug"
"67f73dec1d08a04e139a9b27","cobblers, cakes & kream","remaining","","Restaurants","Restaurants","","","","","","{""status"":""pending"",""approved"":null,""alias"":null,""slug"":null,""isComplete"":false,""completenessScore"":67,""qualityScore"":null,""isTest"":null,""auditTag"":null,""business_name"":""cobblers, cakes & kream"",""address"":""2323 W Manchester Blvd Ste B Inglewood, CA 90305"",""city"":"""",""state"":""CA""}","unchanged","false","status_not_public|missing_alias_or_slug|incomplete_listing"
"67f73dec1d08a04e139a9e53","","remaining","","Shopping","Shopping","","","","","","{""status"":""pending"",""approved"":null,""alias"":null,""slug"":null,""isComplete"":false,""completenessScore"":22,""qualityScore"":null,""isTest"":null,""auditTag"":null,""business_name"":"""",""address"":"""",""city"":"""",""state"":""""}","unchanged","false","status_not_public|missing_alias_or_slug|incomplete_listing"
"67f73dec1d08a04e139a9b89","julie harris designs","remaining","","Event Planning","Event Planning","","","","","","{""status"":""pending"",""approved"":null,""alias"":null,""slug"":null,""isComplete"":true,""completenessScore"":78,""qualityScore"":null,""isTest"":null,""auditTag"":null,""business_name"":""julie harris designs"",""address"":""Studio City, CA 91604"",""city"":"""",""state"":""CA""}","unchanged","false","status_not_public|missing_alias_or_slug"
"67f73dec1d08a04e139a9b90","justina blakeney","remaining","","Shopping","Shopping","","","","","","{""status"":""pending"",""approved"":null,""alias"":null,""slug"":null,""isComplete"":false,""completenessScore"":44,""qualityScore"":null,""isTest"":null,""auditTag"":null,""business_name"":""justina blakeney"",""address"":"""",""city"":"""",""state"":""""}","unchanged","false","status_not_public|missing_alias_or_slug|incomplete_listing"
"67f73dec1d08a04e139a9ba8","latifah saafir studio","remaining","","Shopping","Shopping","","","","","","{""status"":""pending"",""approved"":null,""alias"":null,""slug"":null,""isComplete"":false,""completenessScore"":44,""qualityScore"":null,""isTest"":null,""auditTag"":null,""business_name"":""latifah saafir studio"",""address"":"""",""city"":"""",""state"":""""}","unchanged","false","status_not_public|missing_alias_or_slug|incomplete_listing"
"67f73df01d08a04e139a9eac","","remaining","","Restaurants","Restaurants","","","","","","{""status"":""pending"",""approved"":null,""alias"":""revolutionario-north-african-tacos-los-angeles"",""slug"":null,""isComplete"":false,""completenessScore"":44,""qualityScore"":null,""isTest"":null,""auditTag"":null,""business_name"":"""",""address"":""1436 W Jefferson Blvd Ste 70 Los Angeles, CA 90007"",""city"":"""",""state"":""CA""}","unchanged","false","status_not_public|incomplete_listing"
"67f73df01d08a04e139a9ec3","","remaining","","Restaurants","Restaurants","","","","","","{""status"":""pending"",""approved"":null,""alias"":""scv-fish-market-santa-clarita-2"",""slug"":null,""isComplete"":false,""completenessScore"":44,""qualityScore"":null,""isTest"":null,""auditTag"":null,""business_name"":"""",""address"":""26234 Bouquet Canyon Rd Santa Clarita, CA 91350"",""city"":"""",""state"":""CA""}","unchanged","false","status_not_public|incomplete_listing"
"67f73dec1d08a04e139a9e49","","remaining","","Beauty, Grooming and Personal Care","Beauty, Grooming and Personal Care","","","","","","{""status"":""pending"",""approved"":null,""alias"":null,""slug"":null,""isComplete"":false,""completenessScore"":44,""qualityScore"":null,""isTest"":null,""auditTag"":null,""business_name"":"""",""address"":""810 S Flower St, Los Angeles, CA 90017"",""city"":"""",""state"":""CA""}","unchanged","false","status_not_public|missing_alias_or_slug|incomplete_listing"
"67f73dec1d08a04e139a9b60","gloveworx","remaining","","Gym, Fitness Health and Wellness","Gym, Fitness Health and Wellness","","","","","","{""status"":""pending"",""approved"":null,""alias"":null,""slug"":null,""isComplete"":true,""completenessScore"":78,""qualityScore"":null,""isTest"":null,""auditTag"":null,""business_name"":""gloveworx"",""address"":""10250 Santa Monica Blvd Los Angeles, CA 90067"",""city"":"""",""state"":""CA""}","unchanged","false","status_not_public|missing_alias_or_slug"
"67f73dec1d08a04e139a9b21","chicken n chips","remaining","","Restaurants","Restaurants","","","","","","{""status"":""pending"",""approved"":null,""alias"":null,""slug"":null,""isComplete"":false,""completenessScore"":67,""qualityScore"":null,""isTest"":null,""auditTag"":null,""business_name"":""chicken n chips"",""address"":""2728 Fletcher Dr Los Angeles, CA 90039"",""city"":"""",""state"":""CA""}","unchanged","false","status_not_public|missing_alias_or_slug|incomplete_listing"
"67f73dec1d08a04e139a9b15","cain interiors & construction","remaining","","Services","Services","","","","","","{""status"":""pending"",""approved"":null,""alias"":null,""slug"":null,""isComplete"":true,""completenessScore"":78,""qualityScore"":null,""isTest"":null,""auditTag"":null,""business_name"":""cain interiors & construction"",""address"":""406 N La Cienega Blvd, West Hollywood, CA 90048"",""city"":"""",""state"":""CA""}","unchanged","false","status_not_public|missing_alias_or_slug"
"67f73dec1d08a04e139a9b84","jay bee's","remaining","","Restaurants","Restaurants","","","","","","{""status"":""pending"",""approved"":null,""alias"":null,""slug"":null,""isComplete"":false,""completenessScore"":67,""qualityScore"":null,""isTest"":null,""auditTag"":null,""business_name"":""jay bee's"",""address"":""15911 S Avalon Blvd Gardena, CA 90247"",""city"":"""",""state"":""CA""}","unchanged","false","status_not_public|missing_alias_or_slug|incomplete_listing"
"67f73dec1d08a04e139a9ba7","lalibela","remaining","","Restaurants","Restaurants","","","","","","{""status"":""pending"",""approved"":null,""alias"":null,""slug"":null,""isComplete"":true,""completenessScore"":78,""qualityScore"":null,""isTest"":null,""auditTag"":null,""business_name"":""lalibela"",""address"":""1025 S Fairfax Ave Los Angeles, CA 90019"",""city"":"""",""state"":""CA""}","unchanged","false","status_not_public|missing_alias_or_slug"
"67f73df01d08a04e139a9e96","","remaining","","Shopping","Shopping","","","","","","{""status"":""pending"",""approved"":null,""alias"":null,""slug"":null,""isComplete"":false,""completenessScore"":22,""qualityScore"":null,""isTest"":null,""auditTag"":null,""business_name"":"""",""address"":"""",""city"":"""",""state"":""""}","unchanged","false","status_not_public|missing_alias_or_slug|incomplete_listing"
"67f73df01d08a04e139a9e6f","","remaining","","Restaurants","Restaurants","","","","","","{""status"":""pending"",""approved"":null,""alias"":""munchies-vegan-diner-santa-ana"",""slug"":null,""isComplete"":false,""completenessScore"":44,""qualityScore"":null,""isTest"":null,""auditTag"":null,""business_name"":"""",""address"":""313 N Bush St Santa Ana, CA 92701"",""city"":"""",""state"":""CA""}","unchanged","false","status_not_public|incomplete_listing"
"67f73df01d08a04e139a9ec5","","remaining","","Restaurants","Restaurants","","","","","","{""status"":""pending"",""approved"":null,""alias"":null,""slug"":null,""isComplete"":false,""completenessScore"":22,""qualityScore"":null,""isTest"":null,""auditTag"":null,""business_name"":"""",""address"":"""",""city"":"""",""state"":""""}","unchanged","false","status_not_public|missing_alias_or_slug|incomplete_listing"
"67f73dec1d08a04e139a9ab3","Simply Divine Beauty Supply","remaining","","Cosmetics & Beauty Supply, Wigs, Hair Extensions","Beauty, Grooming and Personal Care","","","","","","{""status"":""pending"",""approved"":null,""alias"":null,""slug"":null,""isComplete"":true,""completenessScore"":78,""qualityScore"":null,""isTest"":null,""auditTag"":null,""business_name"":""Simply Divine Beauty Supply"",""address"":""325 W Huntington Dr, Monrovia, CA 91016"",""city"":"""",""state"":""CA""}","unchanged","false","status_not_public|missing_alias_or_slug"
"67f73dec1d08a04e139a9ac1","45 three modern vintage home","remaining","","Shopping","Shopping","","","","","","{""status"":""pending"",""approved"":null,""alias"":null,""slug"":null,""isComplete"":true,""completenessScore"":78,""qualityScore"":null,""isTest"":null,""auditTag"":null,""business_name"":""45 three modern vintage home"",""address"":""1051 1/2 S Fairfax Ave Los Angeles, CA 90019"",""city"":"""",""state"":""CA""}","unchanged","false","status_not_public|missing_alias_or_slug"
"67f73dec1d08a04e139a9baf","lee's market","remaining","","Restaurants","Restaurants","","","","","","{""status"":""pending"",""approved"":null,""alias"":null,""slug"":null,""isComplete"":false,""completenessScore"":67,""qualityScore"":null,""isTest"":null,""auditTag"":null,""business_name"":""lee's market"",""address"":""1908 E 110th St Los Angeles, CA 90059"",""city"":"""",""state"":""CA""}","unchanged","false","status_not_public|missing_alias_or_slug|incomplete_listing"
"67f73dec1d08a04e139a9bf9","mo better burgers","remaining","","Restaurants","Restaurants","","","","","","{""status"":""pending"",""approved"":null,""alias"":null,""slug"":null,""isComplete"":true,""completenessScore"":78,""qualityScore"":null,""isTest"":null,""auditTag"":null,""business_name"":""mo better burgers"",""address"":""12734 Crenshaw Blvd Hawthorne, CA 90250"",""city"":"""",""state"":""CA""}","unchanged","false","status_not_public|missing_alias_or_slug"
"67f73dec1d08a04e139a9bd4","moms at om","remaining","","Gym, Fitness Health and Wellness","Gym, Fitness Health and Wellness","","","","","","{""status"":""pending"",""approved"":null,""alias"":null,""slug"":null,""isComplete"":true,""completenessScore"":78,""qualityScore"":null,""isTest"":null,""auditTag"":null,""business_name"":""moms at om"",""address"":""12112 West Washington Blvd Ste 3 Los Angeles, CA 90066"",""city"":"""",""state"":""CA""}","unchanged","false","status_not_public|missing_alias_or_slug"
"67f73dec1d08a04e139a9b31","curvy bombshells","remaining","","Shopping","Shopping","","","","","","{""status"":""pending"",""approved"":null,""alias"":null,""slug"":null,""isComplete"":false,""completenessScore"":44,""qualityScore"":null,""isTest"":null,""auditTag"":null,""business_name"":""curvy bombshells"",""address"":"""",""city"":"""",""state"":""""}","unchanged","false","status_not_public|missing_alias_or_slug|incomplete_listing"
"67f73dec1d08a04e139a9bc1","lucy's boudoir","remaining","","Shopping","Shopping","","","","","","{""status"":""pending"",""approved"":null,""alias"":null,""slug"":null,""isComplete"":true,""completenessScore"":78,""qualityScore"":null,""isTest"":null,""auditTag"":null,""business_name"":""lucy's boudoir"",""address"":""3925 Long Beach Blvd BIxby Knolls, CA 90807"",""city"":"""",""state"":""CA""}","unchanged","false","status_not_public|missing_alias_or_slug"
"67f73dec1d08a04e139a9af2","belly's sliders & wings","remaining","","Restaurants","Restaurants","","","","","","{""status"":""pending"",""approved"":null,""alias"":null,""slug"":null,""isComplete"":true,""completenessScore"":78,""qualityScore"":null,""isTest"":null,""auditTag"":null,""business_name"":""belly's sliders & wings"",""address"":""Carson, CA 90220"",""city"":"""",""state"":""CA""}","unchanged","false","status_not_public|missing_alias_or_slug"
"67f73dec1d08a04e139a9b20","charli  beauty bar","remaining","","Beauty, Grooming and Personal Care","Beauty, Grooming and Personal Care","","","","","","{""status"":""pending"",""approved"":null,""alias"":null,""slug"":null,""isComplete"":true,""completenessScore"":78,""qualityScore"":null,""isTest"":null,""auditTag"":null,""business_name"":""charli  beauty bar"",""address"":""5074 West Pico Blvd Los Angeles, CA 90019"",""city"":"""",""state"":""CA""}","unchanged","false","status_not_public|missing_alias_or_slug"
"67f73dec1d08a04e139a9b26","compton vegan","remaining","","Restaurants","Restaurants","","","","","","{""status"":""pending"",""approved"":null,""alias"":null,""slug"":null,""isComplete"":false,""completenessScore"":67,""qualityScore"":null,""isTest"":null,""auditTag"":null,""business_name"":""compton vegan"",""address"":""11419 Santa Monica Blvd Los Angeles, CA 90025"",""city"":"""",""state"":""CA""}","unchanged","false","status_not_public|missing_alias_or_slug|incomplete_listing"
"67f73dec1d08a04e139a9b6a","happy ice","remaining","","Restaurants","Restaurants","","","","","","{""status"":""pending"",""approved"":null,""alias"":null,""slug"":null,""isComplete"":false,""completenessScore"":67,""qualityScore"":null,""isTest"":null,""auditTag"":null,""business_name"":""happy ice"",""address"":""7324 Melrose Ave Los Angeles, CA 90046"",""city"":"""",""state"":""CA""}","unchanged","false","status_not_public|missing_alias_or_slug|incomplete_listing"
"67f73dec1d08a04e139a9b94","ken's ice cream","remaining","","Restaurants","Restaurants","","","","","","{""status"":""pending"",""approved"":null,""alias"":null,""slug"":null,""isComplete"":false,""completenessScore"":67,""qualityScore"":null,""isTest"":null,""auditTag"":null,""business_name"":""ken's ice cream"",""address"":""18511 S Avalon Blvd Carson, CA 90746"",""city"":"""",""state"":""CA""}","unchanged","false","status_not_public|missing_alias_or_slug|incomplete_listing"
"67f73df01d08a04e139a9f49","","remaining","","Contractors","Services","","","","","","{""status"":""pending"",""approved"":null,""alias"":""-118.3020859"",""slug"":null,""isComplete"":false,""completenessScore"":44,""qualityScore"":null,""isTest"":null,""auditTag"":null,""business_name"":"""",""address"":""Los Angeles, CA 90004"",""city"":"""",""state"":""CA""}","unchanged","false","status_not_public|incomplete_listing"
"67f73df01d08a04e139a9f3c","","remaining","","Restaurants","Restaurants","","","","","","{""status"":""pending"",""approved"":null,""alias"":""treme-kitchen-leimert-park"",""slug"":null,""isComplete"":false,""completenessScore"":33,""qualityScore"":null,""isTest"":null,""auditTag"":null,""business_name"":"""",""address"":""Leimert Park, CA 90008"",""city"":"""",""state"":""CA""}","unchanged","false","status_not_public|incomplete_listing"
"67f73df01d08a04e139a9f62","","remaining","","Vocational & Technical School","Services","","","","","","{""status"":""pending"",""approved"":null,""alias"":""-118.372125"",""slug"":null,""isComplete"":false,""completenessScore"":44,""qualityScore"":null,""isTest"":null,""auditTag"":null,""business_name"":"""",""address"":""6709 La Tijera Blvd Los Angeles, CA 90045"",""city"":"""",""state"":""CA""}","unchanged","false","status_not_public|incomplete_listing"
"67f73df01d08a04e139a9f90","","remaining","","Party Equipment Rentals","Services","","","","","","{""status"":""rejected"",""approved"":false,""alias"":""-118.1780472"",""slug"":null,""isComplete"":false,""completenessScore"":44,""qualityScore"":null,""isTest"":null,""auditTag"":null,""business_name"":"""",""address"":""Los Angeles, CA 90032"",""city"":"""",""state"":""CA""}","unchanged","false","status_not_public|incomplete_listing"
"67f73df01d08a04e139a9ef0","","remaining","","Restaurants","Restaurants","","","","","","{""status"":""pending"",""approved"":null,""alias"":""the-jerk-spot-jamaican-restaurant-culver-city-2"",""slug"":null,""isComplete"":false,""completenessScore"":44,""qualityScore"":null,""isTest"":null,""auditTag"":null,""business_name"":"""",""address"":""9006 Venice Blvd Culver City, CA 90232"",""city"":"""",""state"":""CA""}","unchanged","false","status_not_public|incomplete_listing"
"67f73df01d08a04e139a9e7c","","remaining","","Restaurants","Restaurants","","","","","","{""status"":""pending"",""approved"":null,""alias"":""nitas-corn-and-nacho-southern-california-9"",""slug"":null,""isComplete"":false,""completenessScore"":44,""qualityScore"":null,""isTest"":null,""auditTag"":null,""business_name"":"""",""address"":""Southern California, CA 90001"",""city"":"""",""state"":""CA""}","unchanged","false","status_not_public|incomplete_listing"
"67f73dec1d08a04e139a9b02","bundts on melrose","remaining","","Restaurants","Restaurants","","","","","","{""status"":""pending"",""approved"":null,""alias"":null,""slug"":null,""isComplete"":false,""completenessScore"":67,""qualityScore"":null,""isTest"":null,""auditTag"":null,""business_name"":""bundts on melrose"",""address"":""4147 Long Beach Blvd Long Beach, CA 90807"",""city"":"""",""state"":""CA""}","unchanged","false","status_not_public|missing_alias_or_slug|incomplete_listing"
"67f73dec1d08a04e139a9b4a","erm 4th street","remaining","","Restaurants","Restaurants","","","","","","{""status"":""pending"",""approved"":null,""alias"":null,""slug"":null,""isComplete"":false,""completenessScore"":67,""qualityScore"":null,""isTest"":null,""auditTag"":null,""business_name"":""erm 4th street"",""address"":""2635 East 4th StLos Angeles, CA 90033"",""city"":"""",""state"":""CA""}","unchanged","false","status_not_public|missing_alias_or_slug|incomplete_listing"
"67f73dec1d08a04e139a9b7a","j&j's bbq & fish","remaining","","Restaurants","Restaurants","","","","","","{""status"":""pending"",""approved"":null,""alias"":null,""slug"":null,""isComplete"":false,""completenessScore"":67,""qualityScore"":null,""isTest"":null,""auditTag"":null,""business_name"":""j&j's bbq & fish"",""address"":""751 Indian Hill Blvd Pomona, CA 91767"",""city"":"""",""state"":""CA""}","unchanged","false","status_not_public|missing_alias_or_slug|incomplete_listing"
"67f73df01d08a04e139a9f60","","remaining","","Counseling & Mental Health","Gym, Fitness Health and Wellness","","","","","","{""status"":""pending"",""approved"":null,""alias"":""-118.263059"",""slug"":null,""isComplete"":false,""completenessScore"":44,""qualityScore"":null,""isTest"":null,""auditTag"":null,""business_name"":"""",""address"":""1055 W 7th St Fl 33 Penthouse Los Angeles, CA 90017"",""city"":"""",""state"":""CA""}","unchanged","false","status_not_public|incomplete_listing"
"67f73df01d08a04e139a9e99","","remaining","","Restaurants","Restaurants","","","","","","{""status"":""pending"",""approved"":null,""alias"":""post-and-beam-los-angeles"",""slug"":null,""isComplete"":false,""completenessScore"":44,""qualityScore"":null,""isTest"":null,""auditTag"":null,""business_name"":"""",""address"":""3767 Santa Rosalia Dr Los Angeles, CA 90008"",""city"":"""",""state"":""CA""}","unchanged","false","status_not_public|incomplete_listing"
"67f73dec1d08a04e139a9ad0","alta adams","remaining","","Restaurants","Restaurants","","","","","","{""status"":""pending"",""approved"":null,""alias"":null,""slug"":null,""isComplete"":false,""completenessScore"":67,""qualityScore"":null,""isTest"":null,""auditTag"":null,""business_name"":""alta adams"",""address"":""5359 West Adams Blvd Los Angeles, CA 90016"",""city"":"""",""state"":""CA""}","unchanged","false","status_not_public|missing_alias_or_slug|incomplete_listing"
"67f73dec1d08a04e139a9b1c","chef kiki's kitchen","remaining","","Restaurants","Restaurants","","","","","","{""status"":""pending"",""approved"":null,""alias"":null,""slug"":null,""isComplete"":false,""completenessScore"":67,""qualityScore"":null,""isTest"":null,""auditTag"":null,""business_name"":""chef kiki's kitchen"",""address"":""Los Angeles, CA 90007"",""city"":"""",""state"":""CA""}","unchanged","false","status_not_public|missing_alias_or_slug|incomplete_listing"
"67f73dec1d08a04e139a9ba1","la louisanne","remaining","","Restaurants","Restaurants","","","","","","{""status"":""pending"",""approved"":null,""alias"":null,""slug"":null,""isComplete"":false,""completenessScore"":67,""qualityScore"":null,""isTest"":null,""auditTag"":null,""business_name"":""la louisanne"",""address"":""5812 Overhill Dr Los Angeles, CA 90043"",""city"":"""",""state"":""CA""}","unchanged","false","status_not_public|missing_alias_or_slug|incomplete_listing"
"67f73df01d08a04e139a9edd","","remaining","","Restaurants","Restaurants","","","","","","{""status"":""pending"",""approved"":null,""alias"":""sumptuous-african-restaurant-inglewood"",""slug"":null,""isComplete"":false,""completenessScore"":44,""qualityScore"":null,""isTest"":null,""auditTag"":null,""business_name"":"""",""address"":""1170 S La Brea Ave Inglewood, CA 90301"",""city"":"""",""state"":""CA""}","unchanged","false","status_not_public|incomplete_listing"
"67f73df01d08a04e139a9f2c","","remaining","","Restaurants","Restaurants","","","","","","{""status"":""pending"",""approved"":null,""alias"":""wilsons-bbq-rib-shack-alhambra-2"",""slug"":null,""isComplete"":false,""completenessScore"":44,""qualityScore"":null,""isTest"":null,""auditTag"":null,""business_name"":"""",""address"":""300 N El Molino St Alhambra, CA 91801"",""city"":"""",""state"":""CA""}","unchanged","false","status_not_public|incomplete_listing"
"67f73dec1d08a04e139a9ae3","b&r's old-fashion burgers","remaining","","Restaurants","Restaurants","","","","","","{""status"":""pending"",""approved"":null,""alias"":null,""slug"":null,""isComplete"":true,""completenessScore"":78,""qualityScore"":null,""isTest"":null,""auditTag"":null,""business_name"":""b&r's old-fashion burgers"",""address"":""3512 W Rosecrans Ave Hawthorne, CA 90250"",""city"":"""",""state"":""CA""}","unchanged","false","status_not_public|missing_alias_or_slug"
"67f73df01d08a04e139a9f01","","remaining","","Restaurants","Restaurants","","","","","","{""status"":""pending"",""approved"":null,""alias"":""the-real-cake-baker-los-angeles-2"",""slug"":null,""isComplete"":false,""completenessScore"":44,""qualityScore"":null,""isTest"":null,""auditTag"":null,""business_name"":"""",""address"":""Los Angeles, CA 90044"",""city"":"""",""state"":""CA""}","unchanged","false","status_not_public|incomplete_listing"
"67f73df01d08a04e139a9f0c","","remaining","","Museums, Cultural Institutions, and Shared Spaces","Museums, Cultural Institutions, and Shared Spaces","","","","","","{""status"":""pending"",""approved"":null,""alias"":""the-underground-museum-los-angeles"",""slug"":null,""isComplete"":false,""completenessScore"":56,""qualityScore"":null,""isTest"":null,""auditTag"":null,""business_name"":"""",""address"":""3508 W Washington Blvd Los Angeles, CA 90018"",""city"":"""",""state"":""CA""}","unchanged","false","status_not_public|incomplete_listing"
"67f73df01d08a04e139a9f18","","remaining","","Restaurants","Restaurants","","","","","","{""status"":""pending"",""approved"":null,""alias"":""uedf-fish-and-chips-altadena"",""slug"":null,""isComplete"":false,""completenessScore"":44,""qualityScore"":null,""isTest"":null,""auditTag"":null,""business_name"":"""",""address"":""2191 N Lake Ave Altadena, CA 91001"",""city"":"""",""state"":""CA""}","unchanged","false","status_not_public|incomplete_listing"
"67f73dec1d08a04e139a9b19","carl's atelier","remaining","","Museums, Cultural Institutions, and Shared Spaces","Museums, Cultural Institutions, and Shared Spaces","","","","","","{""status"":""pending"",""approved"":null,""alias"":null,""slug"":null,""isComplete"":true,""completenessScore"":78,""qualityScore"":null,""isTest"":null,""auditTag"":null,""business_name"":""carl's atelier"",""address"":""Canoga Park, CA 91303"",""city"":"""",""state"":""CA""}","unchanged","false","status_not_public|missing_alias_or_slug"
"67f73df01d08a04e139a9f3a","","remaining","","Restaurants","Restaurants","","","","","","{""status"":""pending"",""approved"":null,""alias"":""totos-african-cuisine-van-nuys"",""slug"":null,""isComplete"":false,""completenessScore"":44,""qualityScore"":null,""isTest"":null,""auditTag"":null,""business_name"":"""",""address"":""15355 Sherman Way Van Nuys, CA 91406"",""city"":"""",""state"":""CA""}","unchanged","false","status_not_public|incomplete_listing"
"67f73df01d08a04e139a9f45","","remaining","","Paint & Sip","Gym, Fitness Health and Wellness","","","","","","{""status"":""pending"",""approved"":null,""alias"":""-118.3403506"",""slug"":null,""isComplete"":false,""completenessScore"":44,""qualityScore"":null,""isTest"":null,""auditTag"":null,""business_name"":"""",""address"":""Los Angeles, CA 90019"",""city"":"""",""state"":""CA""}","unchanged","false","status_not_public|incomplete_listing"
"67f73df01d08a04e139a9f71","","remaining","","Bartenders","Nightlife","","","","","","{""status"":""pending"",""approved"":null,""alias"":""-118.3560223"",""slug"":null,""isComplete"":false,""completenessScore"":44,""qualityScore"":null,""isTest"":null,""auditTag"":null,""business_name"":"""",""address"":""3651 S La Brea Ave Ste 288 Los Angeles, CA 90016"",""city"":"""",""state"":""CA""}","unchanged","false","status_not_public|incomplete_listing"
"67f73df01d08a04e139a9efe","","remaining","","Shopping","Shopping","","","","","","{""status"":""pending"",""approved"":null,""alias"":null,""slug"":null,""isComplete"":false,""completenessScore"":22,""qualityScore"":null,""isTest"":null,""auditTag"":null,""business_name"":"""",""address"":"""",""city"":"""",""state"":""""}","unchanged","false","status_not_public|missing_alias_or_slug|incomplete_listing"
"67f73df01d08a04e139a9f42","","remaining","","Session Photography","Services","","","","","","{""status"":""pending"",""approved"":null,""alias"":""-118.324057"",""slug"":null,""isComplete"":false,""completenessScore"":44,""qualityScore"":null,""isTest"":null,""auditTag"":null,""business_name"":"""",""address"":""5700 Melrose Ave Ste 204 Los Angeles, CA 90038"",""city"":"""",""state"":""CA""}","unchanged","false","status_not_public|incomplete_listing"
"67f73df01d08a04e139a9f59","","remaining","","Home Cleaning","Services","","","","","","{""status"":""pending"",""approved"":null,""alias"":""-118.26095"",""slug"":null,""isComplete"":false,""completenessScore"":44,""qualityScore"":null,""isTest"":null,""auditTag"":null,""business_name"":"""",""address"":""Los Angeles, CA 90015"",""city"":"""",""state"":""CA""}","unchanged","false","status_not_public|incomplete_listing"
"67f73df01d08a04e139a9f74","","remaining","","Psychics","Services","","","","","","{""status"":""pending"",""approved"":null,""alias"":""-118.369042"",""slug"":null,""isComplete"":false,""completenessScore"":44,""qualityScore"":null,""isTest"":null,""auditTag"":null,""business_name"":"""",""address"":""1810 South Fairfax Los Angeles, CA 90019"",""city"":"""",""state"":""CA""}","unchanged","false","status_not_public|incomplete_listing"
"67f73df01d08a04e139a9e5f","","remaining","","Shopping","Shopping","","","","","","{""status"":""pending"",""approved"":null,""alias"":null,""slug"":null,""isComplete"":false,""completenessScore"":22,""qualityScore"":null,""isTest"":null,""auditTag"":null,""business_name"":"""",""address"":"""",""city"":"""",""state"":""""}","unchanged","false","status_not_public|missing_alias_or_slug|incomplete_listing"
"67f73df01d08a04e139a9e87","","remaining","","Restaurants","Restaurants","","","","","","{""status"":""pending"",""approved"":null,""alias"":""onil-chibas-events-pasadena"",""slug"":null,""isComplete"":false,""completenessScore"":44,""qualityScore"":null,""isTest"":null,""auditTag"":null,""business_name"":"""",""address"":""1717 E Washington Blvd Pasadena, CA 91104"",""city"":"""",""state"":""CA""}","unchanged","false","status_not_public|incomplete_listing"
"67f73df01d08a04e139a9e95","","remaining","","Restaurants","Restaurants","","","","","","{""status"":""pending"",""approved"":null,""alias"":null,""slug"":null,""isComplete"":false,""completenessScore"":22,""qualityScore"":null,""isTest"":null,""auditTag"":null,""business_name"":"""",""address"":"""",""city"":"""",""state"":""""}","unchanged","false","status_not_public|missing_alias_or_slug|incomplete_listing"
"67f73dec1d08a04e139a9aea","bent soul food and bent events","remaining","","Restaurants","Restaurants","","","","","","{""status"":""pending"",""approved"":null,""alias"":null,""slug"":null,""isComplete"":false,""completenessScore"":67,""qualityScore"":null,""isTest"":null,""auditTag"":null,""business_name"":""bent soul food and bent events"",""address"":""Los Angeles, CA 90210"",""city"":"""",""state"":""CA""}","unchanged","false","status_not_public|missing_alias_or_slug|incomplete_listing"
"67f73dec1d08a04e139a9b97","kick ass vegans","remaining","","Restaurants","Restaurants","","","","","","{""status"":""pending"",""approved"":null,""alias"":null,""slug"":null,""isComplete"":false,""completenessScore"":56,""qualityScore"":null,""isTest"":null,""auditTag"":null,""business_name"":""kick ass vegans"",""address"":""1253 Mira Valle St Corona, CA 92879"",""city"":"""",""state"":""CA""}","unchanged","false","status_not_public|missing_alias_or_slug|incomplete_listing"
"67f73dec1d08a04e139a9ba4","ladie kakes","remaining","","Restaurants","Restaurants","","","","","","{""status"":""pending"",""approved"":null,""alias"":null,""slug"":null,""isComplete"":false,""completenessScore"":67,""qualityScore"":null,""isTest"":null,""auditTag"":null,""business_name"":""ladie kakes"",""address"":""Long Beach, CA 90802"",""city"":"""",""state"":""CA""}","unchanged","false","status_not_public|missing_alias_or_slug|incomplete_listing"
"67f73dec1d08a04e139a9adf","bayou grille","remaining","","Restaurants","Restaurants","","","","","","{""status"":""pending"",""approved"":null,""alias"":null,""slug"":null,""isComplete"":false,""completenessScore"":67,""qualityScore"":null,""isTest"":null,""auditTag"":null,""business_name"":""bayou grille"",""address"":""1400 N La Brea Ave Inglewood, CA 90302"",""city"":"""",""state"":""CA""}","unchanged","false","status_not_public|missing_alias_or_slug|incomplete_listing"
"67f73dec1d08a04e139a9b28","cobbler mania","remaining","","Restaurants","Restaurants","","","","","","{""status"":""pending"",""approved"":null,""alias"":null,""slug"":null,""isComplete"":false,""completenessScore"":67,""qualityScore"":null,""isTest"":null,""auditTag"":null,""business_name"":""cobbler mania"",""address"":""8300 S Western Ave Golden Bird Los Angeles, CA 90047"",""city"":"""",""state"":""CA""}","unchanged","false","status_not_public|missing_alias_or_slug|incomplete_listing"
"67f73dec1d08a04e139a9c06","perry white","remaining","","Shopping","Shopping","","","","","","{""status"":""pending"",""approved"":null,""alias"":null,""slug"":null,""isComplete"":true,""completenessScore"":78,""qualityScore"":null,""isTest"":null,""auditTag"":null,""business_name"":""perry white"",""address"":""837 Traction Ave, Los Angeles, CA 90013"",""city"":"""",""state"":""CA""}","unchanged","false","status_not_public|missing_alias_or_slug"
"67f73dec1d08a04e139a9b3b","de porres dinner series","remaining","","Restaurants","Restaurants","","","","","","{""status"":""pending"",""approved"":null,""alias"":null,""slug"":null,""isComplete"":false,""completenessScore"":67,""qualityScore"":null,""isTest"":null,""auditTag"":null,""business_name"":""de porres dinner series"",""address"":""315 N Sierra Bonita Ave Los Angeles, CA 90036"",""city"":"""",""state"":""CA""}","unchanged","false","status_not_public|missing_alias_or_slug|incomplete_listing"
"67f73dec1d08a04e139a9c1f","queen of sheba ethiopian restaurant","remaining","","Restaurants","Restaurants","","","","","","{""status"":""pending"",""approved"":null,""alias"":null,""slug"":null,""isComplete"":false,""completenessScore"":67,""qualityScore"":null,""isTest"":null,""auditTag"":null,""business_name"":""queen of sheba ethiopian restaurant"",""address"":""630 N La Brea Ave Inglewood, CA 90302"",""city"":"""",""state"":""CA""}","unchanged","false","status_not_public|missing_alias_or_slug|incomplete_listing"
"67f73df01d08a04e139a9e7a","","remaining","","Shopping","Shopping","","","","","","{""status"":""pending"",""approved"":null,""alias"":null,""slug"":null,""isComplete"":false,""completenessScore"":44,""qualityScore"":null,""isTest"":null,""auditTag"":null,""business_name"":"""",""address"":""12211 Arbor Pl Los Angeles, CA 90044"",""city"":"""",""state"":""CA""}","unchanged","false","status_not_public|missing_alias_or_slug|incomplete_listing"
"67f73df01d08a04e139a9f20","","remaining","","Restaurants","Restaurants","","","","","","{""status"":""pending"",""approved"":null,""alias"":""voodoo-vegan-los-angeles"",""slug"":null,""isComplete"":false,""completenessScore"":44,""qualityScore"":null,""isTest"":null,""auditTag"":null,""business_name"":"""",""address"":""Los Angeles, CA 90047"",""city"":"""",""state"":""CA""}","unchanged","false","status_not_public|incomplete_listing"
"67f73df01d08a04e139a9e6a","","remaining","","Restaurants","Restaurants","","","","","","{""status"":""pending"",""approved"":null,""alias"":""my-fish-stop-sherman-oaks"",""slug"":null,""isComplete"":false,""completenessScore"":44,""qualityScore"":null,""isTest"":null,""auditTag"":null,""business_name"":"""",""address"":""14843 Burbank Blvd Sherman Oaks, CA 91411"",""city"":"""",""state"":""CA""}","unchanged","false","status_not_public|incomplete_listing"
"67f73df01d08a04e139a9e7d","","remaining","","Shopping","Shopping","","","","","","{""status"":""pending"",""approved"":null,""alias"":null,""slug"":null,""isComplete"":false,""completenessScore"":22,""qualityScore"":null,""isTest"":null,""auditTag"":null,""business_name"":"""",""address"":"""",""city"":"""",""state"":""""}","unchanged","false","status_not_public|missing_alias_or_slug|incomplete_listing"
"67f73df01d08a04e139a9ebc","","remaining","","Restaurants","Restaurants","","","","","","{""status"":""pending"",""approved"":null,""alias"":""phat-and-juicy-burgers-inglewood"",""slug"":null,""isComplete"":false,""completenessScore"":44,""qualityScore"":null,""isTest"":null,""auditTag"":null,""business_name"":"""",""address"":""1580 Centinela Ave Ste 4 Inglewood, CA 90302"",""city"":"""",""state"":""CA""}","unchanged","false","status_not_public|incomplete_listing"
"67f73dec1d08a04e139a9c2a","rusty pot cafe","remaining","","Restaurants","Restaurants","","","","","","{""status"":""pending"",""approved"":null,""alias"":null,""slug"":null,""isComplete"":false,""completenessScore"":67,""qualityScore"":null,""isTest"":null,""auditTag"":null,""business_name"":""rusty pot cafe"",""address"":""324 S Market St Inglewood, CA 90301"",""city"":"""",""state"":""CA""}","unchanged","false","status_not_public|missing_alias_or_slug|incomplete_listing"
"67f73dec1d08a04e139a9ae2","bb's cafe","remaining","","Restaurants","Restaurants","","","","","","{""status"":""pending"",""approved"":null,""alias"":null,""slug"":null,""isComplete"":false,""completenessScore"":67,""qualityScore"":null,""isTest"":null,""auditTag"":null,""business_name"":""bb's cafe"",""address"":""502 N Citrus Ave Covina, CA 91723"",""city"":"""",""state"":""CA""}","unchanged","false","status_not_public|missing_alias_or_slug|incomplete_listing"
"67f73dec1d08a04e139a9b1a","camille's","remaining","","Restaurants","Restaurants","","","","","","{""status"":""pending"",""approved"":null,""alias"":null,""slug"":null,""isComplete"":false,""completenessScore"":67,""qualityScore"":null,""isTest"":null,""auditTag"":null,""business_name"":""camille's"",""address"":""2713 W Olive Ave Burbank, CA 91505"",""city"":"""",""state"":""CA""}","unchanged","false","status_not_public|missing_alias_or_slug|incomplete_listing"
"67f73df01d08a04e139a9f19","","remaining","","Restaurants","Restaurants","","","","","","{""status"":""pending"",""approved"":null,""alias"":""uncle-andres-bbq-studio-city"",""slug"":null,""isComplete"":false,""completenessScore"":44,""qualityScore"":null,""isTest"":null,""auditTag"":null,""business_name"":"""",""address"":""11715 Moorpark St Studio City, CA 91604"",""city"":"""",""state"":""CA""}","unchanged","false","status_not_public|incomplete_listing"
"67f73dec1d08a04e139a9ae5","barbara jean soul food","remaining","","Restaurants","Restaurants","","","","","","{""status"":""pending"",""approved"":null,""alias"":null,""slug"":null,""isComplete"":false,""completenessScore"":56,""qualityScore"":null,""isTest"":null,""auditTag"":null,""business_name"":""barbara jean soul food"",""address"":""3939 S Figueroa St Los Angeles, CA 90037"",""city"":"""",""state"":""CA""}","unchanged","false","status_not_public|missing_alias_or_slug|incomplete_listing"
"67f73dec1d08a04e139a9b25","colette shelton","remaining","","Services","Services","","","","","","{""status"":""pending"",""approved"":null,""alias"":null,""slug"":null,""isComplete"":false,""completenessScore"":44,""qualityScore"":null,""isTest"":null,""auditTag"":null,""business_name"":""colette shelton"",""address"":"""",""city"":"""",""state"":""""}","unchanged","false","status_not_public|missing_alias_or_slug|incomplete_listing"
"67f73df01d08a04e139a9eb8","","remaining","","Restaurants","Restaurants","","","","","","{""status"":""pending"",""approved"":null,""alias"":""perrys-joint-pasadena"",""slug"":null,""isComplete"":false,""completenessScore"":56,""qualityScore"":null,""isTest"":null,""auditTag"":null,""business_name"":"""",""address"":""2051 Lincoln Ave Pasadena, CA 91103"",""city"":"""",""state"":""CA""}","unchanged","false","status_not_public|incomplete_listing"
"67f73dec1d08a04e139a9b30","crustees eatery","remaining","","Restaurants","Restaurants","","","","","","{""status"":""pending"",""approved"":null,""alias"":null,""slug"":null,""isComplete"":false,""completenessScore"":67,""qualityScore"":null,""isTest"":null,""auditTag"":null,""business_name"":""crustees eatery"",""address"":""4442 W Slauson Ave Los Angeles, CA 90043"",""city"":"""",""state"":""CA""}","unchanged","false","status_not_public|missing_alias_or_slug|incomplete_listing"
"67f73df01d08a04e139a9f1b","","remaining","","Restaurants","Restaurants","","","","","","{""status"":""pending"",""approved"":null,""alias"":""union-pasadena"",""slug"":null,""isComplete"":false,""completenessScore"":56,""qualityScore"":null,""isTest"":null,""auditTag"":null,""business_name"":"""",""address"":""37 E Union St Pasadena, CA 91103"",""city"":"""",""state"":""CA""}","unchanged","false","status_not_public|incomplete_listing"
"67f73df01d08a04e139a9f31","","remaining","","Restaurants","Restaurants","","","","","","{""status"":""pending"",""approved"":null,""alias"":""worldwide-tacos-los-angeles"",""slug"":null,""isComplete"":false,""completenessScore"":44,""qualityScore"":null,""isTest"":null,""auditTag"":null,""business_name"":"""",""address"":""2419 W Martin Luther King J Los Angeles, CA 90008"",""city"":"""",""state"":""CA""}","unchanged","false","status_not_public|incomplete_listing"
"67f73df01d08a04e139a9f57","","remaining","","Auto Detailing","Services","","","","","","{""status"":""pending"",""approved"":null,""alias"":""-118.3227"",""slug"":null,""isComplete"":false,""completenessScore"":44,""qualityScore"":null,""isTest"":null,""auditTag"":null,""business_name"":"""",""address"":""4120 W Olympic Blvd Los Angeles, CA 90019"",""city"":"""",""state"":""CA""}","unchanged","false","status_not_public|incomplete_listing"
"67f73df01d08a04e139a9f73","","remaining","","Tobacco Shops","Shopping","","","","","","{""status"":""pending"",""approved"":null,""alias"":""-118.32113"",""slug"":null,""isComplete"":false,""completenessScore"":44,""qualityScore"":null,""isTest"":null,""auditTag"":null,""business_name"":"""",""address"":""2527 W Slauson Ave Los Angeles, CA 90043"",""city"":"""",""state"":""CA""}","unchanged","false","status_not_public|incomplete_listing"
"67f73df01d08a04e139a9f5e","","remaining","","Coffee Roasteries","Restaurants","","","","","","{""status"":""pending"",""approved"":null,""alias"":""-118.4544144"",""slug"":null,""isComplete"":false,""completenessScore"":44,""qualityScore"":null,""isTest"":null,""auditTag"":null,""business_name"":"""",""address"":""11609 Santa Monica Blvd Los Angeles, CA 90025"",""city"":"""",""state"":""CA""}","unchanged","false","status_not_public|incomplete_listing"
"67f73df01d08a04e139a9ed2","","remaining","","Restaurants","Restaurants","","","","","","{""status"":""pending"",""approved"":null,""alias"":""southern-girl-desserts-los-angeles-2"",""slug"":null,""isComplete"":false,""completenessScore"":44,""qualityScore"":null,""isTest"":null,""auditTag"":null,""business_name"":"""",""address"":""3650 W Martin Luther King Jr Blvd Los Angeles, CA 90008"",""city"":"""",""state"":""CA""}","unchanged","false","status_not_public|incomplete_listing"
"67f73dec1d08a04e139a9ba3","laced","remaining","","Shopping","Shopping","","","","","","{""status"":""pending"",""approved"":null,""alias"":null,""slug"":null,""isComplete"":false,""completenessScore"":67,""qualityScore"":null,""isTest"":null,""auditTag"":null,""business_name"":""laced"",""address"":""4193 Redondo Beach Blvd. Lawndale, CA 90260"",""city"":"""",""state"":""CA""}","unchanged","false","status_not_public|missing_alias_or_slug|incomplete_listing"
"67f73dec1d08a04e139a9b4c","everlasting barbeque","remaining","","Restaurants","Restaurants","","","","","","{""status"":""pending"",""approved"":null,""alias"":null,""slug"":null,""isComplete"":false,""completenessScore"":67,""qualityScore"":null,""isTest"":null,""auditTag"":null,""business_name"":""everlasting barbeque"",""address"":""2561 W Olympic Blvd Los Angeles, CA 90006"",""city"":"""",""state"":""CA""}","unchanged","false","status_not_public|missing_alias_or_slug|incomplete_listing"
"67f73dec1d08a04e139a9b95","kenny q's bbq","remaining","","Restaurants","Restaurants","","","","","","{""status"":""pending"",""approved"":null,""alias"":null,""slug"":null,""isComplete"":false,""completenessScore"":67,""qualityScore"":null,""isTest"":null,""auditTag"":null,""business_name"":""kenny q's bbq"",""address"":""11010 S Prairie Ave Inglewood, CA 90303"",""city"":"""",""state"":""CA""}","unchanged","false","status_not_public|missing_alias_or_slug|incomplete_listing"
"67f73df01d08a04e139a9f0a","","remaining","","Restaurants","Restaurants","","","","","","{""status"":""pending"",""approved"":null,""alias"":""vtree-at-yamashiro-hollywood"",""slug"":null,""isComplete"":false,""completenessScore"":44,""qualityScore"":null,""isTest"":null,""auditTag"":null,""business_name"":"""",""address"":""1999 N Sycamore Ave Hollywood, CA 90068"",""city"":"""",""state"":""CA""}","unchanged","false","status_not_public|incomplete_listing"
"67f73dec1d08a04e139a9b74","industry cafe + jazz","remaining","","Restaurants","Restaurants","","","","","","{""status"":""pending"",""approved"":null,""alias"":null,""slug"":null,""isComplete"":false,""completenessScore"":67,""qualityScore"":null,""isTest"":null,""auditTag"":null,""business_name"":""industry cafe + jazz"",""address"":""6039 Washington Blvd Culver City, CA 90232"",""city"":"""",""state"":""CA""}","unchanged","false","status_not_public|missing_alias_or_slug|incomplete_listing"
"67f73dec1d08a04e139a9b45","dulan's on crenshaw","remaining","","Restaurants","Restaurants","","","","","","{""status"":""pending"",""approved"":null,""alias"":null,""slug"":null,""isComplete"":false,""completenessScore"":67,""qualityScore"":null,""isTest"":null,""auditTag"":null,""business_name"":""dulan's on crenshaw"",""address"":""4859 Crenshaw Blvd Los Angeles, CA 90043"",""city"":"""",""state"":""CA""}","unchanged","false","status_not_public|missing_alias_or_slug|incomplete_listing"
"67f73dec1d08a04e139a9b46","dulan's soul food kitchen","remaining","","Restaurants","Restaurants","","","","","","{""status"":""pending"",""approved"":null,""alias"":null,""slug"":null,""isComplete"":false,""completenessScore"":67,""qualityScore"":null,""isTest"":null,""auditTag"":null,""business_name"":""dulan's soul food kitchen"",""address"":""202 E Manchester Blvd Inglewood, CA 90301"",""city"":"""",""state"":""CA""}","unchanged","false","status_not_public|missing_alias_or_slug|incomplete_listing"
"67f73dec1d08a04e139a9bb4","main kitchen cafe","remaining","","Restaurants","Restaurants","","","","","","{""status"":""pending"",""approved"":null,""alias"":null,""slug"":null,""isComplete"":false,""completenessScore"":67,""qualityScore"":null,""isTest"":null,""auditTag"":null,""business_name"":""main kitchen cafe"",""address"":""17013 Chatsworth St Granada Hills, CA 91344"",""city"":"""",""state"":""CA""}","unchanged","false","status_not_public|missing_alias_or_slug|incomplete_listing"
"67f73dec1d08a04e139a9b47","e & j seafood","remaining","","Restaurants","Restaurants","","","","","","{""status"":""pending"",""approved"":null,""alias"":null,""slug"":null,""isComplete"":false,""completenessScore"":67,""qualityScore"":null,""isTest"":null,""auditTag"":null,""business_name"":""e & j seafood"",""address"":""424 E Manchester Blvd Inglewood, CA 90301"",""city"":"""",""state"":""CA""}","unchanged","false","status_not_public|missing_alias_or_slug|incomplete_listing"
"67f73dec1d08a04e139a9b49","endless couture","remaining","","Shopping","Shopping","","","","","","{""status"":""pending"",""approved"":null,""alias"":null,""slug"":null,""isComplete"":false,""completenessScore"":44,""qualityScore"":null,""isTest"":null,""auditTag"":null,""business_name"":""endless couture"",""address"":"""",""city"":"""",""state"":""""}","unchanged","false","status_not_public|missing_alias_or_slug|incomplete_listing"
"67f73dec1d08a04e139a9b6f","granny's kitchen southern soul food","remaining","","Restaurants","Restaurants","","","","","","{""status"":""pending"",""approved"":null,""alias"":null,""slug"":null,""isComplete"":false,""completenessScore"":67,""qualityScore"":null,""isTest"":null,""auditTag"":null,""business_name"":""granny's kitchen southern soul food"",""address"":""5440 S Central Ave Los Angeles, CA 90011"",""city"":"""",""state"":""CA""}","unchanged","false","status_not_public|missing_alias_or_slug|incomplete_listing"
"67f73dec1d08a04e139a9b8a","jamafo jamaican food xpress","remaining","","Restaurants","Restaurants","","","","","","{""status"":""pending"",""approved"":null,""alias"":null,""slug"":null,""isComplete"":true,""completenessScore"":78,""qualityScore"":null,""isTest"":null,""auditTag"":null,""business_name"":""jamafo jamaican food xpress"",""address"":""22213 Sherman Way Los Angeles, CA 91303"",""city"":"""",""state"":""CA""}","unchanged","false","status_not_public|missing_alias_or_slug"
"67f73df01d08a04e139a9f3b","","remaining","","Museums, Cultural Institutions, and Shared Spaces","Museums, Cultural Institutions, and Shared Spaces","","","","","","{""status"":""pending"",""approved"":null,""alias"":""tomorrows-aeronautical-museum-compton"",""slug"":null,""isComplete"":false,""completenessScore"":56,""qualityScore"":null,""isTest"":null,""auditTag"":null,""business_name"":"""",""address"":""961 W Alondra Blvd Compton, CA 90220"",""city"":"""",""state"":""CA""}","unchanged","false","status_not_public|incomplete_listing"
"67f73df01d08a04e139a9f4c","","remaining","","Roofing","Services","","","","","","{""status"":""pending"",""approved"":null,""alias"":""-118.26136"",""slug"":null,""isComplete"":false,""completenessScore"":44,""qualityScore"":null,""isTest"":null,""auditTag"":null,""business_name"":"""",""address"":""Los Angeles, CA 90015"",""city"":"""",""state"":""CA""}","unchanged","false","status_not_public|incomplete_listing"
"67f73df01d08a04e139a9f5c","","remaining","","Accessories","Shopping","","","","","","{""status"":""pending"",""approved"":null,""alias"":""-118.370307"",""slug"":null,""isComplete"":false,""completenessScore"":44,""qualityScore"":null,""isTest"":null,""auditTag"":null,""business_name"":"""",""address"":""311 S Sweetzer Ave Los Angeles, CA 90048"",""city"":"""",""state"":""CA""}","unchanged","false","status_not_public|incomplete_listing"
"67f73df01d08a04e139a9f36","","remaining","","Shopping","Shopping","","","","","","{""status"":""pending"",""approved"":null,""alias"":null,""slug"":null,""isComplete"":false,""completenessScore"":22,""qualityScore"":null,""isTest"":null,""auditTag"":null,""business_name"":"""",""address"":"""",""city"":"""",""state"":""""}","unchanged","false","status_not_public|missing_alias_or_slug|incomplete_listing"
"67f73df01d08a04e139a9f64","","remaining","","Costumes","Shopping","","","","","","{""status"":""pending"",""approved"":null,""alias"":""-118.24784"",""slug"":null,""isComplete"":false,""completenessScore"":44,""qualityScore"":null,""isTest"":null,""auditTag"":null,""business_name"":"""",""address"":""985 Marview Ave Los Angeles, CA 90012"",""city"":"""",""state"":""CA""}","unchanged","false","status_not_public|incomplete_listing"
"67f73dec1d08a04e139a9bc5","mabel's gourmet pralines","remaining","","Shopping","Shopping","","","","","","{""status"":""pending"",""approved"":null,""alias"":null,""slug"":null,""isComplete"":false,""completenessScore"":67,""qualityScore"":null,""isTest"":null,""auditTag"":null,""business_name"":""mabel's gourmet pralines"",""address"":""625 Pine Ave Long Beach, CA 90802"",""city"":"""",""state"":""CA""}","unchanged","false","status_not_public|missing_alias_or_slug|incomplete_listing"
"67f73dec1d08a04e139a9c0e","post21","remaining","","Shopping","Shopping","","","","","","{""status"":""pending"",""approved"":null,""alias"":null,""slug"":null,""isComplete"":false,""completenessScore"":33,""qualityScore"":null,""isTest"":null,""auditTag"":null,""business_name"":""post21"",""address"":"""",""city"":"""",""state"":""""}","unchanged","false","status_not_public|missing_alias_or_slug|incomplete_listing"
"67f73dec1d08a04e139a9bc7","mack & jane","remaining","","Restaurants","Restaurants","","","","","","{""status"":""pending"",""approved"":null,""alias"":null,""slug"":null,""isComplete"":false,""completenessScore"":56,""qualityScore"":null,""isTest"":null,""auditTag"":null,""business_name"":""mack & jane"",""address"":""Los Angeles, CA 91601"",""city"":"""",""state"":""CA""}","unchanged","false","status_not_public|missing_alias_or_slug|incomplete_listing"
"67f73df01d08a04e139a9f7e","","remaining","","Keys & Locksmiths","Services","","","","","","{""status"":""rejected"",""approved"":false,""alias"":""-118.34984"",""slug"":null,""isComplete"":false,""completenessScore"":44,""qualityScore"":null,""isTest"":null,""auditTag"":null,""business_name"":"""",""address"":""Los Angeles, CA 90036"",""city"":"""",""state"":""CA""}","unchanged","false","status_not_public|incomplete_listing"
"67f73df01d08a04e139a9ea6","","remaining","","Restaurants","Restaurants","","","","","","{""status"":""pending"",""approved"":null,""alias"":""reds-flavor-table-breakfast-take-out-inglewood"",""slug"":null,""isComplete"":false,""completenessScore"":44,""qualityScore"":null,""isTest"":null,""auditTag"":null,""business_name"":"""",""address"":""254 N Market St Inglewood, CA 90301"",""city"":"""",""state"":""CA""}","unchanged","false","status_not_public|incomplete_listing"
"67f73dec1d08a04e139a9b2d","comfort la","remaining","","Restaurants","Restaurants","","","","","","{""status"":""pending"",""approved"":null,""alias"":null,""slug"":null,""isComplete"":false,""completenessScore"":67,""qualityScore"":null,""isTest"":null,""auditTag"":null,""business_name"":""comfort la"",""address"":""1110 E 7th St Los Angeles, CA 90021"",""city"":"""",""state"":""CA""}","unchanged","false","status_not_public|missing_alias_or_slug|incomplete_listing"
"67f73df01d08a04e139a9f34","","remaining","","Restaurants","Restaurants","","","","","","{""status"":""pending"",""approved"":null,""alias"":""yordanos-ethiopian-restaurant-los-angeles"",""slug"":null,""isComplete"":false,""completenessScore"":44,""qualityScore"":null,""isTest"":null,""auditTag"":null,""business_name"":"""",""address"":""4020 W Martin Luther King Jr Blvd Los Angeles, CA 90008"",""city"":"""",""state"":""CA""}","unchanged","false","status_not_public|incomplete_listing"
"67f73dec1d08a04e139a9ad7","annie's soul delicious","remaining","","Restaurants","Restaurants","","","","","","{""status"":""pending"",""approved"":null,""alias"":null,""slug"":null,""isComplete"":false,""completenessScore"":67,""qualityScore"":null,""isTest"":null,""auditTag"":null,""business_name"":""annie's soul delicious"",""address"":""1066 S Fairfax Ave Los Angeles, CA 90019"",""city"":"""",""state"":""CA""}","unchanged","false","status_not_public|missing_alias_or_slug|incomplete_listing"
"67f73df01d08a04e139a9e6d","","remaining","","Restaurants","Restaurants","","","","","","{""status"":""pending"",""approved"":null,""alias"":""messob-ethiopian-restaurant-los-angeles"",""slug"":null,""isComplete"":false,""completenessScore"":44,""qualityScore"":null,""isTest"":null,""auditTag"":null,""business_name"":"""",""address"":""1041 S Fairfax Ave Los Angeles, CA 90019"",""city"":"""",""state"":""CA""}","unchanged","false","status_not_public|incomplete_listing"
"67f73df01d08a04e139a9ea7","","remaining","","Restaurants","Restaurants","","","","","","{""status"":""pending"",""approved"":null,""alias"":""patria-coffee-roasters-compton-2"",""slug"":null,""isComplete"":false,""completenessScore"":44,""qualityScore"":null,""isTest"":null,""auditTag"":null,""business_name"":"""",""address"":""108 N Alameda St E Compton, CA 90221"",""city"":"""",""state"":""CA""}","unchanged","false","status_not_public|incomplete_listing"
"67f73dec1d08a04e139a9ae7","belizean fish market","remaining","","Restaurants","Restaurants","","","","","","{""status"":""pending"",""approved"":null,""alias"":null,""slug"":null,""isComplete"":false,""completenessScore"":67,""qualityScore"":null,""isTest"":null,""auditTag"":null,""business_name"":""belizean fish market"",""address"":""2640 S Western Ave Los Angeles, CA 90018"",""city"":"""",""state"":""CA""}","unchanged","false","status_not_public|missing_alias_or_slug|incomplete_listing"
"67f73df01d08a04e139a9f39","","remaining","","Restaurants","Restaurants","","","","","","{""status"":""pending"",""approved"":null,""alias"":null,""slug"":null,""isComplete"":false,""completenessScore"":44,""qualityScore"":null,""isTest"":null,""auditTag"":null,""business_name"":"""",""address"":""4712 Lomita St Los Angeles, CA 90019"",""city"":"""",""state"":""CA""}","unchanged","false","status_not_public|missing_alias_or_slug|incomplete_listing"
"67f73df01d08a04e139a9e9f","","remaining","","Restaurants","Restaurants","","","","","","{""status"":""pending"",""approved"":null,""alias"":""parrains-soulfood-paramount"",""slug"":null,""isComplete"":false,""completenessScore"":56,""qualityScore"":null,""isTest"":null,""auditTag"":null,""business_name"":"""",""address"":""7906 Alondra Blvd Paramount, CA 90723"",""city"":"""",""state"":""CA""}","unchanged","false","status_not_public|incomplete_listing"
"67f73df01d08a04e139a9ee2","","remaining","","Restaurants","Restaurants","","","","","","{""status"":""pending"",""approved"":null,""alias"":""sweet-red-peach-inglewood-2"",""slug"":null,""isComplete"":false,""completenessScore"":44,""qualityScore"":null,""isTest"":null,""auditTag"":null,""business_name"":"""",""address"":""1035 S Prairie Ave Unit 2 Inglewood, CA 90301"",""city"":"""",""state"":""CA""}","unchanged","false","status_not_public|incomplete_listing"
"67f73dec1d08a04e139a9aee","bia blooms","remaining","","Shopping","Shopping","","","","","","{""status"":""pending"",""approved"":null,""alias"":null,""slug"":null,""isComplete"":false,""completenessScore"":67,""qualityScore"":null,""isTest"":null,""auditTag"":null,""business_name"":""bia blooms"",""address"":""8950 W Olympic Blvd #293 Beverly Hills, CA 90211"",""city"":"""",""state"":""CA""}","unchanged","false","status_not_public|missing_alias_or_slug|incomplete_listing"
"67f73df01d08a04e139a9f82","","remaining","","Carpet Cleaning","Services","","","","","","{""status"":""rejected"",""approved"":false,""alias"":""-118.37146"",""slug"":null,""isComplete"":false,""completenessScore"":44,""qualityScore"":null,""isTest"":null,""auditTag"":null,""business_name"":"""",""address"":""North Hollywood Los Angeles, CA 91601"",""city"":"""",""state"":""CA""}","unchanged","false","status_not_public|incomplete_listing"
"67f73df01d08a04e139a9eba","","remaining","","Services","Services","","","","","","{""status"":""pending"",""approved"":null,""alias"":null,""slug"":null,""isComplete"":false,""completenessScore"":56,""qualityScore"":null,""isTest"":null,""auditTag"":null,""business_name"":"""",""address"":""8200 Wilshire Blvd #421, Los Angeles, CA 90048"",""city"":"""",""state"":""CA""}","unchanged","false","status_not_public|missing_alias_or_slug|incomplete_listing"
"67f73df01d08a04e139a9f32","","remaining","","Restaurants","Restaurants","","","","","","{""status"":""pending"",""approved"":null,""alias"":""wowos-smokin-hot-bbq-whittier-2"",""slug"":null,""isComplete"":false,""completenessScore"":44,""qualityScore"":null,""isTest"":null,""auditTag"":null,""business_name"":"""",""address"":""13022 Whittier Blvd Whittier, CA 90602"",""city"":"""",""state"":""CA""}","unchanged","false","status_not_public|incomplete_listing"
"67f73df01d08a04e139a9f5f","","remaining","","Restaurants","Restaurants","","","","","","{""status"":""pending"",""approved"":null,""alias"":null,""slug"":null,""isComplete"":false,""completenessScore"":33,""qualityScore"":null,""isTest"":null,""auditTag"":null,""business_name"":"""",""address"":""230 W Ave 26 Los Angeles, CA 90031"",""city"":"""",""state"":""CA""}","unchanged","false","status_not_public|missing_alias_or_slug|incomplete_listing"
"67f73df01d08a04e139a9ea0","","remaining","","Restaurants","Restaurants","","","","","","{""status"":""pending"",""approved"":null,""alias"":""queen-of-sheba-ethiopian-restaurant-inglewood"",""slug"":null,""isComplete"":false,""completenessScore"":44,""qualityScore"":null,""isTest"":null,""auditTag"":null,""business_name"":"""",""address"":""630 N La Brea Ave Inglewood, CA 90302"",""city"":"""",""state"":""CA""}","unchanged","false","status_not_public|incomplete_listing"
"67f73dec1d08a04e139a9abf","2nd healthy eatery","remaining","","Restaurants","Restaurants","","","","","","{""status"":""pending"",""approved"":null,""alias"":null,""slug"":null,""isComplete"":false,""completenessScore"":67,""qualityScore"":null,""isTest"":null,""auditTag"":null,""business_name"":""2nd healthy eatery"",""address"":""16203 Clark Ave Ste A Bellflower, CA 90706"",""city"":"""",""state"":""CA""}","unchanged","false","status_not_public|missing_alias_or_slug|incomplete_listing"
"67f73dec1d08a04e139a9ada","antidote eats","remaining","","Restaurants","Restaurants","","","","","","{""status"":""pending"",""approved"":null,""alias"":null,""slug"":null,""isComplete"":false,""completenessScore"":56,""qualityScore"":null,""isTest"":null,""auditTag"":null,""business_name"":""antidote eats"",""address"":""Los Angeles, CA 90012"",""city"":"""",""state"":""CA""}","unchanged","false","status_not_public|missing_alias_or_slug|incomplete_listing"
"67f73dec1d08a04e139a9add","ashley cunningham","remaining","","Restaurants","Restaurants","","","","","","{""status"":""pending"",""approved"":null,""alias"":null,""slug"":null,""isComplete"":false,""completenessScore"":44,""qualityScore"":null,""isTest"":null,""auditTag"":null,""business_name"":""ashley cunningham"",""address"":"""",""city"":"""",""state"":""""}","unchanged","false","status_not_public|missing_alias_or_slug|incomplete_listing"
"67f73dec1d08a04e139a9b36","coffee del mundo","remaining","","Restaurants","Restaurants","","","","","","{""status"":""pending"",""approved"":null,""alias"":null,""slug"":null,""isComplete"":false,""completenessScore"":67,""qualityScore"":null,""isTest"":null,""auditTag"":null,""business_name"":""coffee del mundo"",""address"":""7414 S Vermont Ave Los Angeles, CA 90044"",""city"":"""",""state"":""CA""}","unchanged","false","status_not_public|missing_alias_or_slug|incomplete_listing"
"67f73dec1d08a04e139a9b3e","dharma yoga l.a.","remaining","","Gym, Fitness Health and Wellness","Gym, Fitness Health and Wellness","","","","","","{""status"":""pending"",""approved"":null,""alias"":null,""slug"":null,""isComplete"":true,""completenessScore"":78,""qualityScore"":null,""isTest"":null,""auditTag"":null,""business_name"":""dharma yoga l.a."",""address"":""4870 W Adams Blvd Unit B Los Angeles, CA 90016"",""city"":"""",""state"":""CA""}","unchanged","false","status_not_public|missing_alias_or_slug"
"67f73dec1d08a04e139a9ab0","CocoaLovesHair","remaining","","Hair Stylists","Beauty, Grooming and Personal Care","","","","","","{""status"":""pending"",""approved"":null,""alias"":null,""slug"":null,""isComplete"":true,""completenessScore"":78,""qualityScore"":null,""isTest"":null,""auditTag"":null,""business_name"":""CocoaLovesHair"",""address"":""21250 Hawthorne Blvd, Ste 170, Studio 305, Torrance, CA 90503"",""city"":"""",""state"":""CA""}","unchanged","false","status_not_public|missing_alias_or_slug"
"67f73df01d08a04e139a9eff","","remaining","","Shopping","Shopping","","","","","","{""status"":""pending"",""approved"":null,""alias"":""plant-provocateur-los-angeles"",""slug"":null,""isComplete"":false,""completenessScore"":56,""qualityScore"":null,""isTest"":null,""auditTag"":null,""business_name"":"""",""address"":""3318 Sunset Blvd Los Angeles, CA 90026"",""city"":"""",""state"":""CA""}","unchanged","false","status_not_public|incomplete_listing"
"67f73dec1d08a04e139a9b38","devi's donuts","remaining","","Restaurants","Restaurants","","","","","","{""status"":""pending"",""approved"":null,""alias"":null,""slug"":null,""isComplete"":false,""completenessScore"":67,""qualityScore"":null,""isTest"":null,""auditTag"":null,""business_name"":""devi's donuts"",""address"":""130 Cherry Ave Long Beach, CA 90813"",""city"":"""",""state"":""CA""}","unchanged","false","status_not_public|missing_alias_or_slug|incomplete_listing"
"67f73df01d08a04e139a9f46","","remaining","","Body Shops","Shopping","","","","","","{""status"":""pending"",""approved"":null,""alias"":""-118.5341155"",""slug"":null,""isComplete"":false,""completenessScore"":44,""qualityScore"":null,""isTest"":null,""auditTag"":null,""business_name"":"""",""address"":""18403 Eddy St Los Angeles, CA 91325"",""city"":"""",""state"":""CA""}","unchanged","false","status_not_public|incomplete_listing"
"67f73dec1d08a04e139a9b43","doll babee cheesecakes","remaining","","Restaurants","Restaurants","","","","","","{""status"":""pending"",""approved"":null,""alias"":null,""slug"":null,""isComplete"":false,""completenessScore"":67,""qualityScore"":null,""isTest"":null,""auditTag"":null,""business_name"":""doll babee cheesecakes"",""address"":""500 Lakewood Center Mall Lakewood, CA 90712"",""city"":"""",""state"":""CA""}","unchanged","false","status_not_public|missing_alias_or_slug|incomplete_listing"
"67f73dec1d08a04e139a9bb6","local european","remaining","","Shopping","Shopping","","","","","","{""status"":""pending"",""approved"":null,""alias"":null,""slug"":null,""isComplete"":false,""completenessScore"":44,""qualityScore"":null,""isTest"":null,""auditTag"":null,""business_name"":""local european"",""address"":"""",""city"":"""",""state"":""""}","unchanged","false","status_not_public|missing_alias_or_slug|incomplete_listing"
"67f73df01d08a04e139a9e85","","remaining","","Shopping","Shopping","","","","","","{""status"":""pending"",""approved"":null,""alias"":""one-of-a-kind-hats-los-angeles-2"",""slug"":null,""isComplete"":false,""completenessScore"":56,""qualityScore"":null,""isTest"":null,""auditTag"":null,""business_name"":"""",""address"":""4432 W Slauson Ave Los Angeles, CA 90043"",""city"":"""",""state"":""CA""}","unchanged","false","status_not_public|incomplete_listing"
"67f73df01d08a04e139a9f47","","remaining","","Pet Groomers","Services","","","","","","{""status"":""pending"",""approved"":null,""alias"":""-118.254384"",""slug"":null,""isComplete"":false,""completenessScore"":44,""qualityScore"":null,""isTest"":null,""auditTag"":null,""business_name"":"""",""address"":""10345 S Central Ave Los Angeles, CA 90002"",""city"":"""",""state"":""CA""}","unchanged","false","status_not_public|incomplete_listing"
"67f73df01d08a04e139a9e77","","remaining","","Beauty, Grooming and Personal Care","Beauty, Grooming and Personal Care","","","","","","{""status"":""pending"",""approved"":null,""alias"":null,""slug"":null,""isComplete"":false,""completenessScore"":56,""qualityScore"":null,""isTest"":null,""auditTag"":null,""business_name"":"""",""address"":""7381 La Tijera Blvd Los Angeles, CA 90045"",""city"":"""",""state"":""CA""}","unchanged","false","status_not_public|missing_alias_or_slug|incomplete_listing"
"67f73df01d08a04e139a9f16","","remaining","","Restaurants","Restaurants","","","","","","{""status"":""pending"",""approved"":null,""alias"":""twins-smoke-house-bbq-long-beach"",""slug"":null,""isComplete"":false,""completenessScore"":44,""qualityScore"":null,""isTest"":null,""auditTag"":null,""business_name"":"""",""address"":""1555 W Willow St Long Beach, CA 90810"",""city"":"""",""state"":""CA""}","unchanged","false","status_not_public|incomplete_listing"
"67f73df01d08a04e139a9f8c","","remaining","","Vocal Coach","Services","","","","","","{""status"":""rejected"",""approved"":false,""alias"":""-118.325739"",""slug"":null,""isComplete"":false,""completenessScore"":44,""qualityScore"":null,""isTest"":null,""auditTag"":null,""business_name"":"""",""address"":""Los Angeles, CA 90028"",""city"":"""",""state"":""CA""}","unchanged","false","status_not_public|incomplete_listing"
"67f73dec1d08a04e139a9b58","foster bros","remaining","","Restaurants","Restaurants","","","","","","{""status"":""pending"",""approved"":null,""alias"":null,""slug"":null,""isComplete"":false,""completenessScore"":56,""qualityScore"":null,""isTest"":null,""auditTag"":null,""business_name"":""foster bros"",""address"":""205 S Willowbrook Ave Compton, CA 90220"",""city"":"""",""state"":""CA""}","unchanged","false","status_not_public|missing_alias_or_slug|incomplete_listing"
"67f73dec1d08a04e139a9b9c","kings deli","remaining","","Restaurants","Restaurants","","","","","","{""status"":""pending"",""approved"":null,""alias"":null,""slug"":null,""isComplete"":true,""completenessScore"":78,""qualityScore"":null,""isTest"":null,""auditTag"":null,""business_name"":""kings deli"",""address"":""109 N Pass Ave Burbank, CA 91505"",""city"":"""",""state"":""CA""}","unchanged","false","status_not_public|missing_alias_or_slug"
"67f73df01d08a04e139a9e8c","","remaining","","Shopping","Shopping","","","","","","{""status"":""pending"",""approved"":null,""alias"":null,""slug"":null,""isComplete"":false,""completenessScore"":44,""qualityScore"":null,""isTest"":null,""auditTag"":null,""business_name"":"""",""address"":""1620 Morton Ave Los Angeles, CA 90026"",""city"":"""",""state"":""CA""}","unchanged","false","status_not_public|missing_alias_or_slug|incomplete_listing"
"67f73df01d08a04e139a9e92","","remaining","","Nightlife","Nightlife","","","","","","{""status"":""pending"",""approved"":null,""alias"":""pips-on-la-brea-los-angeles"",""slug"":null,""isComplete"":false,""completenessScore"":44,""qualityScore"":null,""isTest"":null,""auditTag"":null,""business_name"":"""",""address"":""1356 S La Brea Ave Los Angeles, CA 90019"",""city"":"""",""state"":""CA""}","unchanged","false","status_not_public|incomplete_listing"
"67f73df01d08a04e139a9eeb","","remaining","","Restaurants","Restaurants","","","","","","{""status"":""pending"",""approved"":null,""alias"":""the-court-cafe-los-angeles"",""slug"":null,""isComplete"":false,""completenessScore"":44,""qualityScore"":null,""isTest"":null,""auditTag"":null,""business_name"":"""",""address"":""5496 W Centinela Ave Los Angeles, CA 90044"",""city"":"""",""state"":""CA""}","unchanged","false","status_not_public|incomplete_listing"
"67f73df01d08a04e139a9f50","","remaining","","Makeup Artists","Beauty, Grooming and Personal Care","","","","","","{""status"":""pending"",""approved"":null,""alias"":""-118.33317"",""slug"":null,""isComplete"":false,""completenessScore"":44,""qualityScore"":null,""isTest"":null,""auditTag"":null,""business_name"":"""",""address"":""Los Angeles, CA 90038"",""city"":"""",""state"":""CA""}","unchanged","false","status_not_public|incomplete_listing"
"67f73dec1d08a04e139a9b44","contained bliss","remaining","","Services","Services","","","","","","{""status"":""pending"",""approved"":null,""alias"":null,""slug"":null,""isComplete"":false,""completenessScore"":56,""qualityScore"":null,""isTest"":null,""auditTag"":null,""business_name"":""contained bliss"",""address"":"""",""city"":"""",""state"":""""}","unchanged","false","status_not_public|missing_alias_or_slug|incomplete_listing"
"67f73df01d08a04e139a9f0f","","remaining","","Shopping","Shopping","","","","","","{""status"":""pending"",""approved"":null,""alias"":null,""slug"":null,""isComplete"":false,""completenessScore"":22,""qualityScore"":null,""isTest"":null,""auditTag"":null,""business_name"":"""",""address"":"""",""city"":"""",""state"":""""}","unchanged","false","status_not_public|missing_alias_or_slug|incomplete_listing"
"67f73df01d08a04e139a9f8b","","remaining","","Recording & Rehearsal Studios","Services","","","","","","{""status"":""rejected"",""approved"":false,""alias"":""-118.333962"",""slug"":null,""isComplete"":false,""completenessScore"":44,""qualityScore"":null,""isTest"":null,""auditTag"":null,""business_name"":"""",""address"":""4309 Crenshaw Blvd Los Angeles, CA 90008"",""city"":"""",""state"":""CA""}","unchanged","false","status_not_public|incomplete_listing"
"67f73dec1d08a04e139a9b82","johnsonbrothersbbq","remaining","","Restaurants","Restaurants","","","","","","{""status"":""pending"",""approved"":null,""alias"":null,""slug"":null,""isComplete"":false,""completenessScore"":67,""qualityScore"":null,""isTest"":null,""auditTag"":null,""business_name"":""johnsonbrothersbbq"",""address"":""1710 E Compton Blvd Compton, CA 90221"",""city"":"""",""state"":""CA""}","unchanged","false","status_not_public|missing_alias_or_slug|incomplete_listing"
"67f73df01d08a04e139a9f03","","remaining","","Restaurants","Restaurants","","","","","","{""status"":""pending"",""approved"":null,""alias"":""the-reverse-orangutan-glendora"",""slug"":null,""isComplete"":false,""completenessScore"":33,""qualityScore"":null,""isTest"":null,""auditTag"":null,""business_name"":"""",""address"":""440 E Rte 66 Glendora, CA 91740"",""city"":"""",""state"":""CA""}","unchanged","false","status_not_public|incomplete_listing"
"67f73dec1d08a04e139a9b63","georgia's gems","remaining","","Shopping","Shopping","","","","","","{""status"":""pending"",""approved"":null,""alias"":null,""slug"":null,""isComplete"":false,""completenessScore"":44,""qualityScore"":null,""isTest"":null,""auditTag"":null,""business_name"":""georgia's gems"",""address"":"""",""city"":"""",""state"":""""}","unchanged","false","status_not_public|missing_alias_or_slug|incomplete_listing"
"67f73dec1d08a04e139a9b69","funculo","remaining","","Restaurants","Restaurants","","","","","","{""status"":""pending"",""approved"":null,""alias"":null,""slug"":null,""isComplete"":false,""completenessScore"":67,""qualityScore"":null,""isTest"":null,""auditTag"":null,""business_name"":""funculo"",""address"":""724 S Spring St Los Angeles, CA 90014"",""city"":"""",""state"":""CA""}","unchanged","false","status_not_public|missing_alias_or_slug|incomplete_listing"
"67f73df01d08a04e139a9f54","","remaining","","Party & Event Planning","Services","","","","","","{""status"":""pending"",""approved"":null,""alias"":""-118.2672801"",""slug"":null,""isComplete"":false,""completenessScore"":44,""qualityScore"":null,""isTest"":null,""auditTag"":null,""business_name"":"""",""address"":""Los Angeles, CA 90015"",""city"":"""",""state"":""CA""}","unchanged","false","status_not_public|incomplete_listing"
"67f73df01d08a04e139a9f56","","remaining","","Body Contouring","Services","","","","","","{""status"":""pending"",""approved"":null,""alias"":""-118.325451"",""slug"":null,""isComplete"":false,""completenessScore"":44,""qualityScore"":null,""isTest"":null,""auditTag"":null,""business_name"":"""",""address"":""2917 W Vernon Ave Los Angeles, CA 90008"",""city"":"""",""state"":""CA""}","unchanged","false","status_not_public|incomplete_listing"
"67f73df01d08a04e139a9f6c","","remaining","","Home Window Tinting","Services","","","","","","{""status"":""pending"",""approved"":null,""alias"":""-118.50388"",""slug"":null,""isComplete"":false,""completenessScore"":44,""qualityScore"":null,""isTest"":null,""auditTag"":null,""business_name"":"""",""address"":""Los Angeles, CA 91344"",""city"":"""",""state"":""CA""}","unchanged","false","status_not_public|incomplete_listing"
"67f73dec1d08a04e139a9bdf","mel's fish shack","remaining","","Restaurants","Restaurants","","","","","","{""status"":""pending"",""approved"":null,""alias"":null,""slug"":null,""isComplete"":false,""completenessScore"":67,""qualityScore"":null,""isTest"":null,""auditTag"":null,""business_name"":""mel's fish shack"",""address"":""4524 W Jefferson Blvd Los Angeles, CA 90016"",""city"":"""",""state"":""CA""}","unchanged","false","status_not_public|missing_alias_or_slug|incomplete_listing"
"67f73dec1d08a04e139a9b5f","galerie la","remaining","","Shopping","Shopping","","","","","","{""status"":""pending"",""approved"":null,""alias"":null,""slug"":null,""isComplete"":false,""completenessScore"":67,""qualityScore"":null,""isTest"":null,""auditTag"":null,""business_name"":""galerie la"",""address"":""767 South Alameda St. #192 Los Angeles 90021"",""city"":"""",""state"":""767""}","unchanged","false","status_not_public|missing_alias_or_slug|incomplete_listing"
"67f73dec1d08a04e139a9bce","messob ethiopian restaurant","remaining","","Restaurants","Restaurants","","","","","","{""status"":""pending"",""approved"":null,""alias"":null,""slug"":null,""isComplete"":false,""completenessScore"":67,""qualityScore"":null,""isTest"":null,""auditTag"":null,""business_name"":""messob ethiopian restaurant"",""address"":""1041 S Fairfax Ave Los Angeles, CA 90019"",""city"":"""",""state"":""CA""}","unchanged","false","status_not_public|missing_alias_or_slug|incomplete_listing"
"67f73dec1d08a04e139a9b12","brother's keeper bbq","remaining","","Restaurants","Restaurants","","","","","","{""status"":""pending"",""approved"":null,""alias"":null,""slug"":null,""isComplete"":false,""completenessScore"":67,""qualityScore"":null,""isTest"":null,""auditTag"":null,""business_name"":""brother's keeper bbq"",""address"":""Long Beach, CA 90815"",""city"":"""",""state"":""CA""}","unchanged","false","status_not_public|missing_alias_or_slug|incomplete_listing"
"67f73dec1d08a04e139a9b37","derrick's on atlantic","remaining","","Restaurants","Restaurants","","","","","","{""status"":""pending"",""approved"":null,""alias"":null,""slug"":null,""isComplete"":false,""completenessScore"":67,""qualityScore"":null,""isTest"":null,""auditTag"":null,""business_name"":""derrick's on atlantic"",""address"":""3502 Atlantic Ave Long Beach, CA 90807"",""city"":"""",""state"":""CA""}","unchanged","false","status_not_public|missing_alias_or_slug|incomplete_listing"
"67f73dec1d08a04e139a9b6e","harun coffee","remaining","","Restaurants","Restaurants","","","","","","{""status"":""pending"",""approved"":null,""alias"":null,""slug"":null,""isComplete"":true,""completenessScore"":78,""qualityScore"":null,""isTest"":null,""auditTag"":null,""business_name"":""harun coffee"",""address"":""4336 Degnan Blvd Los Angeles, CA 90008"",""city"":"""",""state"":""CA""}","unchanged","false","status_not_public|missing_alias_or_slug"
"67f73dec1d08a04e139a9be7","neighbor","remaining","","Nightlife","Nightlife","","","","","","{""status"":""pending"",""approved"":null,""alias"":null,""slug"":null,""isComplete"":false,""completenessScore"":67,""qualityScore"":null,""isTest"":null,""auditTag"":null,""business_name"":""neighbor"",""address"":""1031 Abbot Kinney Blvd Los Angeles, CA 90291"",""city"":"""",""state"":""CA""}","unchanged","false","status_not_public|missing_alias_or_slug|incomplete_listing"
"67f73df01d08a04e139a9f69","","remaining","","Plumbing","Services","","","","","","{""status"":""pending"",""approved"":null,""alias"":""-118.3549423"",""slug"":null,""isComplete"":false,""completenessScore"":44,""qualityScore"":null,""isTest"":null,""auditTag"":null,""business_name"":"""",""address"":""Los Angeles, CA 90016"",""city"":"""",""state"":""CA""}","unchanged","false","status_not_public|incomplete_listing"
"67f73df01d08a04e139a9e81","","remaining","","Beauty, Grooming and Personal Care","Beauty, Grooming and Personal Care","","","","","","{""status"":""pending"",""approved"":null,""alias"":null,""slug"":null,""isComplete"":false,""completenessScore"":22,""qualityScore"":null,""isTest"":null,""auditTag"":null,""business_name"":"""",""address"":"""",""city"":"""",""state"":""""}","unchanged","false","status_not_public|missing_alias_or_slug|incomplete_listing"
"67f73dec1d08a04e139a9bec","nyakio","remaining","","Beauty, Grooming and Personal Care","Beauty, Grooming and Personal Care","","","","","","{""status"":""pending"",""approved"":null,""alias"":null,""slug"":null,""isComplete"":false,""completenessScore"":44,""qualityScore"":null,""isTest"":null,""auditTag"":null,""business_name"":""nyakio"",""address"":"""",""city"":"""",""state"":""""}","unchanged","false","status_not_public|missing_alias_or_slug|incomplete_listing"
"67f73df01d08a04e139a9e76","","remaining","","Restaurants","Restaurants","","","","","","{""status"":""pending"",""approved"":null,""alias"":""natraliart-jamaican-restaurant-and-market-los-angeles"",""slug"":null,""isComplete"":false,""completenessScore"":44,""qualityScore"":null,""isTest"":null,""auditTag"":null,""business_name"":"""",""address"":""3426 W Washington Blvd Los Angeles, CA 90018"",""city"":"""",""state"":""CA""}","unchanged","false","status_not_public|incomplete_listing"
"67f73df01d08a04e139a9e90","","remaining","","Shopping","Shopping","","","","","","{""status"":""pending"",""approved"":null,""alias"":null,""slug"":null,""isComplete"":false,""completenessScore"":44,""qualityScore"":null,""isTest"":null,""auditTag"":null,""business_name"":"""",""address"":""201 S Market St., Inglewood, CA 90301"",""city"":"""",""state"":""CA""}","unchanged","false","status_not_public|missing_alias_or_slug|incomplete_listing"
"67f73df01d08a04e139a9e68","","remaining","","Restaurants","Restaurants","","","","","","{""status"":""pending"",""approved"":null,""alias"":""ms-bs-m-and-ms-soul-food-inglewood"",""slug"":null,""isComplete"":false,""completenessScore"":44,""qualityScore"":null,""isTest"":null,""auditTag"":null,""business_name"":"""",""address"":""4549 W Imperial Hwy Inglewood, CA 90304"",""city"":"""",""state"":""CA""}","unchanged","false","status_not_public|incomplete_listing"
"67f73dec1d08a04e139a9abe","2dollz","remaining","","Shopping","Shopping","","","","","","{""status"":""pending"",""approved"":null,""alias"":null,""slug"":null,""isComplete"":false,""completenessScore"":44,""qualityScore"":null,""isTest"":null,""auditTag"":null,""business_name"":""2dollz"",""address"":"""",""city"":"""",""state"":""""}","unchanged","false","status_not_public|missing_alias_or_slug|incomplete_listing"
"67f73df01d08a04e139a9f61","","remaining","","Cosmetic Dentists","Services","","","","","","{""status"":""pending"",""approved"":null,""alias"":""-118.378228"",""slug"":null,""isComplete"":false,""completenessScore"":44,""qualityScore"":null,""isTest"":null,""auditTag"":null,""business_name"":"""",""address"":""5593 W Manchester Ave inside Mukha Beauty Los Angeles, CA 90045"",""city"":"""",""state"":""CA""}","unchanged","false","status_not_public|incomplete_listing"
"67f73dec1d08a04e139a9aeb","baby love sweetery","remaining","","Restaurants","Restaurants","","","","","","{""status"":""pending"",""approved"":null,""alias"":null,""slug"":null,""isComplete"":false,""completenessScore"":67,""qualityScore"":null,""isTest"":null,""auditTag"":null,""business_name"":""baby love sweetery"",""address"":""Los Angeles, CA 91607"",""city"":"""",""state"":""CA""}","unchanged","false","status_not_public|missing_alias_or_slug|incomplete_listing"
"67f73dec1d08a04e139a9aff","bridgetown roti","remaining","","Restaurants","Restaurants","","","","","","{""status"":""pending"",""approved"":null,""alias"":null,""slug"":null,""isComplete"":false,""completenessScore"":56,""qualityScore"":null,""isTest"":null,""auditTag"":null,""business_name"":""bridgetown roti"",""address"":""2029 Sheridan St Los Angeles, CA 90033"",""city"":"""",""state"":""CA""}","unchanged","false","status_not_public|missing_alias_or_slug|incomplete_listing"
"67f73dec1d08a04e139a9b7b","honey's kettle","remaining","","Restaurants","Restaurants","","","","","","{""status"":""pending"",""approved"":null,""alias"":null,""slug"":null,""isComplete"":true,""completenessScore"":78,""qualityScore"":null,""isTest"":null,""auditTag"":null,""business_name"":""honey's kettle"",""address"":""9537 Culver Blvd Culver City, CA 90232"",""city"":"""",""state"":""CA""}","unchanged","false","status_not_public|missing_alias_or_slug"
"67f73dec1d08a04e139a9bc4","m'dears","remaining","","Restaurants","Restaurants","","","","","","{""status"":""pending"",""approved"":null,""alias"":null,""slug"":null,""isComplete"":false,""completenessScore"":67,""qualityScore"":null,""isTest"":null,""auditTag"":null,""business_name"":""m'dears"",""address"":""7717 S Western Ave Los Angeles, CA 90047"",""city"":"""",""state"":""CA""}","unchanged","false","status_not_public|missing_alias_or_slug|incomplete_listing"
"67f73dec1d08a04e139a9ba5","kutula by africana","remaining","","Shopping","Shopping","","","","","","{""status"":""pending"",""approved"":null,""alias"":null,""slug"":null,""isComplete"":true,""completenessScore"":78,""qualityScore"":null,""isTest"":null,""auditTag"":null,""business_name"":""kutula by africana"",""address"":""4438 W Slauson Ave Los Angeles, CA 90043"",""city"":"""",""state"":""CA""}","unchanged","false","status_not_public|missing_alias_or_slug"
"67f73df01d08a04e139a9f7c","","remaining","","Office Cleaning","Services","","","","","","{""status"":""rejected"",""approved"":false,""alias"":""-118.3092957"",""slug"":null,""isComplete"":false,""completenessScore"":44,""qualityScore"":null,""isTest"":null,""auditTag"":null,""business_name"":"""",""address"":""Los Angeles, CA 90047"",""city"":"""",""state"":""CA""}","unchanged","false","status_not_public|incomplete_listing"
"67f73dec1d08a04e139a9b3a","darrow's new orleans grill","remaining","","Restaurants","Restaurants","","","","","","{""status"":""pending"",""approved"":null,""alias"":null,""slug"":null,""isComplete"":false,""completenessScore"":67,""qualityScore"":null,""isTest"":null,""auditTag"":null,""business_name"":""darrow's new orleans grill"",""address"":""21720 Avalon Blvd Ste 102B Carson, CA 90745"",""city"":"""",""state"":""CA""}","unchanged","false","status_not_public|missing_alias_or_slug|incomplete_listing"
"67f73dec1d08a04e139a9be8","no sesso","remaining","","Shopping","Shopping","","","","","","{""status"":""pending"",""approved"":null,""alias"":null,""slug"":null,""isComplete"":false,""completenessScore"":44,""qualityScore"":null,""isTest"":null,""auditTag"":null,""business_name"":""no sesso"",""address"":"""",""city"":"""",""state"":""""}","unchanged","false","status_not_public|missing_alias_or_slug|incomplete_listing"
"67f73dec1d08a04e139a9c02","pepper's jamaican cuisine","remaining","","Restaurants","Restaurants","","","","","","{""status"":""pending"",""approved"":null,""alias"":null,""slug"":null,""isComplete"":false,""completenessScore"":56,""qualityScore"":null,""isTest"":null,""auditTag"":null,""business_name"":""pepper's jamaican cuisine"",""address"":""2166 W Slauson Ave Los Angeles, CA 90047"",""city"":"""",""state"":""CA""}","unchanged","false","status_not_public|missing_alias_or_slug|incomplete_listing"
"67f73df01d08a04e139a9e60","","remaining","","Restaurants","Restaurants","","","","","","{""status"":""pending"",""approved"":null,""alias"":""meals-by-genet-los-angeles"",""slug"":null,""isComplete"":false,""completenessScore"":44,""qualityScore"":null,""isTest"":null,""auditTag"":null,""business_name"":"""",""address"":""1053 S Fairfax Ave Los Angeles, CA 90019"",""city"":"""",""state"":""CA""}","unchanged","false","status_not_public|incomplete_listing"
"67f73df01d08a04e139a9eb2","","remaining","","Shopping","Shopping","","","","","","{""status"":""pending"",""approved"":null,""alias"":null,""slug"":null,""isComplete"":false,""completenessScore"":44,""qualityScore"":null,""isTest"":null,""auditTag"":null,""business_name"":"""",""address"":""837 S Windsor Blvd Los Angeles, CA 90005"",""city"":"""",""state"":""CA""}","unchanged","false","status_not_public|missing_alias_or_slug|incomplete_listing"
"67f73df01d08a04e139a9eb4","","remaining","","Restaurants","Restaurants","","","","","","{""status"":""pending"",""approved"":null,""alias"":""roscoes-house-of-chicken-and-waffles-los-angeles"",""slug"":null,""isComplete"":false,""completenessScore"":44,""qualityScore"":null,""isTest"":null,""auditTag"":null,""business_name"":"""",""address"":""5006 W Pico Blvd Los Angeles, CA 90019"",""city"":"""",""state"":""CA""}","unchanged","false","status_not_public|incomplete_listing"
"67f73df01d08a04e139a9f5a","","remaining","","Paint & Sip","Gym, Fitness Health and Wellness","","","","","","{""status"":""pending"",""approved"":null,""alias"":""-118.3176651"",""slug"":null,""isComplete"":false,""completenessScore"":44,""qualityScore"":null,""isTest"":null,""auditTag"":null,""business_name"":"""",""address"":""Los Angeles, CA 90018"",""city"":"""",""state"":""CA""}","unchanged","false","status_not_public|incomplete_listing"
"67f73df01d08a04e139a9f86","","remaining","","Home Cleaning","Services","","","","","","{""status"":""rejected"",""approved"":false,""alias"":""-118.346225"",""slug"":null,""isComplete"":false,""completenessScore"":44,""qualityScore"":null,""isTest"":null,""auditTag"":null,""business_name"":"""",""address"":""1631 S La Brea Ave Los Angeles, CA 90019"",""city"":"""",""state"":""CA""}","unchanged","false","status_not_public|incomplete_listing"
"67f73df01d08a04e139a9ece","","remaining","","Restaurants","Restaurants","","","","","","{""status"":""pending"",""approved"":null,""alias"":null,""slug"":null,""isComplete"":false,""completenessScore"":22,""qualityScore"":null,""isTest"":null,""auditTag"":null,""business_name"":"""",""address"":"""",""city"":"""",""state"":""""}","unchanged","false","status_not_public|missing_alias_or_slug|incomplete_listing"
"67f73df01d08a04e139a9efb","","remaining","","Restaurants","Restaurants","","","","","","{""status"":""pending"",""approved"":null,""alias"":""tanjee-bakes-long-beach"",""slug"":null,""isComplete"":false,""completenessScore"":44,""qualityScore"":null,""isTest"":null,""auditTag"":null,""business_name"":"""",""address"":""Long Beach, CA 90805"",""city"":"""",""state"":""CA""}","unchanged","false","status_not_public|incomplete_listing"
"67f73dec1d08a04e139a9b4d","faith blakeney","remaining","","Services","Services","","","","","","{""status"":""pending"",""approved"":null,""alias"":null,""slug"":null,""isComplete"":true,""completenessScore"":78,""qualityScore"":null,""isTest"":null,""auditTag"":null,""business_name"":""faith blakeney"",""address"":""10835 Oregon Ave Culver City, CA 90232"",""city"":"""",""state"":""CA""}","unchanged","false","status_not_public|missing_alias_or_slug"
"67f73df01d08a04e139a9f81","","remaining","","Office Cleaning","Services","","","","","","{""status"":""rejected"",""approved"":false,""alias"":""-118.325739"",""slug"":null,""isComplete"":false,""completenessScore"":44,""qualityScore"":null,""isTest"":null,""auditTag"":null,""business_name"":"""",""address"":""Los Angeles, CA 90028"",""city"":"""",""state"":""CA""}","unchanged","false","status_not_public|incomplete_listing"
"67f73dec1d08a04e139a9b61","fun diggity","remaining","","Restaurants","Restaurants","","","","","","{""status"":""pending"",""approved"":null,""alias"":null,""slug"":null,""isComplete"":false,""completenessScore"":67,""qualityScore"":null,""isTest"":null,""auditTag"":null,""business_name"":""fun diggity"",""address"":""222 E 120th St Los Angeles, CA 90061"",""city"":"""",""state"":""CA""}","unchanged","false","status_not_public|missing_alias_or_slug|incomplete_listing"
"67f73dec1d08a04e139a9bfe","parrains soul food","remaining","","Restaurants","Restaurants","","","","","","{""status"":""pending"",""approved"":null,""alias"":null,""slug"":null,""isComplete"":true,""completenessScore"":78,""qualityScore"":null,""isTest"":null,""auditTag"":null,""business_name"":""parrains soul food"",""address"":""7906 Alondra Blvd Paramount, CA 90723"",""city"":"""",""state"":""CA""}","unchanged","false","status_not_public|missing_alias_or_slug"
"67f73dec1d08a04e139a9c28","royal gourmet cookies","remaining","","Restaurants","Restaurants","","","","","","{""status"":""pending"",""approved"":null,""alias"":null,""slug"":null,""isComplete"":false,""completenessScore"":67,""qualityScore"":null,""isTest"":null,""auditTag"":null,""business_name"":""royal gourmet cookies"",""address"":""Long Beach, CA 90807"",""city"":"""",""state"":""CA""}","unchanged","false","status_not_public|missing_alias_or_slug|incomplete_listing"
"67f73df01d08a04e139a9e62","","remaining","","Shopping","Shopping","","","","","","{""status"":""pending"",""approved"":null,""alias"":null,""slug"":null,""isComplete"":false,""completenessScore"":22,""qualityScore"":null,""isTest"":null,""auditTag"":null,""business_name"":"""",""address"":"""",""city"":"""",""state"":""""}","unchanged","false","status_not_public|missing_alias_or_slug|incomplete_listing"
"67f73dec1d08a04e139a9c31","savage tacos truck","remaining","","Restaurants","Restaurants","","","","","","{""status"":""pending"",""approved"":null,""alias"":null,""slug"":null,""isComplete"":false,""completenessScore"":56,""qualityScore"":null,""isTest"":null,""auditTag"":null,""business_name"":""savage tacos truck"",""address"":""Los Angeles, CA 90012"",""city"":"""",""state"":""CA""}","unchanged","false","status_not_public|missing_alias_or_slug|incomplete_listing"
"67f73df01d08a04e139a9f2d","","remaining","","Restaurants","Restaurants","","","","","","{""status"":""pending"",""approved"":null,""alias"":""wingopolis-inglewood"",""slug"":null,""isComplete"":false,""completenessScore"":56,""qualityScore"":null,""isTest"":null,""auditTag"":null,""business_name"":"""",""address"":""740 Centinela Ave Ste 103 Inglewood, CA 90302"",""city"":"""",""state"":""CA""}","unchanged","false","status_not_public|incomplete_listing"
"67f73dec1d08a04e139a9c2d","red's flavor table","remaining","","Restaurants","Restaurants","","","","","","{""status"":""pending"",""approved"":null,""alias"":null,""slug"":null,""isComplete"":false,""completenessScore"":67,""qualityScore"":null,""isTest"":null,""auditTag"":null,""business_name"":""red's flavor table"",""address"":""254 N Market St Inglewood, CA 90301"",""city"":"""",""state"":""CA""}","unchanged","false","status_not_public|missing_alias_or_slug|incomplete_listing"
"67f73dec1d08a04e139a9b40","divine dips","remaining","","Restaurants","Restaurants","","","","","","{""status"":""pending"",""approved"":null,""alias"":null,""slug"":null,""isComplete"":false,""completenessScore"":67,""qualityScore"":null,""isTest"":null,""auditTag"":null,""business_name"":""divine dips"",""address"":""601 S Los Angeles St Los Angeles, CA 90014"",""city"":"""",""state"":""CA""}","unchanged","false","status_not_public|missing_alias_or_slug|incomplete_listing"
"67f73dec1d08a04e139a9b56","fleurs et sel","remaining","","Restaurants","Restaurants","","","","","","{""status"":""pending"",""approved"":null,""alias"":null,""slug"":null,""isComplete"":false,""completenessScore"":33,""qualityScore"":null,""isTest"":null,""auditTag"":null,""business_name"":""fleurs et sel"",""address"":"""",""city"":"""",""state"":""""}","unchanged","false","status_not_public|missing_alias_or_slug|incomplete_listing"
"67f73dec1d08a04e139a9c26","rockin cushions","remaining","","Shopping","Shopping","","","","","","{""status"":""pending"",""approved"":null,""alias"":null,""slug"":null,""isComplete"":false,""completenessScore"":67,""qualityScore"":null,""isTest"":null,""auditTag"":null,""business_name"":""rockin cushions"",""address"":""837 S Windsor Blvd Los Angeles, CA 90005"",""city"":"""",""state"":""CA""}","unchanged","false","status_not_public|missing_alias_or_slug|incomplete_listing"
"67f73dec1d08a04e139a9ad6","azla vegan","remaining","","Restaurants","Restaurants","","","","","","{""status"":""pending"",""approved"":null,""alias"":null,""slug"":null,""isComplete"":false,""completenessScore"":67,""qualityScore"":null,""isTest"":null,""auditTag"":null,""business_name"":""azla vegan"",""address"":""4309 Leimert Blvd Los Angeles, CA 90008"",""city"":"""",""state"":""CA""}","unchanged","false","status_not_public|missing_alias_or_slug|incomplete_listing"
"67f73dec1d08a04e139a9c2c","scv fish market","remaining","","Restaurants","Restaurants","","","","","","{""status"":""pending"",""approved"":null,""alias"":null,""slug"":null,""isComplete"":false,""completenessScore"":67,""qualityScore"":null,""isTest"":null,""auditTag"":null,""business_name"":""scv fish market"",""address"":""26234 Bouquet Canyon Rd Santa Clarita, CA 91350"",""city"":"""",""state"":""CA""}","unchanged","false","status_not_public|missing_alias_or_slug|incomplete_listing"
"67f73dec1d08a04e139a9ac2","5 star kitchen","remaining","","Restaurants","Restaurants","","","","","","{""status"":""pending"",""approved"":null,""alias"":null,""slug"":null,""isComplete"":false,""completenessScore"":67,""qualityScore"":null,""isTest"":null,""auditTag"":null,""business_name"":""5 star kitchen"",""address"":""2205 W Vernon Ave Los Angeles, CA 90008"",""city"":"""",""state"":""CA""}","unchanged","false","status_not_public|missing_alias_or_slug|incomplete_listing"
"67f73dec1d08a04e139a9ae0","bbq chef","remaining","","Restaurants","Restaurants","","","","","","{""status"":""pending"",""approved"":null,""alias"":null,""slug"":null,""isComplete"":false,""completenessScore"":67,""qualityScore"":null,""isTest"":null,""auditTag"":null,""business_name"":""bbq chef"",""address"":""1782 Martin Luther King Jr Ave Long Beach, CA 90813"",""city"":"""",""state"":""CA""}","unchanged","false","status_not_public|missing_alias_or_slug|incomplete_listing"
"67f73dec1d08a04e139a9bff","orleans & york","remaining","","Restaurants","Restaurants","","","","","","{""status"":""pending"",""approved"":null,""alias"":null,""slug"":null,""isComplete"":false,""completenessScore"":67,""qualityScore"":null,""isTest"":null,""auditTag"":null,""business_name"":""orleans & york"",""address"":""333 S Spring St Los Angeles, CA 90013"",""city"":"""",""state"":""CA""}","unchanged","false","status_not_public|missing_alias_or_slug|incomplete_listing"
"67f73df01d08a04e139a9eef","","remaining","","Restaurants","Restaurants","","","","","","{""status"":""pending"",""approved"":null,""alias"":null,""slug"":null,""isComplete"":false,""completenessScore"":44,""qualityScore"":null,""isTest"":null,""auditTag"":null,""business_name"":"""",""address"":""3209 W 54th St Los Angeles, CA 90037"",""city"":"""",""state"":""CA""}","unchanged","false","status_not_public|missing_alias_or_slug|incomplete_listing"
"67f73df01d08a04e139a9f1d","","remaining","","Restaurants","Restaurants","","","","","","{""status"":""pending"",""approved"":null,""alias"":""vanillablack-los-angeles"",""slug"":null,""isComplete"":false,""completenessScore"":44,""qualityScore"":null,""isTest"":null,""auditTag"":null,""business_name"":"""",""address"":""1825 Sunset Blvd Los Angeles, CA 90026"",""city"":"""",""state"":""CA""}","unchanged","false","status_not_public|incomplete_listing"
"67f73df01d08a04e139a9ed1","","remaining","","Restaurants","Restaurants","","","","","","{""status"":""pending"",""approved"":null,""alias"":""soul-food-renaissance-long-beach"",""slug"":null,""isComplete"":false,""completenessScore"":44,""qualityScore"":null,""isTest"":null,""auditTag"":null,""business_name"":"""",""address"":""6617 Cherry Ave Long Beach, CA 90805"",""city"":"""",""state"":""CA""}","unchanged","false","status_not_public|incomplete_listing"
"67f73df01d08a04e139a9ed8","","remaining","","Restaurants","Restaurants","","","","","","{""status"":""pending"",""approved"":null,""alias"":""stuff-i-eat-inglewood"",""slug"":null,""isComplete"":false,""completenessScore"":44,""qualityScore"":null,""isTest"":null,""auditTag"":null,""business_name"":"""",""address"":""114 N Market St Inglewood, CA 90301"",""city"":"""",""state"":""CA""}","unchanged","false","status_not_public|incomplete_listing"
"67f73df01d08a04e139a9f80","","remaining","","Keys & Locksmiths","Services","","","","","","{""status"":""rejected"",""approved"":false,""alias"":""-118.42395"",""slug"":null,""isComplete"":false,""completenessScore"":44,""qualityScore"":null,""isTest"":null,""auditTag"":null,""business_name"":"""",""address"":""3415 South Sepulveda Blvd Los Angeles, CA 90034"",""city"":"""",""state"":""CA""}","unchanged","false","status_not_public|incomplete_listing"
"67f73df01d08a04e139a9e7f","","remaining","","Restaurants","Restaurants","","","","","","{""status"":""pending"",""approved"":null,""alias"":null,""slug"":null,""isComplete"":false,""completenessScore"":22,""qualityScore"":null,""isTest"":null,""auditTag"":null,""business_name"":"""",""address"":"""",""city"":"""",""state"":""""}","unchanged","false","status_not_public|missing_alias_or_slug|incomplete_listing"
"67f73df01d08a04e139a9f67","","remaining","","Security Services","Services","","","","","","{""status"":""pending"",""approved"":null,""alias"":""-118.5733337"",""slug"":null,""isComplete"":false,""completenessScore"":44,""qualityScore"":null,""isTest"":null,""auditTag"":null,""business_name"":"""",""address"":""Los Angeles, CA 91306"",""city"":"""",""state"":""CA""}","unchanged","false","status_not_public|incomplete_listing"
"67f73df01d08a04e139a9f09","","remaining","","Restaurants","Restaurants","","","","","","{""status"":""pending"",""approved"":null,""alias"":""soul-food-shack-gardena"",""slug"":null,""isComplete"":false,""completenessScore"":44,""qualityScore"":null,""isTest"":null,""auditTag"":null,""business_name"":"""",""address"":""1762 W El Segundo Blvd Gardena, CA 90249"",""city"":"""",""state"":""CA""}","unchanged","false","status_not_public|incomplete_listing"
"67f73df01d08a04e139a9f79","","remaining","","First Aid Classes","Services","","","","","","{""status"":""pending"",""approved"":null,""alias"":""-118.2498932"",""slug"":null,""isComplete"":false,""completenessScore"":44,""qualityScore"":null,""isTest"":null,""auditTag"":null,""business_name"":"""",""address"":""Los Angeles, CA 90001"",""city"":"""",""state"":""CA""}","unchanged","false","status_not_public|incomplete_listing"
"67f73df01d08a04e139a9f7a","","remaining","","Web Design","Services","","","","","","{""status"":""pending"",""approved"":null,""alias"":""-118.3531311"",""slug"":null,""isComplete"":false,""completenessScore"":44,""qualityScore"":null,""isTest"":null,""auditTag"":null,""business_name"":"""",""address"":""Los Angeles, CA 90056"",""city"":"""",""state"":""CA""}","unchanged","false","status_not_public|incomplete_listing"
"67f73df01d08a04e139a9f78","","remaining","","Home Inspectors","Services","","","","","","{""status"":""pending"",""approved"":null,""alias"":""-118.33612"",""slug"":null,""isComplete"":false,""completenessScore"":44,""qualityScore"":null,""isTest"":null,""auditTag"":null,""business_name"":"""",""address"":""Los Angeles, CA 90043"",""city"":"""",""state"":""CA""}","unchanged","false","status_not_public|incomplete_listing"
"67f73df01d08a04e139a9f26","","remaining","","Restaurants","Restaurants","","","","","","{""status"":""pending"",""approved"":null,""alias"":""we-cupcake-inglewood"",""slug"":null,""isComplete"":false,""completenessScore"":56,""qualityScore"":null,""isTest"":null,""auditTag"":null,""business_name"":"""",""address"":""10807 Crenshaw Blvd Inglewood, CA 90303"",""city"":"""",""state"":""CA""}","unchanged","false","status_not_public|incomplete_listing"
"67f73df01d08a04e139a9f37","","remaining","","Restaurants","Restaurants","","","","","","{""status"":""pending"",""approved"":null,""alias"":""traceys-belizean-restaurant-los-angeles"",""slug"":null,""isComplete"":false,""completenessScore"":44,""qualityScore"":null,""isTest"":null,""auditTag"":null,""business_name"":"""",""address"":""3810 S Western Ave Los Angeles, CA 90062"",""city"":"""",""state"":""CA""}","unchanged","false","status_not_public|incomplete_listing"
"67f73df01d08a04e139a9f4e","","remaining","","Keys & Locksmiths","Services","","","","","","{""status"":""pending"",""approved"":null,""alias"":""-118.3829077"",""slug"":null,""isComplete"":false,""completenessScore"":44,""qualityScore"":null,""isTest"":null,""auditTag"":null,""business_name"":"""",""address"":""8719 Pickford St Los Angeles, CA 90035"",""city"":"""",""state"":""CA""}","unchanged","false","status_not_public|incomplete_listing"
"67f73df01d08a04e139a9ea4","","remaining","","Restaurants","Restaurants","","","","","","{""status"":""pending"",""approved"":null,""alias"":""ranch-side-cafe-sylmar"",""slug"":null,""isComplete"":false,""completenessScore"":56,""qualityScore"":null,""isTest"":null,""auditTag"":null,""business_name"":"""",""address"":""11355 Foothill Blvd Sylmar, CA 91342"",""city"":"""",""state"":""CA""}","unchanged","false","status_not_public|incomplete_listing"
"67f73dec1d08a04e139a9c38","sky's gourmet tacos","remaining","","Restaurants","Restaurants","","","","","","{""status"":""pending"",""approved"":null,""alias"":null,""slug"":null,""isComplete"":false,""completenessScore"":67,""qualityScore"":null,""isTest"":null,""auditTag"":null,""business_name"":""sky's gourmet tacos"",""address"":""5303 W Pico Blvd Los Angeles, CA 90019"",""city"":"""",""state"":""CA""}","unchanged","false","status_not_public|missing_alias_or_slug|incomplete_listing"
"67f73dec1d08a04e139a9b5e","fyrebird","remaining","","Restaurants","Restaurants","","","","","","{""status"":""pending"",""approved"":null,""alias"":null,""slug"":null,""isComplete"":false,""completenessScore"":67,""qualityScore"":null,""isTest"":null,""auditTag"":null,""business_name"":""fyrebird"",""address"":""15717 Crenshaw Blvd Gardena, CA 90249"",""city"":"""",""state"":""CA""}","unchanged","false","status_not_public|missing_alias_or_slug|incomplete_listing"
"67f73df01d08a04e139a9f12","","remaining","","Nightlife","Nightlife","","","","","","{""status"":""pending"",""approved"":null,""alias"":""the-8th-notch-los-angeles"",""slug"":null,""isComplete"":false,""completenessScore"":44,""qualityScore"":null,""isTest"":null,""auditTag"":null,""business_name"":"""",""address"":""3500 Wilshire Blvd Second Floor Los Angeles, CA 90010"",""city"":"""",""state"":""CA""}","unchanged","false","status_not_public|incomplete_listing"
"67f73dec1d08a04e139a9aad","FADE SOCIETY","remaining","","Barbershop","Beauty, Grooming and Personal Care","","","","","","{""status"":""pending"",""approved"":null,""alias"":null,""slug"":null,""isComplete"":true,""completenessScore"":78,""qualityScore"":null,""isTest"":null,""auditTag"":null,""business_name"":""FADE SOCIETY"",""address"":""Torrance, CA 90503"",""city"":"""",""state"":""CA""}","unchanged","false","status_not_public|missing_alias_or_slug"
"67f73dec1d08a04e139a9aca","aduke nigerian cuisine","remaining","","Restaurants","Restaurants","","","","","","{""status"":""pending"",""approved"":null,""alias"":null,""slug"":null,""isComplete"":false,""completenessScore"":67,""qualityScore"":null,""isTest"":null,""auditTag"":null,""business_name"":""aduke nigerian cuisine"",""address"":""1117 W Manchester Blvd Ste C Inglewood, CA 90301"",""city"":"""",""state"":""CA""}","unchanged","false","status_not_public|missing_alias_or_slug|incomplete_listing"
"67f73dec1d08a04e139a9afd","bree's cakes","remaining","","Restaurants","Restaurants","","","","","","{""status"":""pending"",""approved"":null,""alias"":null,""slug"":null,""isComplete"":false,""completenessScore"":67,""qualityScore"":null,""isTest"":null,""auditTag"":null,""business_name"":""bree's cakes"",""address"":""6740 Reseda Blvd Unit D Reseda, CA 91335"",""city"":"""",""state"":""CA""}","unchanged","false","status_not_public|missing_alias_or_slug|incomplete_listing"
"67f73dec1d08a04e139a9bca","mardi gras tuesday sherman oaks","remaining","","Restaurants","Restaurants","","","","","","{""status"":""pending"",""approved"":null,""alias"":null,""slug"":null,""isComplete"":true,""completenessScore"":78,""qualityScore"":null,""isTest"":null,""auditTag"":null,""business_name"":""mardi gras tuesday sherman oaks"",""address"":""14543 Ventura Blvd Sherman Oaks, CA 91403"",""city"":"""",""state"":""CA""}","unchanged","false","status_not_public|missing_alias_or_slug"
"67f73dec1d08a04e139a9ad1","alex's fish market","remaining","","Restaurants","Restaurants","","","","","","{""status"":""pending"",""approved"":null,""alias"":null,""slug"":null,""isComplete"":false,""completenessScore"":67,""qualityScore"":null,""isTest"":null,""auditTag"":null,""business_name"":""alex's fish market"",""address"":""1451 W Martin Luther King Jr Blvd Los Angeles, CA 90062"",""city"":"""",""state"":""CA""}","unchanged","false","status_not_public|missing_alias_or_slug|incomplete_listing"
"67f73dec1d08a04e139a9b16","caribbean gourmet","remaining","","Restaurants","Restaurants","","","","","","{""status"":""pending"",""approved"":null,""alias"":null,""slug"":null,""isComplete"":false,""completenessScore"":67,""qualityScore"":null,""isTest"":null,""auditTag"":null,""business_name"":""caribbean gourmet"",""address"":""45 N San Gabriel Blvd Pasadena, CA 91107"",""city"":"""",""state"":""CA""}","unchanged","false","status_not_public|missing_alias_or_slug|incomplete_listing"
"67f73dec1d08a04e139a9bb0","lee esther's creole & cajun cooking","remaining","","Restaurants","Restaurants","","","","","","{""status"":""pending"",""approved"":null,""alias"":null,""slug"":null,""isComplete"":false,""completenessScore"":67,""qualityScore"":null,""isTest"":null,""auditTag"":null,""business_name"":""lee esther's creole & cajun cooking"",""address"":""830 1/2 E Ave Q6 Palmdale, CA 93550"",""city"":"""",""state"":""CA""}","unchanged","false","status_not_public|missing_alias_or_slug|incomplete_listing"
"67f73dec1d08a04e139a9bb1","les sisters","remaining","","Restaurants","Restaurants","","","","","","{""status"":""pending"",""approved"":null,""alias"":null,""slug"":null,""isComplete"":true,""completenessScore"":78,""qualityScore"":null,""isTest"":null,""auditTag"":null,""business_name"":""les sisters"",""address"":""21818 Devonshire St Chatsworth, CA 91311"",""city"":"""",""state"":""CA""}","unchanged","false","status_not_public|missing_alias_or_slug"
"67f73dec1d08a04e139a9c2f","say cheese","remaining","","Restaurants","Restaurants","","","","","","{""status"":""pending"",""approved"":null,""alias"":null,""slug"":null,""isComplete"":true,""completenessScore"":78,""qualityScore"":null,""isTest"":null,""auditTag"":null,""business_name"":""say cheese"",""address"":""2800 Hyperion Ave Los Angeles, CA 90027"",""city"":"""",""state"":""CA""}","unchanged","false","status_not_public|missing_alias_or_slug"
"67f73df01d08a04e139a9f43","","remaining","","Event Photography","Services","","","","","","{""status"":""pending"",""approved"":null,""alias"":""-118.39741"",""slug"":null,""isComplete"":false,""completenessScore"":44,""qualityScore"":null,""isTest"":null,""auditTag"":null,""business_name"":"""",""address"":""Los Angeles, CA 90210"",""city"":"""",""state"":""CA""}","unchanged","false","status_not_public|incomplete_listing"
"67f73df01d08a04e139a9f58","","remaining","","Car Wash","Services","","","","","","{""status"":""pending"",""approved"":null,""alias"":""-118.3386688"",""slug"":null,""isComplete"":false,""completenessScore"":44,""qualityScore"":null,""isTest"":null,""auditTag"":null,""business_name"":"""",""address"":""Los Angeles, CA 90019"",""city"":"""",""state"":""CA""}","unchanged","false","status_not_public|incomplete_listing"
"67f73df01d08a04e139a9ea5","","remaining","","Restaurants","Restaurants","","","","","","{""status"":""pending"",""approved"":null,""alias"":""phat-birds-los-angeles-6"",""slug"":null,""isComplete"":false,""completenessScore"":44,""qualityScore"":null,""isTest"":null,""auditTag"":null,""business_name"":"""",""address"":""3705 W Sunset Blvd Los Angeles, CA 90026"",""city"":"""",""state"":""CA""}","unchanged","false","status_not_public|incomplete_listing"
"67f73df01d08a04e139a9efd","","remaining","","Shopping","Shopping","","","","","","{""status"":""pending"",""approved"":null,""alias"":""ikea-burbank-7"",""slug"":null,""isComplete"":false,""completenessScore"":56,""qualityScore"":null,""isTest"":null,""auditTag"":null,""business_name"":"""",""address"":""600 Ikea Way Burbank, CA 91502"",""city"":"""",""state"":""CA""}","unchanged","false","status_not_public|incomplete_listing"
"67f73dec1d08a04e139a9ac6","a&d wholesale vintage clothing","remaining","","Shopping","Shopping","","","","","","{""status"":""pending"",""approved"":null,""alias"":null,""slug"":null,""isComplete"":true,""completenessScore"":78,""qualityScore"":null,""isTest"":null,""auditTag"":null,""business_name"":""a&d wholesale vintage clothing"",""address"":""3501 Union Pacific Ave Los Angeles, CA 90023"",""city"":"""",""state"":""CA""}","unchanged","false","status_not_public|missing_alias_or_slug"
"67f73df01d08a04e139a9e6c","","remaining","","Restaurants","Restaurants","","","","","","{""status"":""pending"",""approved"":null,""alias"":""melkam-ethiopian-restaurant-los-angeles"",""slug"":null,""isComplete"":false,""completenessScore"":44,""qualityScore"":null,""isTest"":null,""auditTag"":null,""business_name"":"""",""address"":""3182 W Pico Blvd Los Angeles, CA 90019"",""city"":"""",""state"":""CA""}","unchanged","false","status_not_public|incomplete_listing"
"67f73df01d08a04e139a9ee3","","remaining","","Restaurants","Restaurants","","","","","","{""status"":""pending"",""approved"":null,""alias"":""t-and-t-lifestyle-los-angeles"",""slug"":null,""isComplete"":false,""completenessScore"":44,""qualityScore"":null,""isTest"":null,""auditTag"":null,""business_name"":"""",""address"":""11419 Santa Monica Blvd Los Angeles, CA 90025"",""city"":"""",""state"":""CA""}","unchanged","false","status_not_public|incomplete_listing"
"67f73df01d08a04e139a9f13","","remaining","","Restaurants","Restaurants","","","","","","{""status"":""pending"",""approved"":null,""alias"":""tisket-a-tasket-catering-and-food-services-los-angeles"",""slug"":null,""isComplete"":false,""completenessScore"":44,""qualityScore"":null,""isTest"":null,""auditTag"":null,""business_name"":"""",""address"":""3850 W Slauson Ave Los Angeles, CA 90043"",""city"":"""",""state"":""CA""}","unchanged","false","status_not_public|incomplete_listing"
"67f73dec1d08a04e139a9b14","cake buzz","remaining","","Restaurants","Restaurants","","","","","","{""status"":""pending"",""approved"":null,""alias"":null,""slug"":null,""isComplete"":false,""completenessScore"":67,""qualityScore"":null,""isTest"":null,""auditTag"":null,""business_name"":""cake buzz"",""address"":""2701 Artesia Blvd Redondo Beach, CA 90278"",""city"":"""",""state"":""CA""}","unchanged","false","status_not_public|missing_alias_or_slug|incomplete_listing"
"67f73dec1d08a04e139a9b4e","ekua ceramics (ceramics)","remaining","","Gym, Fitness Health and Wellness","Gym, Fitness Health and Wellness","","","","","","{""status"":""pending"",""approved"":null,""alias"":null,""slug"":null,""isComplete"":false,""completenessScore"":44,""qualityScore"":null,""isTest"":null,""auditTag"":null,""business_name"":""ekua ceramics (ceramics)"",""address"":"""",""city"":"""",""state"":""""}","unchanged","false","status_not_public|missing_alias_or_slug|incomplete_listing"
"67f73df01d08a04e139a9ef1","","remaining","","Restaurants","Restaurants","","","","","","{""status"":""pending"",""approved"":null,""alias"":""the-juice-los-angeles"",""slug"":null,""isComplete"":false,""completenessScore"":44,""qualityScore"":null,""isTest"":null,""auditTag"":null,""business_name"":"""",""address"":""3145 Glendale Blvd Los Angeles, CA 90039"",""city"":"""",""state"":""CA""}","unchanged","false","status_not_public|incomplete_listing"
"67f73dec1d08a04e139a9b01","brownie points for you","remaining","","Shopping","Shopping","","","","","","{""status"":""pending"",""approved"":null,""alias"":null,""slug"":null,""isComplete"":false,""completenessScore"":44,""qualityScore"":null,""isTest"":null,""auditTag"":null,""business_name"":""brownie points for you"",""address"":"""",""city"":"""",""state"":""""}","unchanged","false","status_not_public|missing_alias_or_slug|incomplete_listing"
"67f73dec1d08a04e139a9b2b","cravin crab cakes","remaining","","Restaurants","Restaurants","","","","","","{""status"":""pending"",""approved"":null,""alias"":null,""slug"":null,""isComplete"":false,""completenessScore"":67,""qualityScore"":null,""isTest"":null,""auditTag"":null,""business_name"":""cravin crab cakes"",""address"":""Pasadena, CA"",""city"":"""",""state"":""CA""}","unchanged","false","status_not_public|missing_alias_or_slug|incomplete_listing"
"67f73df01d08a04e139a9f8e","","remaining","","Home Inspectors","Services","","","","","","{""status"":""rejected"",""approved"":false,""alias"":""-118.3893"",""slug"":null,""isComplete"":false,""completenessScore"":44,""qualityScore"":null,""isTest"":null,""auditTag"":null,""business_name"":"""",""address"":""Los Angeles, CA 90045"",""city"":"""",""state"":""CA""}","unchanged","false","status_not_public|incomplete_listing"
"67f73dec1d08a04e139a9c08","philthy rags","remaining","","Shopping","Shopping","","","","","","{""status"":""pending"",""approved"":null,""alias"":null,""slug"":null,""isComplete"":false,""completenessScore"":67,""qualityScore"":null,""isTest"":null,""auditTag"":null,""business_name"":""philthy rags"",""address"":""201 S Market St., Inglewood, CA 90301"",""city"":"""",""state"":""CA""}","unchanged","false","status_not_public|missing_alias_or_slug|incomplete_listing"
"67f73dec1d08a04e139a9c33","renowned","remaining","","Shopping","Shopping","","","","","","{""status"":""pending"",""approved"":null,""alias"":null,""slug"":null,""isComplete"":false,""completenessScore"":44,""qualityScore"":null,""isTest"":null,""auditTag"":null,""business_name"":""renowned"",""address"":"""",""city"":"""",""state"":""""}","unchanged","false","status_not_public|missing_alias_or_slug|incomplete_listing"
"67f73dec1d08a04e139a9bd2","mann handmade","remaining","","Gym, Fitness Health and Wellness","Gym, Fitness Health and Wellness","","","","","","{""status"":""pending"",""approved"":null,""alias"":null,""slug"":null,""isComplete"":false,""completenessScore"":56,""qualityScore"":null,""isTest"":null,""auditTag"":null,""business_name"":""mann handmade"",""address"":"""",""city"":"""",""state"":""""}","unchanged","false","status_not_public|missing_alias_or_slug|incomplete_listing"
"67f73df01d08a04e139a9e73","","remaining","","Restaurants","Restaurants","","","","","","{""status"":""pending"",""approved"":null,""alias"":""my-place-cafe-pasadena"",""slug"":null,""isComplete"":false,""completenessScore"":44,""qualityScore"":null,""isTest"":null,""auditTag"":null,""business_name"":"""",""address"":""2057 N Los Robles Ave Unit 10 Pasadena, CA 91104"",""city"":"""",""state"":""CA""}","unchanged","false","status_not_public|incomplete_listing"
"67f73dec1d08a04e139a9bcc","mar's caribbean gardens","remaining","","Restaurants","Restaurants","","","","","","{""status"":""pending"",""approved"":null,""alias"":null,""slug"":null,""isComplete"":true,""completenessScore"":78,""qualityScore"":null,""isTest"":null,""auditTag"":null,""business_name"":""mar's caribbean gardens"",""address"":""14008 Crenshaw Blvd Gardena, CA 90249"",""city"":"""",""state"":""CA""}","unchanged","false","status_not_public|missing_alias_or_slug"
"67f73df01d08a04e139a9f5b","","remaining","","Acupuncture","Services","","","","","","{""status"":""pending"",""approved"":null,""alias"":""-118.4204284"",""slug"":null,""isComplete"":false,""completenessScore"":44,""qualityScore"":null,""isTest"":null,""auditTag"":null,""business_name"":"""",""address"":""10801 National Blvd Ste 210 Los Angeles, CA 90064"",""city"":"""",""state"":""CA""}","unchanged","false","status_not_public|incomplete_listing"
"67f73df01d08a04e139a9f6b","","remaining","","Marketing","Services","","","","","","{""status"":""pending"",""approved"":null,""alias"":""-118.34984"",""slug"":null,""isComplete"":false,""completenessScore"":44,""qualityScore"":null,""isTest"":null,""auditTag"":null,""business_name"":"""",""address"":""Los Angeles, CA 90036"",""city"":"""",""state"":""CA""}","unchanged","false","status_not_public|incomplete_listing"
"67f73df01d08a04e139a9f72","","remaining","","Personal Injury Law","Services","","","","","","{""status"":""pending"",""approved"":null,""alias"":""-118.34872"",""slug"":null,""isComplete"":false,""completenessScore"":44,""qualityScore"":null,""isTest"":null,""auditTag"":null,""business_name"":"""",""address"":""Los Angeles, CA 90008"",""city"":"""",""state"":""CA""}","unchanged","false","status_not_public|incomplete_listing"
"67f73df01d08a04e139a9f83","","remaining","","Mortgage Brokers","Services","","","","","","{""status"":""rejected"",""approved"":false,""alias"":""-118.24968"",""slug"":null,""isComplete"":false,""completenessScore"":44,""qualityScore"":null,""isTest"":null,""auditTag"":null,""business_name"":"""",""address"":""Los Angeles, CA 90001"",""city"":"""",""state"":""CA""}","unchanged","false","status_not_public|incomplete_listing"
"67f73dec1d08a04e139a9c20","ride on! bike shop/co-op","remaining","","Services","Services","","","","","","{""status"":""pending"",""approved"":null,""alias"":null,""slug"":null,""isComplete"":true,""completenessScore"":78,""qualityScore"":null,""isTest"":null,""auditTag"":null,""business_name"":""ride on! bike shop/co-op"",""address"":""4319 Degnan Blvd Los Angeles, CA 90008"",""city"":"""",""state"":""CA""}","unchanged","false","status_not_public|missing_alias_or_slug"
"67f73df01d08a04e139a9f29","","remaining","","Restaurants","Restaurants","","","","","","{""status"":""pending"",""approved"":null,""alias"":""time-2-grub-lancaster-4"",""slug"":null,""isComplete"":false,""completenessScore"":44,""qualityScore"":null,""isTest"":null,""auditTag"":null,""business_name"":"""",""address"":""1140 Commerce Center Dr Ste P11 inside Sol Plaza Boutique Mall Lancaster, CA 93534"",""city"":"""",""state"":""CA""}","unchanged","false","status_not_public|incomplete_listing"
"67f73df01d08a04e139a9f3e","","remaining","","Cannabis Dispensaries","Shopping","","","","","","{""status"":""pending"",""approved"":null,""alias"":""-118.358654"",""slug"":null,""isComplete"":false,""completenessScore"":44,""qualityScore"":null,""isTest"":null,""auditTag"":null,""business_name"":"""",""address"":""10442 W Magnolia Blvd Los Angeles, CA 91601"",""city"":"""",""state"":""CA""}","unchanged","false","status_not_public|incomplete_listing"
"67f73df01d08a04e139a9f4f","","remaining","","Restaurants","Restaurants","","","","","","{""status"":""pending"",""approved"":null,""alias"":""trencher-los-angeles-2"",""slug"":null,""isComplete"":false,""completenessScore"":44,""qualityScore"":null,""isTest"":null,""auditTag"":null,""business_name"":"""",""address"":""1305 Portia St Los Angeles, CA 90026"",""city"":"""",""state"":""CA""}","unchanged","false","status_not_public|incomplete_listing"
"67f73df01d08a04e139a9f76","","remaining","","Session Photography","Services","","","","","","{""status"":""pending"",""approved"":null,""alias"":""-118.38079"",""slug"":null,""isComplete"":false,""completenessScore"":33,""qualityScore"":null,""isTest"":null,""auditTag"":null,""business_name"":"""",""address"":""Los Angeles, CA 90035"",""city"":"""",""state"":""CA""}","unchanged","false","status_not_public|incomplete_listing"
"67f73dec1d08a04e139a9c1d","ribtown bbq","remaining","","Restaurants","Restaurants","","","","","","{""status"":""pending"",""approved"":null,""alias"":null,""slug"":null,""isComplete"":false,""completenessScore"":56,""qualityScore"":null,""isTest"":null,""auditTag"":null,""business_name"":""ribtown bbq"",""address"":""2125 W Jefferson Blvd Los Angeles, CA 90018"",""city"":"""",""state"":""CA""}","unchanged","false","status_not_public|missing_alias_or_slug|incomplete_listing"
"67f73dec1d08a04e139a9bc8","mandana blvd","remaining","","Shopping","Shopping","","","","","","{""status"":""pending"",""approved"":null,""alias"":null,""slug"":null,""isComplete"":false,""completenessScore"":44,""qualityScore"":null,""isTest"":null,""auditTag"":null,""business_name"":""mandana blvd"",""address"":"""",""city"":"""",""state"":""""}","unchanged","false","status_not_public|missing_alias_or_slug|incomplete_listing"
"67f73dec1d08a04e139a9bcd","merkato","remaining","","Restaurants","Restaurants","","","","","","{""status"":""pending"",""approved"":null,""alias"":null,""slug"":null,""isComplete"":false,""completenessScore"":67,""qualityScore"":null,""isTest"":null,""auditTag"":null,""business_name"":""merkato"",""address"":""1036 S Fairfax Ave Los Angeles, CA 90019"",""city"":"""",""state"":""CA""}","unchanged","false","status_not_public|missing_alias_or_slug|incomplete_listing"
"67f73dec1d08a04e139a9b70","hilltop's jamaican market & restaurant","remaining","","Restaurants","Restaurants","","","","","","{""status"":""pending"",""approved"":null,""alias"":null,""slug"":null,""isComplete"":false,""completenessScore"":67,""qualityScore"":null,""isTest"":null,""auditTag"":null,""business_name"":""hilltop's jamaican market & restaurant"",""address"":""1061 E Holt Ave Pomona, CA 91767"",""city"":"""",""state"":""CA""}","unchanged","false","status_not_public|missing_alias_or_slug|incomplete_listing"
"67f73dec1d08a04e139a9ad9","baba's vegan cafe","remaining","","Restaurants","Restaurants","","","","","","{""status"":""pending"",""approved"":null,""alias"":null,""slug"":null,""isComplete"":false,""completenessScore"":67,""qualityScore"":null,""isTest"":null,""auditTag"":null,""business_name"":""baba's vegan cafe"",""address"":""4344 Degnan Blvd Los Angeles, CA 90008"",""city"":"""",""state"":""CA""}","unchanged","false","status_not_public|missing_alias_or_slug|incomplete_listing"
"67f73dec1d08a04e139a9b23","cj's elegance","remaining","","Shopping","Shopping","","","","","","{""status"":""pending"",""approved"":null,""alias"":null,""slug"":null,""isComplete"":true,""completenessScore"":78,""qualityScore"":null,""isTest"":null,""auditTag"":null,""business_name"":""cj's elegance"",""address"":""4446 W Slauson Ave, Windsor Hills, CA 90043"",""city"":"""",""state"":""CA""}","unchanged","false","status_not_public|missing_alias_or_slug"
"67f73dec1d08a04e139a9b93","karuba's yardy kitchen","remaining","","Restaurants","Restaurants","","","","","","{""status"":""pending"",""approved"":null,""alias"":null,""slug"":null,""isComplete"":false,""completenessScore"":67,""qualityScore"":null,""isTest"":null,""auditTag"":null,""business_name"":""karuba's yardy kitchen"",""address"":""1300 Centinela Ave Unit 103 Inglewood, CA 90302"",""city"":"""",""state"":""CA""}","unchanged","false","status_not_public|missing_alias_or_slug|incomplete_listing"
"67f73dec1d08a04e139a9bae","lee's caribbean restaurant","remaining","","Restaurants","Restaurants","","","","","","{""status"":""pending"",""approved"":null,""alias"":null,""slug"":null,""isComplete"":false,""completenessScore"":56,""qualityScore"":null,""isTest"":null,""auditTag"":null,""business_name"":""lee's caribbean restaurant"",""address"":""1041 S Prairie Ave Inglewood, CA 90301"",""city"":"""",""state"":""CA""}","unchanged","false","status_not_public|missing_alias_or_slug|incomplete_listing"
"67f73dec1d08a04e139a9c3c","shaquille's restaurant","remaining","","Restaurants","Restaurants","","","","","","{""status"":""pending"",""approved"":null,""alias"":null,""slug"":null,""isComplete"":false,""completenessScore"":67,""qualityScore"":null,""isTest"":null,""auditTag"":null,""business_name"":""shaquille's restaurant"",""address"":""800 W Olympic Blvd Ste A150 Los Angeles, CA 90015"",""city"":"""",""state"":""CA""}","unchanged","false","status_not_public|missing_alias_or_slug|incomplete_listing"
"67f73dec1d08a04e139a9af9","bohemian house of espresso + chai","remaining","","Restaurants","Restaurants","","","","","","{""status"":""pending"",""approved"":null,""alias"":null,""slug"":null,""isComplete"":false,""completenessScore"":67,""qualityScore"":null,""isTest"":null,""auditTag"":null,""business_name"":""bohemian house of espresso + chai"",""address"":""548 S Spring St R110 Los Angeles, CA 90013"",""city"":"""",""state"":""CA""}","unchanged","false","status_not_public|missing_alias_or_slug|incomplete_listing"
"67f73dec1d08a04e139a9bbf","lot xi","remaining","","Shopping","Shopping","","","","","","{""status"":""pending"",""approved"":null,""alias"":null,""slug"":null,""isComplete"":false,""completenessScore"":44,""qualityScore"":null,""isTest"":null,""auditTag"":null,""business_name"":""lot xi"",""address"":"""",""city"":"""",""state"":""""}","unchanged","false","status_not_public|missing_alias_or_slug|incomplete_listing"
"67f73dec1d08a04e139a9beb","northtown bistro","remaining","","Restaurants","Restaurants","","","","","","{""status"":""pending"",""approved"":null,""alias"":null,""slug"":null,""isComplete"":false,""completenessScore"":44,""qualityScore"":null,""isTest"":null,""auditTag"":null,""business_name"":""northtown bistro"",""address"":"""",""city"":"""",""state"":""""}","unchanged","false","status_not_public|missing_alias_or_slug|incomplete_listing"
"67f73dec1d08a04e139a9c0b","pizza of venice","remaining","","Restaurants","Restaurants","","","","","","{""status"":""pending"",""approved"":null,""alias"":null,""slug"":null,""isComplete"":false,""completenessScore"":67,""qualityScore"":null,""isTest"":null,""auditTag"":null,""business_name"":""pizza of venice"",""address"":""2545 N Fair Oaks Ave Altadena, CA 91001"",""city"":"""",""state"":""CA""}","unchanged","false","status_not_public|missing_alias_or_slug|incomplete_listing"
"67f73dec1d08a04e139a9b79","hilltop coffee + kitchen","remaining","","Restaurants","Restaurants","","","","","","{""status"":""pending"",""approved"":null,""alias"":null,""slug"":null,""isComplete"":true,""completenessScore"":78,""qualityScore"":null,""isTest"":null,""auditTag"":null,""business_name"":""hilltop coffee + kitchen"",""address"":""4427 W Slauson Ave Los Angeles, CA 90043"",""city"":"""",""state"":""CA""}","unchanged","false","status_not_public|missing_alias_or_slug"
"67f73dec1d08a04e139a9b91","just turkey","remaining","","Restaurants","Restaurants","","","","","","{""status"":""pending"",""approved"":null,""alias"":null,""slug"":null,""isComplete"":false,""completenessScore"":67,""qualityScore"":null,""isTest"":null,""auditTag"":null,""business_name"":""just turkey"",""address"":""3340 La Cienega Blvd Los Angeles, CA 90016"",""city"":"""",""state"":""CA""}","unchanged","false","status_not_public|missing_alias_or_slug|incomplete_listing"
"67f73df01d08a04e139a9ec4","","remaining","","Shopping","Shopping","","","","","","{""status"":""pending"",""approved"":null,""alias"":null,""slug"":null,""isComplete"":false,""completenessScore"":22,""qualityScore"":null,""isTest"":null,""auditTag"":null,""business_name"":"""",""address"":"""",""city"":"""",""state"":""""}","unchanged","false","status_not_public|missing_alias_or_slug|incomplete_listing"
"67f73df01d08a04e139a9f1a","","remaining","","Restaurants","Restaurants","","","","","","{""status"":""pending"",""approved"":null,""alias"":""undergrind-cafe-los-angeles"",""slug"":null,""isComplete"":false,""completenessScore"":56,""qualityScore"":null,""isTest"":null,""auditTag"":null,""business_name"":"""",""address"":""2713 S Robertson Blvd Los Angeles, CA 90034"",""city"":"""",""state"":""CA""}","unchanged","false","status_not_public|incomplete_listing"
"67f73df01d08a04e139a9f2e","","remaining","","Restaurants","Restaurants","","","","","","{""status"":""pending"",""approved"":null,""alias"":""wings-and-pot-los-angeles"",""slug"":null,""isComplete"":false,""completenessScore"":44,""qualityScore"":null,""isTest"":null,""auditTag"":null,""business_name"":"""",""address"":""2108 W Manchester Ave Los Angeles, CA 90047"",""city"":"""",""state"":""CA""}","unchanged","false","status_not_public|incomplete_listing"
"67f73df01d08a04e139a9f38","","remaining","","Shopping","Shopping","","","","","","{""status"":""pending"",""approved"":null,""alias"":null,""slug"":null,""isComplete"":false,""completenessScore"":22,""qualityScore"":null,""isTest"":null,""auditTag"":null,""business_name"":"""",""address"":"""",""city"":"""",""state"":""""}","unchanged","false","status_not_public|missing_alias_or_slug|incomplete_listing"
"67f73df01d08a04e139a9ef9","","remaining","","Restaurants","Restaurants","","","","","","{""status"":""pending"",""approved"":null,""alias"":""the-original-coley-s-los-angeles"",""slug"":null,""isComplete"":false,""completenessScore"":44,""qualityScore"":null,""isTest"":null,""auditTag"":null,""business_name"":"""",""address"":""Los Angeles, CA 90001"",""city"":"""",""state"":""CA""}","unchanged","false","status_not_public|incomplete_listing"
"67f73df01d08a04e139a9f00","","remaining","","Shopping","Shopping","","","","","","{""status"":""pending"",""approved"":null,""alias"":null,""slug"":null,""isComplete"":false,""completenessScore"":44,""qualityScore"":null,""isTest"":null,""auditTag"":null,""business_name"":"""",""address"":""6230 Wilshire Blvd #71 Los Angeles, CA 90048"",""city"":"""",""state"":""CA""}","unchanged","false","status_not_public|missing_alias_or_slug|incomplete_listing"
"67f73df01d08a04e139a9f04","","remaining","","Shopping","Shopping","","","","","","{""status"":""pending"",""approved"":null,""alias"":""shop-the-runway-boutique-whittier-2"",""slug"":null,""isComplete"":false,""completenessScore"":56,""qualityScore"":null,""isTest"":null,""auditTag"":null,""business_name"":"""",""address"":""6737 Greenleaf Ave Whittier, CA 90601"",""city"":"""",""state"":""CA""}","unchanged","false","status_not_public|incomplete_listing"
"67f73dec1d08a04e139a9b81","interior obsession","remaining","","Services","Services","","","","","","{""status"":""pending"",""approved"":null,""alias"":null,""slug"":null,""isComplete"":false,""completenessScore"":56,""qualityScore"":null,""isTest"":null,""auditTag"":null,""business_name"":""interior obsession"",""address"":"""",""city"":"""",""state"":""""}","unchanged","false","status_not_public|missing_alias_or_slug|incomplete_listing"
"67f73dec1d08a04e139a9b83","jordan's hot dogs","remaining","","Restaurants","Restaurants","","","","","","{""status"":""pending"",""approved"":null,""alias"":null,""slug"":null,""isComplete"":false,""completenessScore"":67,""qualityScore"":null,""isTest"":null,""auditTag"":null,""business_name"":""jordan's hot dogs"",""address"":""5960 Crenshaw Blvd Los Angeles, CA 90043"",""city"":"""",""state"":""CA""}","unchanged","false","status_not_public|missing_alias_or_slug|incomplete_listing"
"67f73df01d08a04e139a9e8d","","remaining","","Restaurants","Restaurants","","","","","","{""status"":""pending"",""approved"":null,""alias"":""papa-johns-pizza-los-angeles-20"",""slug"":null,""isComplete"":false,""completenessScore"":44,""qualityScore"":null,""isTest"":null,""auditTag"":null,""business_name"":"""",""address"":""7150 Beverly Blvd Los Angeles, CA 90036"",""city"":"""",""state"":""CA""}","unchanged","false","status_not_public|incomplete_listing"
"67f73df01d08a04e139a9eb6","","remaining","","Restaurants","Restaurants","","","","","","{""status"":""pending"",""approved"":null,""alias"":""r-and-r-soul-food-restaurant-carson"",""slug"":null,""isComplete"":false,""completenessScore"":44,""qualityScore"":null,""isTest"":null,""auditTag"":null,""business_name"":"""",""address"":""18427 Avalon Blvd Carson, CA 90746"",""city"":"""",""state"":""CA""}","unchanged","false","status_not_public|incomplete_listing"
"67f73dec1d08a04e139a9b50","family fish market","remaining","","Restaurants","Restaurants","","","","","","{""status"":""pending"",""approved"":null,""alias"":null,""slug"":null,""isComplete"":false,""completenessScore"":67,""qualityScore"":null,""isTest"":null,""auditTag"":null,""business_name"":""family fish market"",""address"":""1300 Centinela Ave Inglewood, CA 90302"",""city"":"""",""state"":""CA""}","unchanged","false","status_not_public|missing_alias_or_slug|incomplete_listing"
"67f73dec1d08a04e139a9bab","leafy green creations","remaining","","Services","Services","","","","","","{""status"":""pending"",""approved"":null,""alias"":null,""slug"":null,""isComplete"":false,""completenessScore"":44,""qualityScore"":null,""isTest"":null,""auditTag"":null,""business_name"":""leafy green creations"",""address"":"""",""city"":"""",""state"":""""}","unchanged","false","status_not_public|missing_alias_or_slug|incomplete_listing"
"67f73df01d08a04e139a9e72","","remaining","","Restaurants","Restaurants","","","","","","{""status"":""pending"",""approved"":null,""alias"":""mo-better-burgers-south-bay-hawthorne"",""slug"":null,""isComplete"":false,""completenessScore"":56,""qualityScore"":null,""isTest"":null,""auditTag"":null,""business_name"":"""",""address"":""12734 Crenshaw Blvd Hawthorne, CA 90250"",""city"":"""",""state"":""CA""}","unchanged","false","status_not_public|incomplete_listing"
"67f73dec1d08a04e139a9bd7","munchie madness","remaining","","Restaurants","Restaurants","","","","","","{""status"":""pending"",""approved"":null,""alias"":null,""slug"":null,""isComplete"":false,""completenessScore"":67,""qualityScore"":null,""isTest"":null,""auditTag"":null,""business_name"":""munchie madness"",""address"":""5300 W Olympic Blvd Los Angeles, CA 90019"",""city"":"""",""state"":""CA""}","unchanged","false","status_not_public|missing_alias_or_slug|incomplete_listing"
"67f73df01d08a04e139a9ee1","","remaining","","Restaurants","Restaurants","","","","","","{""status"":""pending"",""approved"":null,""alias"":""sweet-blessings-by-cyler-los-angeles"",""slug"":null,""isComplete"":false,""completenessScore"":44,""qualityScore"":null,""isTest"":null,""auditTag"":null,""business_name"":"""",""address"":""14126 Sherman Way Ste 1 Los Angeles, CA 91405"",""city"":"""",""state"":""CA""}","unchanged","false","status_not_public|incomplete_listing"
"67f73dec1d08a04e139a9c34","sal's gumbo shack","remaining","","Restaurants","Restaurants","","","","","","{""status"":""pending"",""approved"":null,""alias"":null,""slug"":null,""isComplete"":false,""completenessScore"":67,""qualityScore"":null,""isTest"":null,""auditTag"":null,""business_name"":""sal's gumbo shack"",""address"":""6148 Long Beach Blvd Long Beach, CA 90805"",""city"":"""",""state"":""CA""}","unchanged","false","status_not_public|missing_alias_or_slug|incomplete_listing"
"67f73dec1d08a04e139a9c36","sergio hudson","remaining","","Shopping","Shopping","","","","","","{""status"":""pending"",""approved"":null,""alias"":null,""slug"":null,""isComplete"":false,""completenessScore"":44,""qualityScore"":null,""isTest"":null,""auditTag"":null,""business_name"":""sergio hudson"",""address"":"""",""city"":"""",""state"":""""}","unchanged","false","status_not_public|missing_alias_or_slug|incomplete_listing"
"67f73dec1d08a04e139a9aec","beyond vegan","remaining","","Restaurants","Restaurants","","","","","","{""status"":""pending"",""approved"":null,""alias"":null,""slug"":null,""isComplete"":false,""completenessScore"":67,""qualityScore"":null,""isTest"":null,""auditTag"":null,""business_name"":""beyond vegan"",""address"":""485 S Fairfax Ave Los Angeles, CA 90036"",""city"":"""",""state"":""CA""}","unchanged","false","status_not_public|missing_alias_or_slug|incomplete_listing"
"67f73dec1d08a04e139a9aed","bephie","remaining","","Shopping","Shopping","","","","","","{""status"":""pending"",""approved"":null,""alias"":null,""slug"":null,""isComplete"":false,""completenessScore"":44,""qualityScore"":null,""isTest"":null,""auditTag"":null,""business_name"":""bephie"",""address"":"""",""city"":"""",""state"":""""}","unchanged","false","status_not_public|missing_alias_or_slug|incomplete_listing"
"67f73dec1d08a04e139a9b1f","chipper & cheeky","remaining","","Restaurants","Restaurants","","","","","","{""status"":""pending"",""approved"":null,""alias"":null,""slug"":null,""isComplete"":false,""completenessScore"":67,""qualityScore"":null,""isTest"":null,""auditTag"":null,""business_name"":""chipper & cheeky"",""address"":""Los Angeles, CA 91353"",""city"":"""",""state"":""CA""}","unchanged","false","status_not_public|missing_alias_or_slug|incomplete_listing"
"67f73dec1d08a04e139a9bf8","obet & del's coffee","remaining","","Restaurants","Restaurants","","","","","","{""status"":""pending"",""approved"":null,""alias"":null,""slug"":null,""isComplete"":false,""completenessScore"":67,""qualityScore"":null,""isTest"":null,""auditTag"":null,""business_name"":""obet & del's coffee"",""address"":""5233 Hollywood Blvd Los Angeles, CA 90027"",""city"":"""",""state"":""CA""}","unchanged","false","status_not_public|missing_alias_or_slug|incomplete_listing"
"67f73dec1d08a04e139a9ab7","The Barber Bureau","remaining","","Barbershop","Beauty, Grooming and Personal Care","","","","","","{""status"":""pending"",""approved"":null,""alias"":null,""slug"":null,""isComplete"":true,""completenessScore"":78,""qualityScore"":null,""isTest"":null,""auditTag"":null,""business_name"":""The Barber Bureau"",""address"":""443 W Foothill Blvd, Monrovia, CA 91016"",""city"":"""",""state"":""CA""}","unchanged","false","status_not_public|missing_alias_or_slug"
"67f73dec1d08a04e139a9b62","gram's mission bbq","remaining","","Restaurants","Restaurants","","","","","","{""status"":""pending"",""approved"":null,""alias"":null,""slug"":null,""isComplete"":false,""completenessScore"":67,""qualityScore"":null,""isTest"":null,""auditTag"":null,""business_name"":""gram's mission bbq"",""address"":""3527 Main St Riverside, CA 92501"",""city"":"""",""state"":""CA""}","unchanged","false","status_not_public|missing_alias_or_slug|incomplete_listing"
"67f73dec1d08a04e139a9bd8","munchies diner","remaining","","Restaurants","Restaurants","","","","","","{""status"":""pending"",""approved"":null,""alias"":null,""slug"":null,""isComplete"":false,""completenessScore"":67,""qualityScore"":null,""isTest"":null,""auditTag"":null,""business_name"":""munchies diner"",""address"":""313 N Bush St Santa Ana, CA 92701"",""city"":"""",""state"":""CA""}","unchanged","false","status_not_public|missing_alias_or_slug|incomplete_listing"
"67f73dec1d08a04e139a9be2","neon cowboys","remaining","","Shopping","Shopping","","","","","","{""status"":""pending"",""approved"":null,""alias"":null,""slug"":null,""isComplete"":true,""completenessScore"":78,""qualityScore"":null,""isTest"":null,""auditTag"":null,""business_name"":""neon cowboys"",""address"":""8313 Beverly Blvd, Montebello, CA 90640"",""city"":"""",""state"":""CA""}","unchanged","false","status_not_public|missing_alias_or_slug"
"67f73dec1d08a04e139a9acc","african american firefighter museum","remaining","","Museums, Cultural Institutions, and Shared Spaces","Museums, Cultural Institutions, and Shared Spaces","","","","","","{""status"":""pending"",""approved"":null,""alias"":null,""slug"":null,""isComplete"":true,""completenessScore"":78,""qualityScore"":null,""isTest"":null,""auditTag"":null,""business_name"":""african american firefighter museum"",""address"":""1401 S Central Ave Los Angeles, CA 90021"",""city"":"""",""state"":""CA""}","unchanged","false","status_not_public|missing_alias_or_slug"
"67f73dec1d08a04e139a9c11","plush armour","remaining","","Shopping","Shopping","","","","","","{""status"":""pending"",""approved"":null,""alias"":null,""slug"":null,""isComplete"":false,""completenessScore"":44,""qualityScore"":null,""isTest"":null,""auditTag"":null,""business_name"":""plush armour"",""address"":"""",""city"":"""",""state"":""""}","unchanged","false","status_not_public|missing_alias_or_slug|incomplete_listing"
"67f73df01d08a04e139a9e91","","remaining","","Shopping","Shopping","","","","","","{""status"":""pending"",""approved"":null,""alias"":null,""slug"":null,""isComplete"":false,""completenessScore"":22,""qualityScore"":null,""isTest"":null,""auditTag"":null,""business_name"":"""",""address"":"""",""city"":"""",""state"":""""}","unchanged","false","status_not_public|missing_alias_or_slug|incomplete_listing"
"67f73df01d08a04e139a9eaa","","remaining","","Shopping","Shopping","","","","","","{""status"":""pending"",""approved"":null,""alias"":null,""slug"":null,""isComplete"":false,""completenessScore"":22,""qualityScore"":null,""isTest"":null,""auditTag"":null,""business_name"":"""",""address"":"""",""city"":"""",""state"":""""}","unchanged","false","status_not_public|missing_alias_or_slug|incomplete_listing"
"67f73df01d08a04e139a9ead","","remaining","","Restaurants","Restaurants","","","","","","{""status"":""pending"",""approved"":null,""alias"":""ribtown-b-b-q-los-angeles"",""slug"":null,""isComplete"":false,""completenessScore"":33,""qualityScore"":null,""isTest"":null,""auditTag"":null,""business_name"":"""",""address"":""2125 W Jefferson Blvd Los Angeles, CA 90018"",""city"":"""",""state"":""CA""}","unchanged","false","status_not_public|incomplete_listing"
"67f73df01d08a04e139a9ed7","","remaining","","Restaurants","Restaurants","","","","","","{""status"":""pending"",""approved"":null,""alias"":""str8-up-tacos-la-palma-3"",""slug"":null,""isComplete"":false,""completenessScore"":44,""qualityScore"":null,""isTest"":null,""auditTag"":null,""business_name"":"""",""address"":""8471 Walker St La Palma, CA 90623"",""city"":"""",""state"":""CA""}","unchanged","false","status_not_public|incomplete_listing"
"67f73df01d08a04e139a9f4b","","remaining","","Handyman","Services","","","","","","{""status"":""pending"",""approved"":null,""alias"":""-118.3141861"",""slug"":null,""isComplete"":false,""completenessScore"":44,""qualityScore"":null,""isTest"":null,""auditTag"":null,""business_name"":"""",""address"":""Los Angeles, CA 91040"",""city"":"""",""state"":""CA""}","unchanged","false","status_not_public|incomplete_listing"
"67f73df01d08a04e139a9e65","","remaining","","Restaurants","Restaurants","","","","","","{""status"":""pending"",""approved"":null,""alias"":""moms-haus-van-nuys"",""slug"":null,""isComplete"":false,""completenessScore"":44,""qualityScore"":null,""isTest"":null,""auditTag"":null,""business_name"":"""",""address"":""14062 Vanowen St Van Nuys, CA 91405"",""city"":"""",""state"":""CA""}","unchanged","false","status_not_public|incomplete_listing"
"67f73df01d08a04e139a9e97","","remaining","","Restaurants","Restaurants","","","","","","{""status"":""pending"",""approved"":null,""alias"":""pop-belli-deli-gardena-2"",""slug"":null,""isComplete"":false,""completenessScore"":44,""qualityScore"":null,""isTest"":null,""auditTag"":null,""business_name"":"""",""address"":""13911 Van Ness Ave Gardena, CA 90249"",""city"":"""",""state"":""CA""}","unchanged","false","status_not_public|incomplete_listing"
"67f73df01d08a04e139a9f08","","remaining","","Restaurants","Restaurants","","","","","","{""status"":""pending"",""approved"":null,""alias"":""snoball-shop-los-angeles"",""slug"":null,""isComplete"":false,""completenessScore"":33,""qualityScore"":null,""isTest"":null,""auditTag"":null,""business_name"":"""",""address"":""4452 W Slauson Los Angeles, CA 90043"",""city"":"""",""state"":""CA""}","unchanged","false","status_not_public|incomplete_listing"
"67f73df01d08a04e139a9f51","","remaining","","Tax Services","Services","","","","","","{""status"":""pending"",""approved"":null,""alias"":""-118.33043"",""slug"":null,""isComplete"":false,""completenessScore"":44,""qualityScore"":null,""isTest"":null,""auditTag"":null,""business_name"":"""",""address"":""4714 Crenshaw Blvd Los Angeles, CA 90043"",""city"":"""",""state"":""CA""}","unchanged","false","status_not_public|incomplete_listing"
"67f73df01d08a04e139a9ee4","","remaining","","Restaurants","Restaurants","","","","","","{""status"":""pending"",""approved"":null,""alias"":""taco-mell-catering-los-angeles-2"",""slug"":null,""isComplete"":false,""completenessScore"":56,""qualityScore"":null,""isTest"":null,""auditTag"":null,""business_name"":"""",""address"":""4326 Crenshaw Blvd Los Angeles, CA 90008"",""city"":"""",""state"":""CA""}","unchanged","false","status_not_public|incomplete_listing"
"67f73df01d08a04e139a9f0b","","remaining","","Real Estate Agents","Services","","","","","","{""status"":""pending"",""approved"":null,""alias"":""-118.3234476"",""slug"":null,""isComplete"":false,""completenessScore"":44,""qualityScore"":null,""isTest"":null,""auditTag"":null,""business_name"":"""",""address"":""3801 Sutro Ave Los Angeles, CA 90008"",""city"":"""",""state"":""CA""}","unchanged","false","status_not_public|incomplete_listing"
"67f73df01d08a04e139a9f10","","remaining","","Restaurants","Restaurants","","","","","","{""status"":""pending"",""approved"":null,""alias"":""tacos-negros-los-angeles"",""slug"":null,""isComplete"":false,""completenessScore"":33,""qualityScore"":null,""isTest"":null,""auditTag"":null,""business_name"":"""",""address"":""5583 W Pico Blvd Los Angeles, CA 90019"",""city"":"""",""state"":""CA""}","unchanged","false","status_not_public|incomplete_listing"
"67f73df01d08a04e139a9f53","","remaining","","Bartenders","Nightlife","","","","","","{""status"":""pending"",""approved"":null,""alias"":""-118.2936935"",""slug"":null,""isComplete"":false,""completenessScore"":44,""qualityScore"":null,""isTest"":null,""auditTag"":null,""business_name"":"""",""address"":""Los Angeles, CA 90006"",""city"":"""",""state"":""CA""}","unchanged","false","status_not_public|incomplete_listing"
"67f73dec1d08a04e139a9bb9","lola ade","remaining","","Shopping","Shopping","","","","","","{""status"":""pending"",""approved"":null,""alias"":null,""slug"":null,""isComplete"":false,""completenessScore"":44,""qualityScore"":null,""isTest"":null,""auditTag"":null,""business_name"":""lola ade"",""address"":"""",""city"":"""",""state"":""""}","unchanged","false","status_not_public|missing_alias_or_slug|incomplete_listing"
"67f73df01d08a04e139a9e93","","remaining","","Restaurants","Restaurants","","","","","","{""status"":""pending"",""approved"":null,""alias"":""pizza-of-venice-altadena-2"",""slug"":null,""isComplete"":false,""completenessScore"":44,""qualityScore"":null,""isTest"":null,""auditTag"":null,""business_name"":"""",""address"":""2545 N Fair Oaks Ave Altadena, CA 91001"",""city"":"""",""state"":""CA""}","unchanged","false","status_not_public|incomplete_listing"
"67f73dec1d08a04e139a9bfd","onil chibás events","remaining","","Restaurants","Restaurants","","","","","","{""status"":""pending"",""approved"":null,""alias"":null,""slug"":null,""isComplete"":false,""completenessScore"":67,""qualityScore"":null,""isTest"":null,""auditTag"":null,""business_name"":""onil chibás events"",""address"":""1717 E Washington Blvd Pasadena, CA 91104"",""city"":"""",""state"":""CA""}","unchanged","false","status_not_public|missing_alias_or_slug|incomplete_listing"
"67f73df01d08a04e139a9eae","","remaining","","Musicians","Services","","","","","","{""status"":""pending"",""approved"":null,""alias"":""-118.37146"",""slug"":null,""isComplete"":false,""completenessScore"":44,""qualityScore"":null,""isTest"":null,""auditTag"":null,""business_name"":"""",""address"":""Los Angeles, CA 91601"",""city"":"""",""state"":""CA""}","unchanged","false","status_not_public|incomplete_listing"
"67f73df01d08a04e139a9eb1","","remaining","","Restaurants","Restaurants","","","","","","{""status"":""pending"",""approved"":null,""alias"":""robert-earls-bbq-long-beach"",""slug"":null,""isComplete"":false,""completenessScore"":44,""qualityScore"":null,""isTest"":null,""auditTag"":null,""business_name"":"""",""address"":""703 E Artesia Blvd Long Beach, CA 90805"",""city"":"""",""state"":""CA""}","unchanged","false","status_not_public|incomplete_listing"
"67f73df01d08a04e139a9f7d","","remaining","","Party Equipment Rentals","Services","","","","","","{""status"":""rejected"",""approved"":false,""alias"":""-118.3103256"",""slug"":null,""isComplete"":false,""completenessScore"":44,""qualityScore"":null,""isTest"":null,""auditTag"":null,""business_name"":"""",""address"":""Los Angeles, CA 90047"",""city"":"""",""state"":""CA""}","unchanged","false","status_not_public|incomplete_listing"
"67f73dec1d08a04e139a9adb","banadir somali restaurant","remaining","","Restaurants","Restaurants","","","","","","{""status"":""pending"",""approved"":null,""alias"":null,""slug"":null,""isComplete"":false,""completenessScore"":67,""qualityScore"":null,""isTest"":null,""auditTag"":null,""business_name"":""banadir somali restaurant"",""address"":""137 W Arbor Vitae Unit C Inglewood, CA 90301"",""city"":"""",""state"":""CA""}","unchanged","false","status_not_public|missing_alias_or_slug|incomplete_listing"
"67f73dec1d08a04e139a9b75","hawkins house of burgers","remaining","","Restaurants","Restaurants","","","","","","{""status"":""pending"",""approved"":null,""alias"":null,""slug"":null,""isComplete"":true,""completenessScore"":78,""qualityScore"":null,""isTest"":null,""auditTag"":null,""business_name"":""hawkins house of burgers"",""address"":""11603 Slater St Los Angeles, CA 90059"",""city"":"""",""state"":""CA""}","unchanged","false","status_not_public|missing_alias_or_slug"
"67f73dec1d08a04e139a9b72","insomnia craft shop","remaining","","Shopping","Shopping","","","","","","{""status"":""pending"",""approved"":null,""alias"":null,""slug"":null,""isComplete"":false,""completenessScore"":44,""qualityScore"":null,""isTest"":null,""auditTag"":null,""business_name"":""insomnia craft shop"",""address"":"""",""city"":"""",""state"":""""}","unchanged","false","status_not_public|missing_alias_or_slug|incomplete_listing"
"67f73dec1d08a04e139a9b73","island reggae kitchen","remaining","","Restaurants","Restaurants","","","","","","{""status"":""pending"",""approved"":null,""alias"":null,""slug"":null,""isComplete"":false,""completenessScore"":67,""qualityScore"":null,""isTest"":null,""auditTag"":null,""business_name"":""island reggae kitchen"",""address"":""14426 Crenshaw Blvd Gardena, CA 90249"",""city"":"""",""state"":""CA""}","unchanged","false","status_not_public|missing_alias_or_slug|incomplete_listing"
"67f73df01d08a04e139a9e66","","remaining","","Restaurants","Restaurants","","","","","","{""status"":""pending"",""approved"":null,""alias"":""mr-fries-man-gardena-2"",""slug"":null,""isComplete"":false,""completenessScore"":44,""qualityScore"":null,""isTest"":null,""auditTag"":null,""business_name"":"""",""address"":""14800 S Western Ave Ste 108 Gardena, CA 90249"",""city"":"""",""state"":""CA""}","unchanged","false","status_not_public|incomplete_listing"
"67f73df01d08a04e139a9e7e","","remaining","","Restaurants","Restaurants","","","","","","{""status"":""pending"",""approved"":null,""alias"":""nkechi-african-cafe-inglewood"",""slug"":null,""isComplete"":false,""completenessScore"":44,""qualityScore"":null,""isTest"":null,""auditTag"":null,""business_name"":"""",""address"":""2717 W Manchester Blvd Inglewood, CA 90305"",""city"":"""",""state"":""CA""}","unchanged","false","status_not_public|incomplete_listing"
"67f73dec1d08a04e139a9c30","revolutionario north african tacos","remaining","","Restaurants","Restaurants","","","","","","{""status"":""pending"",""approved"":null,""alias"":null,""slug"":null,""isComplete"":false,""completenessScore"":67,""qualityScore"":null,""isTest"":null,""auditTag"":null,""business_name"":""revolutionario north african tacos"",""address"":""1436 W Jefferson Blvd Ste 70 Los Angeles, CA 90007"",""city"":"""",""state"":""CA""}","unchanged","false","status_not_public|missing_alias_or_slug|incomplete_listing"
"67f73df01d08a04e139a9ea9","","remaining","","Nightlife","Nightlife","","","","","","{""status"":""pending"",""approved"":null,""alias"":""the-rec-room-huntington-beach"",""slug"":null,""isComplete"":false,""completenessScore"":56,""qualityScore"":null,""isTest"":null,""auditTag"":null,""business_name"":"""",""address"":""7227 Edinger Ave Huntington Beach, CA 92647"",""city"":"""",""state"":""CA""}","unchanged","false","status_not_public|incomplete_listing"
"67f73df01d08a04e139a9f8f","","remaining","","Party & Event Planning","Services","","","","","","{""status"":""rejected"",""approved"":false,""alias"":""-118.40288"",""slug"":null,""isComplete"":false,""completenessScore"":44,""qualityScore"":null,""isTest"":null,""auditTag"":null,""business_name"":"""",""address"":""Los Angeles, CA 91605"",""city"":"""",""state"":""CA""}","unchanged","false","status_not_public|incomplete_listing"
"67f73df01d08a04e139a9ea8","","remaining","","Restaurants","Restaurants","","","","","","{""status"":""pending"",""approved"":null,""alias"":""peppers-jamaican-belizean-cuisine-los-angeles"",""slug"":null,""isComplete"":false,""completenessScore"":44,""qualityScore"":null,""isTest"":null,""auditTag"":null,""business_name"":"""",""address"":""2166 W Slauson Ave Los Angeles, CA 90047"",""city"":"""",""state"":""CA""}","unchanged","false","status_not_public|incomplete_listing"
"67f73df01d08a04e139a9f1e","","remaining","","Museums, Cultural Institutions, and Shared Spaces","Museums, Cultural Institutions, and Shared Spaces","","","","","","{""status"":""pending"",""approved"":null,""alias"":""vector90-los-angeles"",""slug"":null,""isComplete"":false,""completenessScore"":56,""qualityScore"":null,""isTest"":null,""auditTag"":null,""business_name"":"""",""address"":""6111 S Gramercy Pl Los Angeles, CA 90047"",""city"":"""",""state"":""CA""}","unchanged","false","status_not_public|incomplete_listing"
"67f73dec1d08a04e139a9b48","ellamah","remaining","","Shopping","Shopping","","","","","","{""status"":""pending"",""approved"":null,""alias"":null,""slug"":null,""isComplete"":false,""completenessScore"":44,""qualityScore"":null,""isTest"":null,""auditTag"":null,""business_name"":""ellamah"",""address"":"""",""city"":"""",""state"":""""}","unchanged","false","status_not_public|missing_alias_or_slug|incomplete_listing"
"67f73dec1d08a04e139a9b59","flowerboy project","remaining","","Restaurants","Restaurants","","","","","","{""status"":""pending"",""approved"":null,""alias"":null,""slug"":null,""isComplete"":true,""completenessScore"":78,""qualityScore"":null,""isTest"":null,""auditTag"":null,""business_name"":""flowerboy project"",""address"":""824 Lincoln Blvd Los Angeles, CA 90291"",""city"":"""",""state"":""CA""}","unchanged","false","status_not_public|missing_alias_or_slug"
"67f73dec1d08a04e139a9b85","jeanetta gonzales","remaining","","Services","Services","","","","","","{""status"":""pending"",""approved"":null,""alias"":null,""slug"":null,""isComplete"":false,""completenessScore"":44,""qualityScore"":null,""isTest"":null,""auditTag"":null,""business_name"":""jeanetta gonzales"",""address"":"""",""city"":"""",""state"":""""}","unchanged","false","status_not_public|missing_alias_or_slug|incomplete_listing"
"67f73df01d08a04e139a9e8a","","remaining","","Restaurants","Restaurants","","","","","","{""status"":""pending"",""approved"":null,""alias"":""park-bench-grill-altadena-2"",""slug"":null,""isComplete"":false,""completenessScore"":44,""qualityScore"":null,""isTest"":null,""auditTag"":null,""business_name"":"""",""address"":""2470 N Lake Ave Altadena, CA 91001"",""city"":"""",""state"":""CA""}","unchanged","false","status_not_public|incomplete_listing"
"67f73df01d08a04e139a9e75","","remaining","","Museums, Cultural Institutions, and Shared Spaces","Museums, Cultural Institutions, and Shared Spaces","","","","","","{""status"":""pending"",""approved"":null,""alias"":""museum-of-african-american-art-los-angeles"",""slug"":null,""isComplete"":false,""completenessScore"":56,""qualityScore"":null,""isTest"":null,""auditTag"":null,""business_name"":"""",""address"":""4005 Crenshaw Blvd Los Angeles, CA 90008"",""city"":"""",""state"":""CA""}","unchanged","false","status_not_public|incomplete_listing"
"67f73df01d08a04e139a9e94","","remaining","","Shopping","Shopping","","","","","","{""status"":""pending"",""approved"":null,""alias"":""pinky-rose-los-angeles"",""slug"":null,""isComplete"":false,""completenessScore"":56,""qualityScore"":null,""isTest"":null,""auditTag"":null,""business_name"":"""",""address"":""5372 W Pico Blvd Los Angeles, CA 90019"",""city"":"""",""state"":""CA""}","unchanged","false","status_not_public|incomplete_listing"
"67f73df01d08a04e139a9ebf","","remaining","","Restaurants","Restaurants","","","","","","{""status"":""pending"",""approved"":null,""alias"":""royal-gourmet-cookies-long-beach"",""slug"":null,""isComplete"":false,""completenessScore"":44,""qualityScore"":null,""isTest"":null,""auditTag"":null,""business_name"":"""",""address"":""Long Beach, CA 90807"",""city"":"""",""state"":""CA""}","unchanged","false","status_not_public|incomplete_listing"
"67f73dec1d08a04e139a9acd","aarmy","remaining","","Gym, Fitness Health and Wellness","Gym, Fitness Health and Wellness","","","","","","{""status"":""pending"",""approved"":null,""alias"":null,""slug"":null,""isComplete"":false,""completenessScore"":67,""qualityScore"":null,""isTest"":null,""auditTag"":null,""business_name"":""aarmy"",""address"":""8599 Santa Monica Blvd West Hollywood, CA 90069"",""city"":"""",""state"":""CA""}","unchanged","false","status_not_public|missing_alias_or_slug|incomplete_listing"
"67f73df01d08a04e139a9e5e","","remaining","","Restaurants","Restaurants","","","","","","{""status"":""pending"",""approved"":null,""alias"":""matthews-home-style-cooking-gardena-3"",""slug"":null,""isComplete"":false,""completenessScore"":44,""qualityScore"":null,""isTest"":null,""auditTag"":null,""business_name"":"""",""address"":""2222 W Rosecrans Ave Gardena, CA 90249"",""city"":"""",""state"":""CA""}","unchanged","false","status_not_public|incomplete_listing"
"67f73df01d08a04e139a9ec0","","remaining","","Restaurants","Restaurants","","","","","","{""status"":""pending"",""approved"":null,""alias"":""savage-tacos-truck-los-angeles"",""slug"":null,""isComplete"":false,""completenessScore"":44,""qualityScore"":null,""isTest"":null,""auditTag"":null,""business_name"":"""",""address"":""Los Angeles, CA 90012"",""city"":"""",""state"":""CA""}","unchanged","false","status_not_public|incomplete_listing"
"67f73df01d08a04e139a9e63","","remaining","","Restaurants","Restaurants","","","","","","{""status"":""pending"",""approved"":null,""alias"":""milk-brookies-los-angeles-4"",""slug"":null,""isComplete"":false,""completenessScore"":44,""qualityScore"":null,""isTest"":null,""auditTag"":null,""business_name"":"""",""address"":""Los Angeles, CA 90036"",""city"":"""",""state"":""CA""}","unchanged","false","status_not_public|incomplete_listing"
"67f73df01d08a04e139a9ecf","","remaining","","Restaurants","Restaurants","","","","","","{""status"":""pending"",""approved"":null,""alias"":null,""slug"":null,""isComplete"":false,""completenessScore"":22,""qualityScore"":null,""isTest"":null,""auditTag"":null,""business_name"":"""",""address"":"""",""city"":"""",""state"":""""}","unchanged","false","status_not_public|missing_alias_or_slug|incomplete_listing"
"67f73df01d08a04e139a9ef4","","remaining","","Gym, Fitness Health and Wellness","Gym, Fitness Health and Wellness","","","","","","{""status"":""pending"",""approved"":null,""alias"":""the-jyim-los-angeles"",""slug"":null,""isComplete"":false,""completenessScore"":56,""qualityScore"":null,""isTest"":null,""auditTag"":null,""business_name"":"""",""address"":""1855 Industrial St Ste 104 Los Angeles, CA 90021"",""city"":"""",""state"":""CA""}","unchanged","false","status_not_public|incomplete_listing"
"67f73df01d08a04e139a9f1f","","remaining","","Restaurants","Restaurants","","","","","","{""status"":""pending"",""approved"":null,""alias"":""veronicas-kitchen-inglewood"",""slug"":null,""isComplete"":false,""completenessScore"":56,""qualityScore"":null,""isTest"":null,""auditTag"":null,""business_name"":"""",""address"":""401 E Hillcrest Blvd Inglewood, CA 90301"",""city"":"""",""state"":""CA""}","unchanged","false","status_not_public|incomplete_listing"
"67f73dec1d08a04e139a9bac","lavie by ck","remaining","","Shopping","Shopping","","","","","","{""status"":""pending"",""approved"":null,""alias"":null,""slug"":null,""isComplete"":false,""completenessScore"":44,""qualityScore"":null,""isTest"":null,""auditTag"":null,""business_name"":""lavie by ck"",""address"":"""",""city"":"""",""state"":""""}","unchanged","false","status_not_public|missing_alias_or_slug|incomplete_listing"
"67f73dec1d08a04e139a9bc3","luxe & glam beauty supply","remaining","","Shopping","Shopping","","","","","","{""status"":""pending"",""approved"":null,""alias"":null,""slug"":null,""isComplete"":false,""completenessScore"":67,""qualityScore"":null,""isTest"":null,""auditTag"":null,""business_name"":""luxe & glam beauty supply"",""address"":""623 SOUTH LONG BEACH COMPTON, CA 90221"",""city"":"""",""state"":""CA""}","unchanged","false","status_not_public|missing_alias_or_slug|incomplete_listing"
"67f73dec1d08a04e139a9b2a","country style jamaican restaurant","remaining","","Restaurants","Restaurants","","","","","","{""status"":""pending"",""approved"":null,""alias"":null,""slug"":null,""isComplete"":false,""completenessScore"":67,""qualityScore"":null,""isTest"":null,""auditTag"":null,""business_name"":""country style jamaican restaurant"",""address"":""630 N La Brea Ave Inglewood, CA 90302"",""city"":"""",""state"":""CA""}","unchanged","false","status_not_public|missing_alias_or_slug|incomplete_listing"
"67f73df01d08a04e139a9e88","","remaining","","Restaurants","Restaurants","","","","","","{""status"":""pending"",""approved"":null,""alias"":""one876-caribbean-restaurant-chatsworth"",""slug"":null,""isComplete"":false,""completenessScore"":56,""qualityScore"":null,""isTest"":null,""auditTag"":null,""business_name"":"""",""address"":""20869 Lassen St Chatsworth, CA 91311"",""city"":"""",""state"":""CA""}","unchanged","false","status_not_public|incomplete_listing"
"67f73df01d08a04e139a9ec8","","remaining","","Restaurants","Restaurants","","","","","","{""status"":""pending"",""approved"":null,""alias"":""simply-d-licious-los-angeles"",""slug"":null,""isComplete"":false,""completenessScore"":44,""qualityScore"":null,""isTest"":null,""auditTag"":null,""business_name"":"""",""address"":""4641 W Washington Blvd Los Angeles, CA 90016"",""city"":"""",""state"":""CA""}","unchanged","false","status_not_public|incomplete_listing"
"67f73df01d08a04e139a9ecd","","remaining","","Restaurants","Restaurants","","","","","","{""status"":""pending"",""approved"":null,""alias"":""skys-gourmet-tacos-los-angeles"",""slug"":null,""isComplete"":false,""completenessScore"":44,""qualityScore"":null,""isTest"":null,""auditTag"":null,""business_name"":"""",""address"":""5303 W Pico Blvd Los Angeles, CA 90019"",""city"":"""",""state"":""CA""}","unchanged","false","status_not_public|incomplete_listing"
"67f73dec1d08a04e139a9ab1","Melvina's Golden Touch","remaining","","Hair Salons","Beauty, Grooming and Personal Care","","","","","","{""status"":""pending"",""approved"":null,""alias"":null,""slug"":null,""isComplete"":true,""completenessScore"":78,""qualityScore"":null,""isTest"":null,""auditTag"":null,""business_name"":""Melvina's Golden Touch"",""address"":""2900 W Manchester Blvd, Inglewood, CA 90305"",""city"":"""",""state"":""CA""}","unchanged","false","status_not_public|missing_alias_or_slug"
"67f73dec1d08a04e139a9ac8","adrien sauvage","remaining","","Shopping","Shopping","","","","","","{""status"":""pending"",""approved"":null,""alias"":null,""slug"":null,""isComplete"":false,""completenessScore"":67,""qualityScore"":null,""isTest"":null,""auditTag"":null,""business_name"":""adrien sauvage"",""address"":""8500 Burton Way #612 Los Angeles Beverly Hills, CA 90048"",""city"":"""",""state"":""CA""}","unchanged","false","status_not_public|missing_alias_or_slug|incomplete_listing"
"67f73dec1d08a04e139a9b6d","harriet's cheesecakes unlimited","remaining","","Restaurants","Restaurants","","","","","","{""status"":""pending"",""approved"":null,""alias"":null,""slug"":null,""isComplete"":false,""completenessScore"":67,""qualityScore"":null,""isTest"":null,""auditTag"":null,""business_name"":""harriet's cheesecakes unlimited"",""address"":""1515 Centinela Ave Inglewood, CA 90302"",""city"":"""",""state"":""CA""}","unchanged","false","status_not_public|missing_alias_or_slug|incomplete_listing"
"67f73dec1d08a04e139a9b98","kolored krowns","remaining","","Shopping","Shopping","","","","","","{""status"":""pending"",""approved"":null,""alias"":null,""slug"":null,""isComplete"":false,""completenessScore"":44,""qualityScore"":null,""isTest"":null,""auditTag"":null,""business_name"":""kolored krowns"",""address"":"""",""city"":"""",""state"":""""}","unchanged","false","status_not_public|missing_alias_or_slug|incomplete_listing"
"67f73dec1d08a04e139a9baa","lavender blue","remaining","","Nightlife","Nightlife","","","","","","{""status"":""pending"",""approved"":null,""alias"":null,""slug"":null,""isComplete"":false,""completenessScore"":67,""qualityScore"":null,""isTest"":null,""auditTag"":null,""business_name"":""lavender blue"",""address"":""3310 W Manchester Blvd Inglewood, CA 90305"",""city"":"""",""state"":""CA""}","unchanged","false","status_not_public|missing_alias_or_slug|incomplete_listing"
"67f73dec1d08a04e139a9b22","christina bentley","remaining","","Shopping","Shopping","","","","","","{""status"":""pending"",""approved"":null,""alias"":null,""slug"":null,""isComplete"":false,""completenessScore"":67,""qualityScore"":null,""isTest"":null,""auditTag"":null,""business_name"":""christina bentley"",""address"":""4003 Sunswept Dr Studio City, CA 91604"",""city"":"""",""state"":""CA""}","unchanged","false","status_not_public|missing_alias_or_slug|incomplete_listing"
"67f73dec1d08a04e139a9b4f","earle's on crenshaw","remaining","","Restaurants","Restaurants","","","","","","{""status"":""pending"",""approved"":null,""alias"":null,""slug"":null,""isComplete"":false,""completenessScore"":67,""qualityScore"":null,""isTest"":null,""auditTag"":null,""business_name"":""earle's on crenshaw"",""address"":""3864 Crenshaw Blvd Los Angeles, CA 90008"",""city"":"""",""state"":""CA""}","unchanged","false","status_not_public|missing_alias_or_slug|incomplete_listing"
"67f73dec1d08a04e139a9bb3","lettuce feast","remaining","","Restaurants","Restaurants","","","","","","{""status"":""pending"",""approved"":null,""alias"":null,""slug"":null,""isComplete"":false,""completenessScore"":67,""qualityScore"":null,""isTest"":null,""auditTag"":null,""business_name"":""lettuce feast"",""address"":""Los Angeles, CA 90001"",""city"":"""",""state"":""CA""}","unchanged","false","status_not_public|missing_alias_or_slug|incomplete_listing"
"67f73df01d08a04e139a9ed9","","remaining","","Shopping","Shopping","","","","","","{""status"":""pending"",""approved"":null,""alias"":""stuzo-clothing-los-angeles"",""slug"":null,""isComplete"":false,""completenessScore"":56,""qualityScore"":null,""isTest"":null,""auditTag"":null,""business_name"":"""",""address"":""4751 W Washington Blvd Los Angeles, CA 90016"",""city"":"""",""state"":""CA""}","unchanged","false","status_not_public|incomplete_listing"
"67f73df01d08a04e139a9edb","","remaining","","Restaurants","Restaurants","","","","","","{""status"":""pending"",""approved"":null,""alias"":""sugar-and-spice-ice-cream-los-angeles"",""slug"":null,""isComplete"":false,""completenessScore"":33,""qualityScore"":null,""isTest"":null,""auditTag"":null,""business_name"":"""",""address"":""15355 Sherman Way Los Angeles, CA 91406"",""city"":"""",""state"":""CA""}","unchanged","false","status_not_public|incomplete_listing"
"67f73df01d08a04e139a9edc","","remaining","","Restaurants","Restaurants","","","","","","{""status"":""pending"",""approved"":null,""alias"":""sugarjones-los-angeles"",""slug"":null,""isComplete"":false,""completenessScore"":44,""qualityScore"":null,""isTest"":null,""auditTag"":null,""business_name"":"""",""address"":""Los Angeles, CA 91607"",""city"":"""",""state"":""CA""}","unchanged","false","status_not_public|incomplete_listing"
"67f73df01d08a04e139a9ee9","","remaining","","Gym, Fitness Health and Wellness","Gym, Fitness Health and Wellness","","","","","","{""status"":""pending"",""approved"":null,""alias"":""the-cardio-grind-tarzana-3"",""slug"":null,""isComplete"":false,""completenessScore"":56,""qualityScore"":null,""isTest"":null,""auditTag"":null,""business_name"":"""",""address"":""18529 Burbank Blvd Tarzana, CA 91356"",""city"":"""",""state"":""CA""}","unchanged","false","status_not_public|incomplete_listing"
"67f73df01d08a04e139a9ed3","","remaining","","Restaurants","Restaurants","","","","","","{""status"":""pending"",""approved"":null,""alias"":""south-la-cafe-los-angeles"",""slug"":null,""isComplete"":false,""completenessScore"":56,""qualityScore"":null,""isTest"":null,""auditTag"":null,""business_name"":"""",""address"":""1700 Browning Blvd Los Angeles, CA 90062"",""city"":"""",""state"":""CA""}","unchanged","false","status_not_public|incomplete_listing"
"67f73dec1d08a04e139a9b1d","chiaristyle","remaining","","Shopping","Shopping","","","","","","{""status"":""pending"",""approved"":null,""alias"":null,""slug"":null,""isComplete"":false,""completenessScore"":44,""qualityScore"":null,""isTest"":null,""auditTag"":null,""business_name"":""chiaristyle"",""address"":"""",""city"":"""",""state"":""""}","unchanged","false","status_not_public|missing_alias_or_slug|incomplete_listing"
"67f73df01d08a04e139a9f77","","remaining","","Process Servers","Services","","","","","","{""status"":""pending"",""approved"":null,""alias"":""-118.3311"",""slug"":null,""isComplete"":false,""completenessScore"":44,""qualityScore"":null,""isTest"":null,""auditTag"":null,""business_name"":"""",""address"":""Los Angeles, CA 90078"",""city"":"""",""state"":""CA""}","unchanged","false","status_not_public|incomplete_listing"
"67f73dec1d08a04e139a9bb8","little kingston jamaican restaurant","remaining","","Restaurants","Restaurants","","","","","","{""status"":""pending"",""approved"":null,""alias"":null,""slug"":null,""isComplete"":false,""completenessScore"":67,""qualityScore"":null,""isTest"":null,""auditTag"":null,""business_name"":""little kingston jamaican restaurant"",""address"":""4716 W Slauson Ave Los Angeles, CA 90056"",""city"":"""",""state"":""CA""}","unchanged","false","status_not_public|missing_alias_or_slug|incomplete_listing"
"67f73df01d08a04e139a9ef6","","remaining","","Shopping","Shopping","","","","","","{""status"":""pending"",""approved"":null,""alias"":""the-lace-lounge-los-angeles"",""slug"":null,""isComplete"":false,""completenessScore"":56,""qualityScore"":null,""isTest"":null,""auditTag"":null,""business_name"":"""",""address"":""1080 S La Cienega Blvd Ste 209 Los Angeles, CA 90035"",""city"":"""",""state"":""CA""}","unchanged","false","status_not_public|incomplete_listing"
"67f73dec1d08a04e139a9bcf","melkam ethiopian restaurant","remaining","","Restaurants","Restaurants","","","","","","{""status"":""pending"",""approved"":null,""alias"":null,""slug"":null,""isComplete"":false,""completenessScore"":67,""qualityScore"":null,""isTest"":null,""auditTag"":null,""business_name"":""melkam ethiopian restaurant"",""address"":""3182 W Pico Blvd Los Angeles, CA 90019"",""city"":"""",""state"":""CA""}","unchanged","false","status_not_public|missing_alias_or_slug|incomplete_listing"
"67f73df01d08a04e139a9f21","","remaining","","Restaurants","Restaurants","","","","","","{""status"":""pending"",""approved"":null,""alias"":""vurger-guyz-los-angeles"",""slug"":null,""isComplete"":false,""completenessScore"":44,""qualityScore"":null,""isTest"":null,""auditTag"":null,""business_name"":"""",""address"":""Los Angeles, CA 90017"",""city"":"""",""state"":""CA""}","unchanged","false","status_not_public|incomplete_listing"
"67f73df01d08a04e139a9f63","","remaining","","Appliances & Repair","Services","","","","","","{""status"":""pending"",""approved"":null,""alias"":""-118.4312286"",""slug"":null,""isComplete"":false,""completenessScore"":44,""qualityScore"":null,""isTest"":null,""auditTag"":null,""business_name"":"""",""address"":""Los Angeles, CA 91423"",""city"":"""",""state"":""CA""}","unchanged","false","status_not_public|incomplete_listing"
"67f73dec1d08a04e139a9bfa","park bench grill","remaining","","Restaurants","Restaurants","","","","","","{""status"":""pending"",""approved"":null,""alias"":null,""slug"":null,""isComplete"":false,""completenessScore"":67,""qualityScore"":null,""isTest"":null,""auditTag"":null,""business_name"":""park bench grill"",""address"":""2470 N Lake Ave Altadena, CA 91001"",""city"":"""",""state"":""CA""}","unchanged","false","status_not_public|missing_alias_or_slug|incomplete_listing"
"67f73dec1d08a04e139a9c05","phillips bar-b-que","remaining","","Restaurants","Restaurants","","","","","","{""status"":""pending"",""approved"":null,""alias"":null,""slug"":null,""isComplete"":false,""completenessScore"":67,""qualityScore"":null,""isTest"":null,""auditTag"":null,""business_name"":""phillips bar-b-que"",""address"":""1517 Centinela Ave Inglewood, CA 90302"",""city"":"""",""state"":""CA""}","unchanged","false","status_not_public|missing_alias_or_slug|incomplete_listing"
"67f73dec1d08a04e139a9bde","natraliart jamaican restaurant","remaining","","Restaurants","Restaurants","","","","","","{""status"":""pending"",""approved"":null,""alias"":null,""slug"":null,""isComplete"":false,""completenessScore"":67,""qualityScore"":null,""isTest"":null,""auditTag"":null,""business_name"":""natraliart jamaican restaurant"",""address"":""3426 W Washington Blvd Los Angeles, CA 90018"",""city"":"""",""state"":""CA""}","unchanged","false","status_not_public|missing_alias_or_slug|incomplete_listing"
"67f73dec1d08a04e139a9bee","mingles tea bar","remaining","","Restaurants","Restaurants","","","","","","{""status"":""pending"",""approved"":null,""alias"":null,""slug"":null,""isComplete"":true,""completenessScore"":78,""qualityScore"":null,""isTest"":null,""auditTag"":null,""business_name"":""mingles tea bar"",""address"":""8443 Crenshaw Blvd Inglewood, CA 90305"",""city"":"""",""state"":""CA""}","unchanged","false","status_not_public|missing_alias_or_slug"
"67f73df01d08a04e139a9e84","","remaining","","Gym, Fitness Health and Wellness","Gym, Fitness Health and Wellness","","","","","","{""status"":""pending"",""approved"":null,""alias"":null,""slug"":null,""isComplete"":false,""completenessScore"":22,""qualityScore"":null,""isTest"":null,""auditTag"":null,""business_name"":"""",""address"":"""",""city"":"""",""state"":""""}","unchanged","false","status_not_public|missing_alias_or_slug|incomplete_listing"
"67f73df01d08a04e139a9f0d","","remaining","","Restaurants","Restaurants","","","","","","{""status"":""pending"",""approved"":null,""alias"":""the-wood-urban-kitchen-and-sports-lounge-inglewood"",""slug"":null,""isComplete"":false,""completenessScore"":44,""qualityScore"":null,""isTest"":null,""auditTag"":null,""business_name"":"""",""address"":""129 N Market St Inglewood, CA 90301"",""city"":"""",""state"":""CA""}","unchanged","false","status_not_public|incomplete_listing"
"67f73df01d08a04e139a9efa","","remaining","","Shopping","Shopping","","","","","","{""status"":""pending"",""approved"":null,""alias"":null,""slug"":null,""isComplete"":false,""completenessScore"":22,""qualityScore"":null,""isTest"":null,""auditTag"":null,""business_name"":"""",""address"":"""",""city"":"""",""state"":""""}","unchanged","false","status_not_public|missing_alias_or_slug|incomplete_listing"
"67f73df01d08a04e139a9efc","","remaining","","Restaurants","Restaurants","","","","","","{""status"":""pending"",""approved"":null,""alias"":null,""slug"":null,""isComplete"":false,""completenessScore"":44,""qualityScore"":null,""isTest"":null,""auditTag"":null,""business_name"":"""",""address"":""12007 S Central Ave, Los Angeles, CA 90059"",""city"":"""",""state"":""CA""}","unchanged","false","status_not_public|missing_alias_or_slug|incomplete_listing"
"67f73df01d08a04e139a9f0e","","remaining","","Shopping","Shopping","","","","","","{""status"":""pending"",""approved"":null,""alias"":null,""slug"":null,""isComplete"":false,""completenessScore"":22,""qualityScore"":null,""isTest"":null,""auditTag"":null,""business_name"":"""",""address"":"""",""city"":"""",""state"":""""}","unchanged","false","status_not_public|missing_alias_or_slug|incomplete_listing"
"67f73df01d08a04e139a9eb7","","remaining","","Shopping","Shopping","","","","","","{""status"":""pending"",""approved"":null,""alias"":null,""slug"":null,""isComplete"":false,""completenessScore"":44,""qualityScore"":null,""isTest"":null,""auditTag"":null,""business_name"":"""",""address"":""1600 Vine St Los Angeles, CA 90028"",""city"":"""",""state"":""CA""}","unchanged","false","status_not_public|missing_alias_or_slug|incomplete_listing"
"67f73df01d08a04e139a9ee7","","remaining","","Restaurants","Restaurants","","","","","","{""status"":""pending"",""approved"":null,""alias"":null,""slug"":null,""isComplete"":false,""completenessScore"":33,""qualityScore"":null,""isTest"":null,""auditTag"":null,""business_name"":"""",""address"":""16527 S Harris Ave Compton, CA 90221"",""city"":"""",""state"":""CA""}","unchanged","false","status_not_public|missing_alias_or_slug|incomplete_listing"
"67f73df01d08a04e139a9f14","","remaining","","Restaurants","Restaurants","","","","","","{""status"":""pending"",""approved"":null,""alias"":""the-original-texas-barbecue-king-los-angeles-2"",""slug"":null,""isComplete"":false,""completenessScore"":44,""qualityScore"":null,""isTest"":null,""auditTag"":null,""business_name"":"""",""address"":""5309 S Vermont Ave Los Angeles, CA 90037"",""city"":"""",""state"":""CA""}","unchanged","false","status_not_public|incomplete_listing"
"67f73df01d08a04e139a9ed6","","remaining","","Shopping","Shopping","","","","","","{""status"":""pending"",""approved"":null,""alias"":null,""slug"":null,""isComplete"":false,""completenessScore"":56,""qualityScore"":null,""isTest"":null,""auditTag"":null,""business_name"":"""",""address"":""342 N San Fernando Rd, Los Angeles, CA 90031"",""city"":"""",""state"":""CA""}","unchanged","false","status_not_public|missing_alias_or_slug|incomplete_listing"
"67f73df01d08a04e139a9eea","","remaining","","Restaurants","Restaurants","","","","","","{""status"":""pending"",""approved"":null,""alias"":""the-corner-10th-s-bbq-long-beach"",""slug"":null,""isComplete"":false,""completenessScore"":44,""qualityScore"":null,""isTest"":null,""auditTag"":null,""business_name"":"""",""address"":""3200 E 10th St Long Beach, CA 90804"",""city"":"""",""state"":""CA""}","unchanged","false","status_not_public|incomplete_listing"
"67f73df01d08a04e139a9f22","","remaining","","Shopping","Shopping","","","","","","{""status"":""pending"",""approved"":null,""alias"":null,""slug"":null,""isComplete"":false,""completenessScore"":33,""qualityScore"":null,""isTest"":null,""auditTag"":null,""business_name"":"""",""address"":"""",""city"":"""",""state"":""""}","unchanged","false","status_not_public|missing_alias_or_slug|incomplete_listing"
"67f73df01d08a04e139a9ee0","","remaining","","Shopping","Shopping","","","","","","{""status"":""pending"",""approved"":null,""alias"":null,""slug"":null,""isComplete"":false,""completenessScore"":22,""qualityScore"":null,""isTest"":null,""auditTag"":null,""business_name"":"""",""address"":"""",""city"":"""",""state"":""""}","unchanged","false","status_not_public|missing_alias_or_slug|incomplete_listing"
"67f73df01d08a04e139a9e86","","remaining","","Restaurants","Restaurants","","","","","","{""status"":""pending"",""approved"":null,""alias"":null,""slug"":null,""isComplete"":false,""completenessScore"":11,""qualityScore"":null,""isTest"":null,""auditTag"":null,""business_name"":"""",""address"":"""",""city"":"""",""state"":""""}","unchanged","false","status_not_public|missing_alias_or_slug|incomplete_listing"
"67f73df01d08a04e139a9ea1","","remaining","","Restaurants","Restaurants","","","","","","{""status"":""pending"",""approved"":null,""alias"":""oh-my-burger-gardena-3"",""slug"":null,""isComplete"":false,""completenessScore"":44,""qualityScore"":null,""isTest"":null,""auditTag"":null,""business_name"":"""",""address"":""2142 W El Segundo Blvd Gardena, CA 90249"",""city"":"""",""state"":""CA""}","unchanged","false","status_not_public|incomplete_listing"
"67f73df01d08a04e139a9ed4","","remaining","","Gym, Fitness Health and Wellness","Gym, Fitness Health and Wellness","","","","","","{""status"":""pending"",""approved"":null,""alias"":""speir-pilates-santa-monica"",""slug"":null,""isComplete"":false,""completenessScore"":56,""qualityScore"":null,""isTest"":null,""auditTag"":null,""business_name"":"""",""address"":""1427 7th St Santa Monica, CA 90401"",""city"":"""",""state"":""CA""}","unchanged","false","status_not_public|incomplete_listing"
"67f73df01d08a04e139a9f28","","remaining","","Shopping","Shopping","","","","","","{""status"":""pending"",""approved"":null,""alias"":null,""slug"":null,""isComplete"":false,""completenessScore"":22,""qualityScore"":null,""isTest"":null,""auditTag"":null,""business_name"":"""",""address"":"""",""city"":"""",""state"":""""}","unchanged","false","status_not_public|missing_alias_or_slug|incomplete_listing"
"67f73df01d08a04e139a9e6b","","remaining","","Restaurants","Restaurants","","","","","","{""status"":""pending"",""approved"":null,""alias"":""my-two-cents-los-angeles-3"",""slug"":null,""isComplete"":false,""completenessScore"":44,""qualityScore"":null,""isTest"":null,""auditTag"":null,""business_name"":"""",""address"":""5583 W Pico Blvd Los Angeles, CA 90019"",""city"":"""",""state"":""CA""}","unchanged","false","status_not_public|incomplete_listing"
"67f73df01d08a04e139a9f2b","","remaining","","Restaurants","Restaurants","","","","","","{""status"":""pending"",""approved"":null,""alias"":""wi-jammin-caribbean-cafe-los-angeles"",""slug"":null,""isComplete"":false,""completenessScore"":44,""qualityScore"":null,""isTest"":null,""auditTag"":null,""business_name"":"""",""address"":""1359 S Redondo Blvd Los Angeles, CA 90019"",""city"":"""",""state"":""CA""}","unchanged","false","status_not_public|incomplete_listing"
"67f73df01d08a04e139a9f48","","remaining","","Tires","Shopping","","","","","","{""status"":""pending"",""approved"":null,""alias"":""-118.253151"",""slug"":null,""isComplete"":false,""completenessScore"":44,""qualityScore"":null,""isTest"":null,""auditTag"":null,""business_name"":"""",""address"":""2201 S Central Ave Los Angeles, CA 90011"",""city"":"""",""state"":""CA""}","unchanged","false","status_not_public|incomplete_listing"
"67f73df01d08a04e139a9e80","","remaining","","Shopping","Shopping","","","","","","{""status"":""pending"",""approved"":null,""alias"":""nobody-jones-boutique-los-angeles-2"",""slug"":null,""isComplete"":false,""completenessScore"":56,""qualityScore"":null,""isTest"":null,""auditTag"":null,""business_name"":"""",""address"":""5593 Pico Blvd Los Angeles, CA 90019"",""city"":"""",""state"":""CA""}","unchanged","false","status_not_public|incomplete_listing"
"67f73df01d08a04e139a9f6e","","remaining","","Caterers","Restaurants","","","","","","{""status"":""pending"",""approved"":null,""alias"":""-118.3520389"",""slug"":null,""isComplete"":false,""completenessScore"":44,""qualityScore"":null,""isTest"":null,""auditTag"":null,""business_name"":"""",""address"":""Los Angeles, CA 90016"",""city"":"""",""state"":""CA""}","unchanged","false","status_not_public|incomplete_listing"
"67f73df01d08a04e139a9e9b","","remaining","","Shopping","Shopping","","","","","","{""status"":""pending"",""approved"":null,""alias"":null,""slug"":null,""isComplete"":false,""completenessScore"":22,""qualityScore"":null,""isTest"":null,""auditTag"":null,""business_name"":"""",""address"":"""",""city"":"""",""state"":""""}","unchanged","false","status_not_public|missing_alias_or_slug|incomplete_listing"
"67f73df01d08a04e139a9e8e","","remaining","","Restaurants","Restaurants","","","","","","{""status"":""pending"",""approved"":null,""alias"":""phat-daddys-los-angeles-3"",""slug"":null,""isComplete"":false,""completenessScore"":44,""qualityScore"":null,""isTest"":null,""auditTag"":null,""business_name"":"""",""address"":""2312 1/2 W 48th St Los Angeles, CA 90043"",""city"":"""",""state"":""CA""}","unchanged","false","status_not_public|incomplete_listing"
"67f73df01d08a04e139a9eb3","","remaining","","Restaurants","Restaurants","","","","","","{""status"":""pending"",""approved"":null,""alias"":""rosalinds-ethiopian-restaurant-los-angeles"",""slug"":null,""isComplete"":false,""completenessScore"":44,""qualityScore"":null,""isTest"":null,""auditTag"":null,""business_name"":"""",""address"":""1044 S Fairfax Ave Los Angeles, CA 90019"",""city"":"""",""state"":""CA""}","unchanged","false","status_not_public|incomplete_listing"
"67f73df01d08a04e139a9f02","","remaining","","Shopping","Shopping","","","","","","{""status"":""pending"",""approved"":null,""alias"":null,""slug"":null,""isComplete"":false,""completenessScore"":44,""qualityScore"":null,""isTest"":null,""auditTag"":null,""business_name"":"""",""address"":""4501 W Exposition Blvd Los Angeles, CA 90016"",""city"":"""",""state"":""CA""}","unchanged","false","status_not_public|missing_alias_or_slug|incomplete_listing"
"67f73df01d08a04e139a9eb5","","remaining","","Gym, Fitness Health and Wellness","Gym, Fitness Health and Wellness","","","","","","{""status"":""pending"",""approved"":null,""alias"":""ratio-cycling-los-angeles-6"",""slug"":null,""isComplete"":false,""completenessScore"":56,""qualityScore"":null,""isTest"":null,""auditTag"":null,""business_name"":"""",""address"":""1306 N Wilton Pl Los Angeles, CA 90028"",""city"":"""",""state"":""CA""}","unchanged","false","status_not_public|incomplete_listing"
"67f73df01d08a04e139a9eee","","remaining","","Restaurants","Restaurants","","","","","","{""status"":""pending"",""approved"":null,""alias"":""the-gourmet-cobbler-factory-pasadena"",""slug"":null,""isComplete"":false,""completenessScore"":44,""qualityScore"":null,""isTest"":null,""auditTag"":null,""business_name"":"""",""address"":""33 N Catalina Ave Pasadena, CA 91106"",""city"":"""",""state"":""CA""}","unchanged","false","status_not_public|incomplete_listing"
"67f73df01d08a04e139a9f23","","remaining","","Shopping","Shopping","","","","","","{""status"":""pending"",""approved"":null,""alias"":null,""slug"":null,""isComplete"":false,""completenessScore"":22,""qualityScore"":null,""isTest"":null,""auditTag"":null,""business_name"":"""",""address"":"""",""city"":"""",""state"":""""}","unchanged","false","status_not_public|missing_alias_or_slug|incomplete_listing"
"67f73df01d08a04e139a9f35","","remaining","","Restaurants","Restaurants","","","","","","{""status"":""pending"",""approved"":null,""alias"":""your-bakery-1st-inglewood"",""slug"":null,""isComplete"":false,""completenessScore"":44,""qualityScore"":null,""isTest"":null,""auditTag"":null,""business_name"":"""",""address"":""6525 West Blvd Inglewood, CA 90302"",""city"":"""",""state"":""CA""}","unchanged","false","status_not_public|incomplete_listing"
"67f73df01d08a04e139a9f3d","","remaining","","Real Estate Services","Services","","","","","","{""status"":""pending"",""approved"":null,""alias"":""-118.3020859"",""slug"":null,""isComplete"":false,""completenessScore"":44,""qualityScore"":null,""isTest"":null,""auditTag"":null,""business_name"":"""",""address"":""Los Angeles, CA 90004"",""city"":"""",""state"":""CA""}","unchanged","false","status_not_public|incomplete_listing"
"67f73df01d08a04e139a9eb0","","remaining","","Services","Services","","","","","","{""status"":""pending"",""approved"":null,""alias"":""ride-on-bike-co-op-los-angeles"",""slug"":null,""isComplete"":false,""completenessScore"":56,""qualityScore"":null,""isTest"":null,""auditTag"":null,""business_name"":"""",""address"":""4319 Degnan Blvd Los Angeles, CA 90008"",""city"":"""",""state"":""CA""}","unchanged","false","status_not_public|incomplete_listing"
"67f73df01d08a04e139a9ec6","","remaining","","Shopping","Shopping","","","","","","{""status"":""pending"",""approved"":null,""alias"":""shades-of-afrika-long-beach-2"",""slug"":null,""isComplete"":false,""completenessScore"":56,""qualityScore"":null,""isTest"":null,""auditTag"":null,""business_name"":"""",""address"":""1001 E 4th St Long Beach, CA 90802"",""city"":"""",""state"":""CA""}","unchanged","false","status_not_public|incomplete_listing"
"67f73df01d08a04e139a9f92","","remaining","","Real Estate Agents","Services","","","","","","{""status"":""rejected"",""approved"":false,""alias"":""-118.9468333"",""slug"":null,""isComplete"":false,""completenessScore"":44,""qualityScore"":null,""isTest"":null,""auditTag"":null,""business_name"":"""",""address"":""8915 S Sepulveda Blvd Los Angeles, CA 90045"",""city"":"""",""state"":""CA""}","unchanged","false","status_not_public|incomplete_listing"
"67f73df01d08a04e139a9e7b","","remaining","","Restaurants","Restaurants","","","","","","{""status"":""pending"",""approved"":null,""alias"":""nimbus-coffee-los-angeles-2"",""slug"":null,""isComplete"":false,""completenessScore"":56,""qualityScore"":null,""isTest"":null,""auditTag"":null,""business_name"":"""",""address"":""1115 S Hope St Los Angeles, CA 90015"",""city"":"""",""state"":""CA""}","unchanged","false","status_not_public|incomplete_listing"
"67f73df01d08a04e139a9ec1","","remaining","","Restaurants","Restaurants","","","","","","{""status"":""pending"",""approved"":null,""alias"":""sattdown-jamaican-grill-studio-city"",""slug"":null,""isComplete"":false,""completenessScore"":44,""qualityScore"":null,""isTest"":null,""auditTag"":null,""business_name"":"""",""address"":""11320 Ventura Blvd Studio City, CA 91604"",""city"":"""",""state"":""CA""}","unchanged","false","status_not_public|incomplete_listing"
"67f73df01d08a04e139a9f68","","remaining","","Video/Film Production","Services","","","","","","{""status"":""pending"",""approved"":null,""alias"":""-118.3964996"",""slug"":null,""isComplete"":false,""completenessScore"":44,""qualityScore"":null,""isTest"":null,""auditTag"":null,""business_name"":"""",""address"":""Los Angeles, CA 91615"",""city"":"""",""state"":""CA""}","unchanged","false","status_not_public|incomplete_listing"
"67f73df01d08a04e139a9e74","","remaining","","Beauty, Grooming and Personal Care","Beauty, Grooming and Personal Care","","","","","","{""status"":""pending"",""approved"":null,""alias"":""nail-dega-inglewood"",""slug"":null,""isComplete"":false,""completenessScore"":56,""qualityScore"":null,""isTest"":null,""auditTag"":null,""business_name"":"""",""address"":""8460 Crenshaw Blvd Inglewood, CA 90305"",""city"":"""",""state"":""CA""}","unchanged","false","status_not_public|incomplete_listing"
"67f73df01d08a04e139a9e61","","remaining","","Restaurants","Restaurants","","","","","","{""status"":""pending"",""approved"":null,""alias"":""moms-burgers-compton"",""slug"":null,""isComplete"":false,""completenessScore"":56,""qualityScore"":null,""isTest"":null,""auditTag"":null,""business_name"":"""",""address"":""336 W Alondra Blvd Compton, CA 90220"",""city"":"""",""state"":""CA""}","unchanged","false","status_not_public|incomplete_listing"
"67f73df01d08a04e139a9f40","","remaining","","Child Care & Day Care","Services","","","","","","{""status"":""pending"",""approved"":null,""alias"":""-118.3089905"",""slug"":null,""isComplete"":false,""completenessScore"":44,""qualityScore"":null,""isTest"":null,""auditTag"":null,""business_name"":"""",""address"":""Los Angeles, CA 90047"",""city"":"""",""state"":""CA""}","unchanged","false","status_not_public|incomplete_listing"
"67f73df01d08a04e139a9f4a","","remaining","","Cannabis Dispensaries","Shopping","","","","","","{""status"":""pending"",""approved"":null,""alias"":""-118.3089151"",""slug"":null,""isComplete"":false,""completenessScore"":44,""qualityScore"":null,""isTest"":null,""auditTag"":null,""business_name"":"""",""address"":""1132 South Western Ave Los Angeles, CA 90006"",""city"":"""",""state"":""CA""}","unchanged","false","status_not_public|incomplete_listing"
"67f73df01d08a04e139a9f5d","","remaining","","Shopping","Shopping","","","","","","{""status"":""pending"",""approved"":null,""alias"":null,""slug"":null,""isComplete"":false,""completenessScore"":44,""qualityScore"":null,""isTest"":null,""auditTag"":null,""business_name"":"""",""address"":""PO BOX 94501 Pasadena CA 91109"",""city"":"""",""state"":""PO""}","unchanged","false","status_not_public|missing_alias_or_slug|incomplete_listing"
"67f73df01d08a04e139a9ef2","","remaining","","Restaurants","Restaurants","","","","","","{""status"":""pending"",""approved"":null,""alias"":""blvd-kitchen-los-angeles"",""slug"":null,""isComplete"":false,""completenessScore"":44,""qualityScore"":null,""isTest"":null,""auditTag"":null,""business_name"":"""",""address"":""13545 Ventura Blvd Los Angeles, CA 91423"",""city"":"""",""state"":""CA""}","unchanged","false","status_not_public|incomplete_listing"
"67f73df01d08a04e139a9ef3","","remaining","","Restaurants","Restaurants","","","","","","{""status"":""pending"",""approved"":null,""alias"":""the-kobbler-king-los-angeles"",""slug"":null,""isComplete"":false,""completenessScore"":44,""qualityScore"":null,""isTest"":null,""auditTag"":null,""business_name"":"""",""address"":""3622 W Jefferson Blvd Los Angeles, CA 90016"",""city"":"""",""state"":""CA""}","unchanged","false","status_not_public|incomplete_listing"
"67f73df01d08a04e139a9f25","","remaining","","Restaurants","Restaurants","","","","","","{""status"":""pending"",""approved"":null,""alias"":""watts-coffee-house-los-angeles"",""slug"":null,""isComplete"":false,""completenessScore"":44,""qualityScore"":null,""isTest"":null,""auditTag"":null,""business_name"":"""",""address"":""1827 E 103rd St Los Angeles, CA 90002"",""city"":"""",""state"":""CA""}","unchanged","false","status_not_public|incomplete_listing"
"67f73df01d08a04e139a9f17","","remaining","","Beauty, Grooming and Personal Care","Beauty, Grooming and Personal Care","","","","","","{""status"":""pending"",""approved"":null,""alias"":""the-barber-shop-club-los-angeles"",""slug"":null,""isComplete"":false,""completenessScore"":56,""qualityScore"":null,""isTest"":null,""auditTag"":null,""business_name"":"""",""address"":""3610 W 6th St Los Angeles, CA 90020"",""city"":"""",""state"":""CA""}","unchanged","false","status_not_public|incomplete_listing"
"67f73df01d08a04e139a9ee5","","remaining","","Restaurants","Restaurants","","","","","","{""status"":""pending"",""approved"":null,""alias"":""swift-cafe-los-angeles"",""slug"":null,""isComplete"":false,""completenessScore"":44,""qualityScore"":null,""isTest"":null,""auditTag"":null,""business_name"":"""",""address"":""4279 1/2 Crenshaw Blvd Los Angeles, CA 90008"",""city"":"""",""state"":""CA""}","unchanged","false","status_not_public|incomplete_listing"
"67f73df01d08a04e139a9ee6","","remaining","","Restaurants","Restaurants","","","","","","{""status"":""pending"",""approved"":null,""alias"":""taco-bar-los-angeles-2"",""slug"":null,""isComplete"":false,""completenessScore"":44,""qualityScore"":null,""isTest"":null,""auditTag"":null,""business_name"":"""",""address"":""5815 West Pico Blvd Los Angeles, CA 90019"",""city"":"""",""state"":""CA""}","unchanged","false","status_not_public|incomplete_listing"
"67f73df01d08a04e139a9f55","","remaining","","Community Service/Non-Profit","Services","","","","","","{""status"":""pending"",""approved"":null,""alias"":""-118.24631"",""slug"":null,""isComplete"":false,""completenessScore"":44,""qualityScore"":null,""isTest"":null,""auditTag"":null,""business_name"":"""",""address"":""620 E 7th St Los Angeles, CA 90021"",""city"":"""",""state"":""CA""}","unchanged","false","status_not_public|incomplete_listing"
"67f73df01d08a04e139a9f87","","remaining","","Home & Rental Insurance","Services","","","","","","{""status"":""rejected"",""approved"":false,""alias"":""-118.3443066"",""slug"":null,""isComplete"":false,""completenessScore"":44,""qualityScore"":null,""isTest"":null,""auditTag"":null,""business_name"":"""",""address"":""1247 S La Brea Ave Los Angeles, CA 90019"",""city"":"""",""state"":""CA""}","unchanged","false","status_not_public|incomplete_listing"
"67f73df01d08a04e139a9f91","","remaining","","Trainers","Gym, Fitness Health and Wellness","","","","","","{""status"":""rejected"",""approved"":false,""alias"":""-118.37146"",""slug"":null,""isComplete"":false,""completenessScore"":44,""qualityScore"":null,""isTest"":null,""auditTag"":null,""business_name"":"""",""address"":""Los Angeles, CA 91601"",""city"":"""",""state"":""CA""}","unchanged","false","status_not_public|incomplete_listing"
"67f73df01d08a04e139a9e83","","remaining","","Restaurants","Restaurants","","","","","","{""status"":""pending"",""approved"":null,""alias"":""obet-and-dels-coffee-los-angeles"",""slug"":null,""isComplete"":false,""completenessScore"":44,""qualityScore"":null,""isTest"":null,""auditTag"":null,""business_name"":"""",""address"":""5233 Hollywood Blvd Los Angeles, CA 90027"",""city"":"""",""state"":""CA""}","unchanged","false","status_not_public|incomplete_listing"
"67f73df01d08a04e139a9f70","","remaining","","Reiki","Gym, Fitness Health and Wellness","","","","","","{""status"":""pending"",""approved"":null,""alias"":""-118.2447052"",""slug"":null,""isComplete"":false,""completenessScore"":44,""qualityScore"":null,""isTest"":null,""auditTag"":null,""business_name"":"""",""address"":""Los Angeles, CA 90012"",""city"":"""",""state"":""CA""}","unchanged","false","status_not_public|incomplete_listing"
"67f73df01d08a04e139a9f41","","remaining","","Interior Design","Services","","","","","","{""status"":""pending"",""approved"":null,""alias"":""-118.293251"",""slug"":null,""isComplete"":false,""completenessScore"":33,""qualityScore"":null,""isTest"":null,""auditTag"":null,""business_name"":"""",""address"":""Los Angeles, CA 90005"",""city"":"""",""state"":""CA""}","unchanged","false","status_not_public|incomplete_listing"
"67f73df01d08a04e139a9e8b","","remaining","","Restaurants","Restaurants","","","","","","{""status"":""pending"",""approved"":null,""alias"":""orleans-and-york-deli-los-angeles-3"",""slug"":null,""isComplete"":false,""completenessScore"":44,""qualityScore"":null,""isTest"":null,""auditTag"":null,""business_name"":"""",""address"":""333 S Spring St Los Angeles, CA 90013"",""city"":"""",""state"":""CA""}","unchanged","false","status_not_public|incomplete_listing"
"67f73df01d08a04e139a9f84","","remaining","","Solar Panel Cleaning","Services","","","","","","{""status"":""rejected"",""approved"":false,""alias"":""-118.2436849"",""slug"":null,""isComplete"":false,""completenessScore"":44,""qualityScore"":null,""isTest"":null,""auditTag"":null,""business_name"":"""",""address"":""Los Angeles, CA 90044"",""city"":"""",""state"":""CA""}","unchanged","false","status_not_public|incomplete_listing"
"67f73df01d08a04e139a9e9d","","remaining","","Beauty, Grooming and Personal Care","Beauty, Grooming and Personal Care","","","","","","{""status"":""pending"",""approved"":null,""alias"":null,""slug"":null,""isComplete"":false,""completenessScore"":56,""qualityScore"":null,""isTest"":null,""auditTag"":null,""business_name"":"""",""address"":""818 N. Spring St, Los Angeles, CA 90012"",""city"":"""",""state"":""CA""}","unchanged","false","status_not_public|missing_alias_or_slug|incomplete_listing"
"67f73df01d08a04e139a9eed","","remaining","","Beauty, Grooming and Personal Care","Beauty, Grooming and Personal Care","","","","","","{""status"":""pending"",""approved"":null,""alias"":""the-girl-cave-la-beauty-supply-los-angeles"",""slug"":null,""isComplete"":false,""completenessScore"":56,""qualityScore"":null,""isTest"":null,""auditTag"":null,""business_name"":"""",""address"":""1855 W Manchester Ave Ste 103 Los Angeles, CA 90047"",""city"":"""",""state"":""CA""}","unchanged","false","status_not_public|incomplete_listing"
"67f73df01d08a04e139a9ecc","","remaining","","Shopping","Shopping","","","","","","{""status"":""pending"",""approved"":null,""alias"":null,""slug"":null,""isComplete"":false,""completenessScore"":22,""qualityScore"":null,""isTest"":null,""auditTag"":null,""business_name"":"""",""address"":"""",""city"":"""",""state"":""""}","unchanged","false","status_not_public|missing_alias_or_slug|incomplete_listing"
"67f73df01d08a04e139a9eb9","","remaining","","Restaurants","Restaurants","","","","","","{""status"":""pending"",""approved"":null,""alias"":""pasadena-fish-market-pasadena"",""slug"":null,""isComplete"":false,""completenessScore"":44,""qualityScore"":null,""isTest"":null,""auditTag"":null,""business_name"":"""",""address"":""181 E Orange Grove Blvd Pasadena, CA 91103"",""city"":"""",""state"":""CA""}","unchanged","false","status_not_public|incomplete_listing"
"67f73df01d08a04e139a9ec9","","remaining","","Restaurants","Restaurants","","","","","","{""status"":""pending"",""approved"":null,""alias"":""silverback-coffee-of-rwanda-los-angeles-3"",""slug"":null,""isComplete"":false,""completenessScore"":44,""qualityScore"":null,""isTest"":null,""auditTag"":null,""business_name"":"""",""address"":""1712 W Sunset Blvd Los Angeles, CA 90026"",""city"":"""",""state"":""CA""}","unchanged","false","status_not_public|incomplete_listing"
"67f73df01d08a04e139a9ef5","","remaining","","Restaurants","Restaurants","","","","","","{""status"":""pending"",""approved"":null,""alias"":null,""slug"":null,""isComplete"":false,""completenessScore"":22,""qualityScore"":null,""isTest"":null,""auditTag"":null,""business_name"":"""",""address"":"""",""city"":"""",""state"":""""}","unchanged","false","status_not_public|missing_alias_or_slug|incomplete_listing"
"681d1df4fd9719ad7b26dfd7","44th & 3rd Bookseller","remaining","","Bookstore","Bookstores and Educational","","","","","","{""status"":""approved"",""approved"":null,""alias"":""44th-and-3rd-bookseller"",""slug"":null,""isComplete"":false,""completenessScore"":44,""qualityScore"":null,""isTest"":null,""auditTag"":null,""business_name"":""44th & 3rd Bookseller"",""address"":"""",""city"":"""",""state"":""""}","unchanged","false","incomplete_listing"
"67f73df01d08a04e139a9ef8","","remaining","","Nightlife","Nightlife","","","","","","{""status"":""pending"",""approved"":null,""alias"":""nest-los-angeles-3"",""slug"":null,""isComplete"":false,""completenessScore"":56,""qualityScore"":null,""isTest"":null,""auditTag"":null,""business_name"":"""",""address"":""900 W Olympic Blvd Los Angeles, CA 90015"",""city"":"""",""state"":""CA""}","unchanged","false","status_not_public|incomplete_listing"
"681809358b15219409390dfa","","remaining","","","","","","","","","{""status"":""active"",""approved"":true,""alias"":null,""slug"":null,""isComplete"":false,""completenessScore"":0,""qualityScore"":null,""isTest"":null,""auditTag"":null,""business_name"":"""",""address"":"""",""city"":"""",""state"":""""}","unchanged","false","missing_alias_or_slug|incomplete_listing"
"681d1df4fd9719ad7b26dfb4","Partake Foods","remaining","","Snacks, Allergy-Friendly","Food and Beverage","","","","","","{""status"":""approved"",""approved"":null,""alias"":""partake-foods"",""slug"":null,""isComplete"":false,""completenessScore"":44,""qualityScore"":null,""isTest"":null,""auditTag"":null,""business_name"":""Partake Foods"",""address"":"""",""city"":"""",""state"":""""}","unchanged","false","incomplete_listing"
"681d1df4fd9719ad7b26dfa4","Flora & Noor","remaining","","Skin Care, Subscription Service","Beauty, Grooming and Personal Care","","","","","","{""status"":""approved"",""approved"":null,""alias"":""flora-and-noor"",""slug"":null,""isComplete"":false,""completenessScore"":44,""qualityScore"":null,""isTest"":null,""auditTag"":null,""business_name"":""Flora & Noor"",""address"":"""",""city"":"""",""state"":""""}","unchanged","false","incomplete_listing"
"681d1df4fd9719ad7b26dfd6","The Rooted Baby Co.","remaining","","Baby Products","Baby and Kids","","","","","","{""status"":""approved"",""approved"":null,""alias"":""the-rooted-baby-co"",""slug"":null,""isComplete"":false,""completenessScore"":44,""qualityScore"":null,""isTest"":null,""auditTag"":null,""business_name"":""The Rooted Baby Co."",""address"":"""",""city"":"""",""state"":""""}","unchanged","false","incomplete_listing"
"67f73df01d08a04e139a9f85","","remaining","","Travel Services","Services","","","","","","{""status"":""rejected"",""approved"":false,""alias"":""-118.2874832"",""slug"":null,""isComplete"":false,""completenessScore"":44,""qualityScore"":null,""isTest"":null,""auditTag"":null,""business_name"":"""",""address"":""Los Angeles, CA 90037"",""city"":"""",""state"":""CA""}","unchanged","false","status_not_public|incomplete_listing"
"67f73df01d08a04e139a9f93","","remaining","","Trainers","Gym, Fitness Health and Wellness","","","","","","{""status"":""rejected"",""approved"":false,""alias"":""-118.3403506"",""slug"":null,""isComplete"":false,""completenessScore"":44,""qualityScore"":null,""isTest"":null,""auditTag"":null,""business_name"":"""",""address"":""Los Angeles, CA 90001"",""city"":"""",""state"":""CA""}","unchanged","false","status_not_public|incomplete_listing"
"6817c42eda9fa1a83c240f5f","","remaining","","","","","","","","","{""status"":""active"",""approved"":true,""alias"":null,""slug"":null,""isComplete"":false,""completenessScore"":0,""qualityScore"":null,""isTest"":null,""auditTag"":null,""business_name"":"""",""address"":"""",""city"":"""",""state"":""""}","unchanged","false","missing_alias_or_slug|incomplete_listing"
"681d1df4fd9719ad7b26dfb3","Matriarch Coffee","remaining","","Coffee","Food and Beverage","","","","","","{""status"":""approved"",""approved"":null,""alias"":""matriarch-coffee"",""slug"":null,""isComplete"":false,""completenessScore"":44,""qualityScore"":null,""isTest"":null,""auditTag"":null,""business_name"":""Matriarch Coffee"",""address"":"""",""city"":"""",""state"":""""}","unchanged","false","incomplete_listing"
"681d1df4fd9719ad7b26dfc3","54kibo","remaining","","Home Decor, Artisan Goods","Home and Kitchen","","","","","","{""status"":""approved"",""approved"":null,""alias"":""54kibo"",""slug"":null,""isComplete"":false,""completenessScore"":44,""qualityScore"":null,""isTest"":null,""auditTag"":null,""business_name"":""54kibo"",""address"":"""",""city"":"""",""state"":""""}","unchanged","false","incomplete_listing"
"681d1df4fd9719ad7b26dfc7","Goodee","remaining","","Home Decor, Retail","Home and Kitchen","","","","","","{""status"":""approved"",""approved"":null,""alias"":""goodee"",""slug"":null,""isComplete"":false,""completenessScore"":44,""qualityScore"":null,""isTest"":null,""auditTag"":null,""business_name"":""Goodee"",""address"":"""",""city"":"""",""state"":""""}","unchanged","false","incomplete_listing"
"681d1df4fd9719ad7b26dfcc","CurlyKids Hair Care","remaining","","Hair Care, Kids","Baby and Kids","","","","","","{""status"":""approved"",""approved"":null,""alias"":""curlykids-hair-care"",""slug"":null,""isComplete"":false,""completenessScore"":44,""qualityScore"":null,""isTest"":null,""auditTag"":null,""business_name"":""CurlyKids Hair Care"",""address"":"""",""city"":"""",""state"":""""}","unchanged","false","incomplete_listing"
"681d1df4fd9719ad7b26dfc8","Johanna Howard Home","remaining","","Home Decor, Textiles","Home and Kitchen","","","","","","{""status"":""approved"",""approved"":null,""alias"":""johanna-howard-home"",""slug"":null,""isComplete"":false,""completenessScore"":44,""qualityScore"":null,""isTest"":null,""auditTag"":null,""business_name"":""Johanna Howard Home"",""address"":"""",""city"":"""",""state"":""""}","unchanged","false","incomplete_listing"
"681d1df4fd9719ad7b26dfa5","Pattern Beauty","remaining","","Hair Care, Education","Beauty, Grooming and Personal Care","","","","","","{""status"":""approved"",""approved"":null,""alias"":""pattern-beauty"",""slug"":null,""isComplete"":false,""completenessScore"":44,""qualityScore"":null,""isTest"":null,""auditTag"":null,""business_name"":""Pattern Beauty"",""address"":"""",""city"":"""",""state"":""""}","unchanged","false","incomplete_listing"
"681d1df4fd9719ad7b26dfba","Sipwell Wine Co.","remaining","","Wine","Food and Beverage","","","","","","{""status"":""approved"",""approved"":null,""alias"":""sipwell-wine-co"",""slug"":null,""isComplete"":false,""completenessScore"":44,""qualityScore"":null,""isTest"":null,""auditTag"":null,""business_name"":""Sipwell Wine Co."",""address"":"""",""city"":"""",""state"":""""}","unchanged","false","incomplete_listing"
"681d1df4fd9719ad7b26dfad","Vie Lorie","remaining","","Luxury Goods, Handbags","Clothing and Accessories","","","","","","{""status"":""approved"",""approved"":null,""alias"":""vie-lorie"",""slug"":null,""isComplete"":false,""completenessScore"":44,""qualityScore"":null,""isTest"":null,""auditTag"":null,""business_name"":""Vie Lorie"",""address"":"""",""city"":"""",""state"":""""}","unchanged","false","incomplete_listing"
"681d1df4fd9719ad7b26dfae","Vontélle","remaining","","Eyewear, Accessories","Clothing and Accessories","","","","","","{""status"":""approved"",""approved"":null,""alias"":""vontelle"",""slug"":null,""isComplete"":false,""completenessScore"":44,""qualityScore"":null,""isTest"":null,""auditTag"":null,""business_name"":""Vontélle"",""address"":"""",""city"":"""",""state"":""""}","unchanged","false","incomplete_listing"
"681d1df4fd9719ad7b26dfca","Loam Candles","remaining","","Candles, Home Fragrance","Home and Kitchen","","","","","","{""status"":""approved"",""approved"":null,""alias"":""loam-candles"",""slug"":null,""isComplete"":false,""completenessScore"":44,""qualityScore"":null,""isTest"":null,""auditTag"":null,""business_name"":""Loam Candles"",""address"":"""",""city"":"""",""state"":""""}","unchanged","false","incomplete_listing"
"67f73df01d08a04e139a9f88","","remaining","","Caterers","Restaurants","","","","","","{""status"":""rejected"",""approved"":false,""alias"":""-118.356127"",""slug"":null,""isComplete"":false,""completenessScore"":44,""qualityScore"":null,""isTest"":null,""auditTag"":null,""business_name"":"""",""address"":""3717 S La Brea Ave Ste 325 Los Angeles, CA 90016"",""city"":"""",""state"":""CA""}","unchanged","false","status_not_public|incomplete_listing"
"681d1df4fd9719ad7b26dfde","Mahogany Books","remaining","","Bookstore","Bookstores and Educational","","","","","","{""status"":""approved"",""approved"":null,""alias"":""mahogany-books"",""slug"":null,""isComplete"":false,""completenessScore"":44,""qualityScore"":null,""isTest"":null,""auditTag"":null,""business_name"":""Mahogany Books"",""address"":"""",""city"":"""",""state"":""""}","unchanged","false","incomplete_listing"
"681d1df4fd9719ad7b26dfc1","Zach & Zoe Sweet Bee Farm","remaining","","Honey, Farm","Food and Beverage","","","","","","{""status"":""approved"",""approved"":null,""alias"":""zach-and-zoe-sweet-bee-farm"",""slug"":null,""isComplete"":false,""completenessScore"":44,""qualityScore"":null,""isTest"":null,""auditTag"":null,""business_name"":""Zach & Zoe Sweet Bee Farm"",""address"":"""",""city"":"""",""state"":""""}","unchanged","false","incomplete_listing"
"681d1df4fd9719ad7b26dfb0","Powerhandz","remaining","","Sports Equipment","Clothing and Accessories","","","","","","{""status"":""approved"",""approved"":null,""alias"":""powerhandz"",""slug"":null,""isComplete"":false,""completenessScore"":44,""qualityScore"":null,""isTest"":null,""auditTag"":null,""business_name"":""Powerhandz"",""address"":"""",""city"":"""",""state"":""""}","unchanged","false","incomplete_listing"
"681d1df4fd9719ad7b26dfdc","Brave + Kind Bookshop","remaining","","Bookstore, Children’s","Bookstores and Educational","","","","","","{""status"":""approved"",""approved"":null,""alias"":""brave-plus-kind-bookshop"",""slug"":null,""isComplete"":false,""completenessScore"":44,""qualityScore"":null,""isTest"":null,""auditTag"":null,""business_name"":""Brave + Kind Bookshop"",""address"":"""",""city"":"""",""state"":""""}","unchanged","false","incomplete_listing"
"67f73dec1d08a04e139a9ac4","a beautiful california florist","remaining","","Shopping","Shopping","","","","","","{""status"":""pending"",""approved"":null,""alias"":null,""slug"":null,""isComplete"":true,""completenessScore"":78,""qualityScore"":null,""isTest"":null,""auditTag"":null,""business_name"":""a beautiful california florist"",""address"":""455 Atlantic Ave Long Beach, CA 90802"",""city"":"""",""state"":""CA""}","unchanged","false","status_not_public|missing_alias_or_slug"
"67f73dec1d08a04e139a9b80","jaliz east african cuisine","remaining","","Restaurants","Restaurants","","","","","","{""status"":""pending"",""approved"":null,""alias"":null,""slug"":null,""isComplete"":false,""completenessScore"":67,""qualityScore"":null,""isTest"":null,""auditTag"":null,""business_name"":""jaliz east african cuisine"",""address"":""14747 Kittridge St Van Nuys, CA 91405"",""city"":"""",""state"":""CA""}","unchanged","false","status_not_public|missing_alias_or_slug|incomplete_listing"
"67f73dec1d08a04e139a9b04","bridgid coulter","remaining","","Services","Services","","","","","","{""status"":""pending"",""approved"":null,""alias"":null,""slug"":null,""isComplete"":true,""completenessScore"":78,""qualityScore"":null,""isTest"":null,""auditTag"":null,""business_name"":""bridgid coulter"",""address"":""1112 Montana Ave #432, Santa Monica, CA 90403"",""city"":"""",""state"":""CA""}","unchanged","false","status_not_public|missing_alias_or_slug"
"67f73dec1d08a04e139a9b7f","house of aama","remaining","","Shopping","Shopping","","","","","","{""status"":""pending"",""approved"":null,""alias"":null,""slug"":null,""isComplete"":false,""completenessScore"":67,""qualityScore"":null,""isTest"":null,""auditTag"":null,""business_name"":""house of aama"",""address"":""6607 Cimarron St Los Angeles, CA 90047"",""city"":"""",""state"":""CA""}","unchanged","false","status_not_public|missing_alias_or_slug|incomplete_listing"
"67f73dec1d08a04e139a9b88","junglegurl","remaining","","Shopping","Shopping","","","","","","{""status"":""pending"",""approved"":null,""alias"":null,""slug"":null,""isComplete"":false,""completenessScore"":67,""qualityScore"":null,""isTest"":null,""auditTag"":null,""business_name"":""junglegurl"",""address"":""1030 Sanborn Ave Los Angeles, CA 90029"",""city"":"""",""state"":""CA""}","unchanged","false","status_not_public|missing_alias_or_slug|incomplete_listing"
"67f73dec1d08a04e139a9ace","alem digital marketing","remaining","","Services","Services","","","","","","{""status"":""pending"",""approved"":null,""alias"":null,""slug"":null,""isComplete"":false,""completenessScore"":67,""qualityScore"":null,""isTest"":null,""auditTag"":null,""business_name"":""alem digital marketing"",""address"":""2219 Main St #224, Santa Monica, CA 90405"",""city"":"""",""state"":""CA""}","unchanged","false","status_not_public|missing_alias_or_slug|incomplete_listing"
"67f73dec1d08a04e139a9b5c","fresh and meaty burgers","remaining","","Restaurants","Restaurants","","","","","","{""status"":""pending"",""approved"":null,""alias"":null,""slug"":null,""isComplete"":true,""completenessScore"":78,""qualityScore"":null,""isTest"":null,""auditTag"":null,""business_name"":""fresh and meaty burgers"",""address"":""3016 W Florence Ave Los Angeles, CA 90043"",""city"":"""",""state"":""CA""}","unchanged","false","status_not_public|missing_alias_or_slug"
"67f73dec1d08a04e139a9b9b","king kone ice cream","remaining","","Restaurants","Restaurants","","","","","","{""status"":""pending"",""approved"":null,""alias"":null,""slug"":null,""isComplete"":true,""completenessScore"":78,""qualityScore"":null,""isTest"":null,""auditTag"":null,""business_name"":""king kone ice cream"",""address"":""Los Angeles, CA 90048"",""city"":"""",""state"":""CA""}","unchanged","false","status_not_public|missing_alias_or_slug"
"67f73dec1d08a04e139a9b9d","kimberleigh aarn (ceramics)","remaining","","Gym, Fitness Health and Wellness","Gym, Fitness Health and Wellness","","","","","","{""status"":""pending"",""approved"":null,""alias"":null,""slug"":null,""isComplete"":false,""completenessScore"":67,""qualityScore"":null,""isTest"":null,""auditTag"":null,""business_name"":""kimberleigh aarn (ceramics)"",""address"":""11218 La Maida St North Hollywood, CA 91601"",""city"":"""",""state"":""CA""}","unchanged","false","status_not_public|missing_alias_or_slug|incomplete_listing"
"67f73dec1d08a04e139a9ba2","lace by tanaya","remaining","","Shopping","Shopping","","","","","","{""status"":""pending"",""approved"":null,""alias"":null,""slug"":null,""isComplete"":false,""completenessScore"":67,""qualityScore"":null,""isTest"":null,""auditTag"":null,""business_name"":""lace by tanaya"",""address"":""7952 West 3rd Street, Los Angeles, California 90048"",""city"":"""",""state"":""CALIFORNIA""}","unchanged","false","status_not_public|missing_alias_or_slug|incomplete_listing"
"681d1df4fd9719ad7b26dfb5","Luv’s Brownies","remaining","","Bakery, Desserts","Food and Beverage","","","","","","{""status"":""approved"",""approved"":null,""alias"":""luvs-brownies"",""slug"":null,""isComplete"":false,""completenessScore"":44,""qualityScore"":null,""isTest"":null,""auditTag"":null,""business_name"":""Luv’s Brownies"",""address"":"""",""city"":"""",""state"":""""}","unchanged","false","incomplete_listing"
"681d1df4fd9719ad7b26dfb6","Absolutely Everything Curly","remaining","","Hair Care, Education","Beauty, Grooming and Personal Care","","","","","","{""status"":""approved"",""approved"":null,""alias"":""absolutely-everything-curly"",""slug"":null,""isComplete"":false,""completenessScore"":44,""qualityScore"":null,""isTest"":null,""auditTag"":null,""business_name"":""Absolutely Everything Curly"",""address"":"""",""city"":"""",""state"":""""}","unchanged","false","incomplete_listing"
"681d1df4fd9719ad7b26dfcd","HarperIman","remaining","","Toys, Dolls","Baby and Kids","","","","","","{""status"":""approved"",""approved"":null,""alias"":""harperiman"",""slug"":null,""isComplete"":false,""completenessScore"":44,""qualityScore"":null,""isTest"":null,""auditTag"":null,""business_name"":""HarperIman"",""address"":"""",""city"":"""",""state"":""""}","unchanged","false","incomplete_listing"
"681d1df4fd9719ad7b26dfd8","Black Garnet Books","remaining","","Bookstore","Bookstores and Educational","","","","","","{""status"":""approved"",""approved"":null,""alias"":""black-garnet-books"",""slug"":null,""isComplete"":false,""completenessScore"":44,""qualityScore"":null,""isTest"":null,""auditTag"":null,""business_name"":""Black Garnet Books"",""address"":"""",""city"":"""",""state"":""""}","unchanged","false","incomplete_listing"
"681d1df4fd9719ad7b26dfd2","Puzzle Huddle","remaining","","Toys, Kids","Baby and Kids","","","","","","{""status"":""approved"",""approved"":null,""alias"":""puzzle-huddle"",""slug"":null,""isComplete"":false,""completenessScore"":44,""qualityScore"":null,""isTest"":null,""auditTag"":null,""business_name"":""Puzzle Huddle"",""address"":"""",""city"":"""",""state"":""""}","unchanged","false","incomplete_listing"
"681d1df4fd9719ad7b26dfbc","Alodia Hair Care","remaining","","Hair Care, Natural Products","Beauty, Grooming and Personal Care","","","","","","{""status"":""approved"",""approved"":null,""alias"":""alodia-hair-care"",""slug"":null,""isComplete"":false,""completenessScore"":44,""qualityScore"":null,""isTest"":null,""auditTag"":null,""business_name"":""Alodia Hair Care"",""address"":"""",""city"":"""",""state"":""""}","unchanged","false","incomplete_listing"
"681d1df4fd9719ad7b26dfdd","Uncle Bobbie’s Coffee and Books","remaining","","Bookstore, Cafe","Bookstores and Educational","","","","","","{""status"":""approved"",""approved"":null,""alias"":""uncle-bobbies-coffee-and-books"",""slug"":null,""isComplete"":false,""completenessScore"":44,""qualityScore"":null,""isTest"":null,""auditTag"":null,""business_name"":""Uncle Bobbie’s Coffee and Books"",""address"":"""",""city"":"""",""state"":""""}","unchanged","false","incomplete_listing"
"681d1df4fd9719ad7b26dfa7","Eve Milan New York","remaining","","Skin Care","Beauty, Grooming and Personal Care","","","","","","{""status"":""approved"",""approved"":null,""alias"":""eve-milan-new-york"",""slug"":null,""isComplete"":false,""completenessScore"":44,""qualityScore"":null,""isTest"":null,""auditTag"":null,""business_name"":""Eve Milan New York"",""address"":"""",""city"":"""",""state"":""""}","unchanged","false","incomplete_listing"
"681d1df4fd9719ad7b26dfd5","Black Classic Press","remaining","","Publishing","Bookstores and Educational","","","","","","{""status"":""approved"",""approved"":null,""alias"":""black-classic-press"",""slug"":null,""isComplete"":false,""completenessScore"":44,""qualityScore"":null,""isTest"":null,""auditTag"":null,""business_name"":""Black Classic Press"",""address"":"""",""city"":"""",""state"":""""}","unchanged","false","incomplete_listing"
"681d1df4fd9719ad7b26dfaf","We Dream in Colour","remaining","","Jewelry, Sustainable","Clothing and Accessories","","","","","","{""status"":""approved"",""approved"":null,""alias"":""we-dream-in-colour"",""slug"":null,""isComplete"":false,""completenessScore"":44,""qualityScore"":null,""isTest"":null,""auditTag"":null,""business_name"":""We Dream in Colour"",""address"":"""",""city"":"""",""state"":""""}","unchanged","false","incomplete_listing"
"681d1df4fd9719ad7b26dfb9","Melanin Haircare","remaining","","Hair Care, Accessories","Beauty, Grooming and Personal Care","","","","","","{""status"":""approved"",""approved"":null,""alias"":""melanin-haircare"",""slug"":null,""isComplete"":false,""completenessScore"":44,""qualityScore"":null,""isTest"":null,""auditTag"":null,""business_name"":""Melanin Haircare"",""address"":"""",""city"":"""",""state"":""""}","unchanged","false","incomplete_listing"
"681d1df4fd9719ad7b26dfdf","Semicolon Bookstore","remaining","","Bookstore, Community","Bookstores and Educational","","","","","","{""status"":""approved"",""approved"":null,""alias"":""semicolon-bookstore"",""slug"":null,""isComplete"":false,""completenessScore"":44,""qualityScore"":null,""isTest"":null,""auditTag"":null,""business_name"":""Semicolon Bookstore"",""address"":"""",""city"":"""",""state"":""""}","unchanged","false","incomplete_listing"
"681d1df4fd9719ad7b26dfc0","The McBride Sisters Wine Company","remaining","","Wine","Food and Beverage","","","","","","{""status"":""approved"",""approved"":null,""alias"":""the-mcbride-sisters-wine-company"",""slug"":null,""isComplete"":false,""completenessScore"":44,""qualityScore"":null,""isTest"":null,""auditTag"":null,""business_name"":""The McBride Sisters Wine Company"",""address"":"""",""city"":"""",""state"":""""}","unchanged","false","incomplete_listing"
"681d1df4fd9719ad7b26dfd4","TinkyPoo","remaining","","Baby Products","Baby and Kids","","","","","","{""status"":""approved"",""approved"":null,""alias"":""tinkypoo"",""slug"":null,""isComplete"":false,""completenessScore"":44,""qualityScore"":null,""isTest"":null,""auditTag"":null,""business_name"":""TinkyPoo"",""address"":"""",""city"":"""",""state"":""""}","unchanged","false","incomplete_listing"
"681d1df4fd9719ad7b26dfd0","Little Muffincakes","remaining","","Clothing, Kids","Baby and Kids","","","","","","{""status"":""approved"",""approved"":null,""alias"":""little-muffincakes"",""slug"":null,""isComplete"":false,""completenessScore"":44,""qualityScore"":null,""isTest"":null,""auditTag"":null,""business_name"":""Little Muffincakes"",""address"":"""",""city"":"""",""state"":""""}","unchanged","false","incomplete_listing"
"681d1df4fd9719ad7b26dfd1","Milky Mama","remaining","","Nutrition, Kids","Baby and Kids","","","","","","{""status"":""approved"",""approved"":null,""alias"":""milky-mama"",""slug"":null,""isComplete"":false,""completenessScore"":44,""qualityScore"":null,""isTest"":null,""auditTag"":null,""business_name"":""Milky Mama"",""address"":"""",""city"":"""",""state"":""""}","unchanged","false","incomplete_listing"
"681d1df4fd9719ad7b26dfcf","Loving Me Books","remaining","","Books, Educational","Baby and Kids","","","","","","{""status"":""approved"",""approved"":null,""alias"":""loving-me-books"",""slug"":null,""isComplete"":false,""completenessScore"":44,""qualityScore"":null,""isTest"":null,""auditTag"":null,""business_name"":""Loving Me Books"",""address"":"""",""city"":"""",""state"":""""}","unchanged","false","incomplete_listing"
"681d1df4fd9719ad7b26dfbf","The Irie Cup","remaining","","Tea","Food and Beverage","","","","","","{""status"":""approved"",""approved"":null,""alias"":""the-irie-cup"",""slug"":null,""isComplete"":false,""completenessScore"":44,""qualityScore"":null,""isTest"":null,""auditTag"":null,""business_name"":""The Irie Cup"",""address"":"""",""city"":"""",""state"":""""}","unchanged","false","incomplete_listing"
"681d1df4fd9719ad7b26dfa3","Here We Flo","remaining","","Menstrual Products, Wellness","Beauty, Grooming and Personal Care","","","","","","{""status"":""approved"",""approved"":null,""alias"":""here-we-flo"",""slug"":null,""isComplete"":false,""completenessScore"":44,""qualityScore"":null,""isTest"":null,""auditTag"":null,""business_name"":""Here We Flo"",""address"":"""",""city"":"""",""state"":""""}","unchanged","false","incomplete_listing"
"681d1df4fd9719ad7b26dfc9","Jungalow","remaining","","Home Decor","Home and Kitchen","","","","","","{""status"":""approved"",""approved"":null,""alias"":""jungalow"",""slug"":null,""isComplete"":false,""completenessScore"":44,""qualityScore"":null,""isTest"":null,""auditTag"":null,""business_name"":""Jungalow"",""address"":"""",""city"":"""",""state"":""""}","unchanged","false","incomplete_listing"
"681d1df4fd9719ad7b26dfd9","The Key Bookstore","remaining","","Online Bookstore, Podcast","Bookstores and Educational","","","","","","{""status"":""approved"",""approved"":null,""alias"":""the-key-bookstore"",""slug"":null,""isComplete"":false,""completenessScore"":44,""qualityScore"":null,""isTest"":null,""auditTag"":null,""business_name"":""The Key Bookstore"",""address"":"""",""city"":"""",""state"":""""}","unchanged","false","incomplete_listing"
"681d1df4fd9719ad7b26dfbe","Fitness Snob","remaining","","Apparel, Fitness","Clothing and Accessories","","","","","","{""status"":""approved"",""approved"":null,""alias"":""fitness-snob"",""slug"":null,""isComplete"":false,""completenessScore"":44,""qualityScore"":null,""isTest"":null,""auditTag"":null,""business_name"":""Fitness Snob"",""address"":"""",""city"":"""",""state"":""""}","unchanged","false","incomplete_listing"
"6843794b5c931273e196b583","Pinky Cole Foundation","remaining","","Community, Food, Nonprofit","Food & Dining","","","","","","{""status"":""approved"",""approved"":null,""alias"":""pinky-cole-foundation-atlanta"",""slug"":null,""isComplete"":false,""completenessScore"":67,""qualityScore"":null,""isTest"":null,""auditTag"":null,""business_name"":""Pinky Cole Foundation"",""address"":""1542 Ralph David Abernathy Blvd SW, Atlanta, GA 30310"",""city"":"""",""state"":""GA""}","unchanged","false","incomplete_listing"
"68451075f4bbe63969630305","Busy Bee Cafe","remaining","","Soul Food, Restaurant","Food & Dining","","","","","","{""status"":""duplicate_pending_review"",""approved"":null,""alias"":null,""slug"":null,""isComplete"":true,""completenessScore"":78,""qualityScore"":null,""isTest"":null,""auditTag"":null,""business_name"":""Busy Bee Cafe"",""address"":""810 Martin Luther King Jr Dr SW, Atlanta, GA 30314"",""city"":"""",""state"":""GA""}","unchanged","false","status_not_public|missing_alias_or_slug"
"68451075f4bbe6396963030b","The Green Room Agency","remaining","","Home Staging, Interior Design","Home & Furniture","","","","","","{""status"":""duplicate_pending_review"",""approved"":null,""alias"":null,""slug"":null,""isComplete"":true,""completenessScore"":78,""qualityScore"":null,""isTest"":null,""auditTag"":null,""business_name"":""The Green Room Agency"",""address"":""675 Metropolitan Pkwy SW #5054, Atlanta, GA 30310"",""city"":"""",""state"":""GA""}","unchanged","false","status_not_public|missing_alias_or_slug"
"68451075f4bbe63969630307","Sublime Donuts","remaining","","Bakery, Donuts, Cafe","Food & Dining","","","","","","{""status"":""duplicate_pending_review"",""approved"":null,""alias"":null,""slug"":null,""isComplete"":true,""completenessScore"":78,""qualityScore"":null,""isTest"":null,""auditTag"":null,""business_name"":""Sublime Donuts"",""address"":""535 10th St NW, Atlanta, GA 30318"",""city"":"""",""state"":""GA""}","unchanged","false","status_not_public|missing_alias_or_slug"
"68451075f4bbe63969630303","Paschal's Restaurant","remaining","","Southern, Soul Food","Food & Dining","","","","","","{""status"":""duplicate_pending_review"",""approved"":null,""alias"":null,""slug"":null,""isComplete"":true,""completenessScore"":78,""qualityScore"":null,""isTest"":null,""auditTag"":null,""business_name"":""Paschal's Restaurant"",""address"":""180 Northside Dr SW, Atlanta, GA 30313"",""city"":"""",""state"":""GA""}","unchanged","false","status_not_public|missing_alias_or_slug"
"68451075f4bbe63969630310","Moksha Yoga Atlanta","remaining","","Yoga Studio, Wellness","Health & Wellness","","","","","","{""status"":""duplicate_pending_review"",""approved"":null,""alias"":null,""slug"":null,""isComplete"":true,""completenessScore"":78,""qualityScore"":null,""isTest"":null,""auditTag"":null,""business_name"":""Moksha Yoga Atlanta"",""address"":""1085 Ponce De Leon Ave NE, Atlanta, GA 30306"",""city"":"""",""state"":""GA""}","unchanged","false","status_not_public|missing_alias_or_slug"
"68451075f4bbe63969630314","Pinky Cole Foundation","remaining","","Community, Food, Nonprofit","Food & Dining","","","","","","{""status"":""duplicate_pending_review"",""approved"":null,""alias"":null,""slug"":null,""isComplete"":false,""completenessScore"":67,""qualityScore"":null,""isTest"":null,""auditTag"":null,""business_name"":""Pinky Cole Foundation"",""address"":""1542 Ralph David Abernathy Blvd SW, Atlanta, GA 30310"",""city"":"""",""state"":""GA""}","unchanged","false","status_not_public|missing_alias_or_slug|incomplete_listing"
"68451075f4bbe63969630304","The Biz Boutique ATL","remaining","","Clothing, Accessories","Apparel & Footwear","","","","","","{""status"":""duplicate_pending_review"",""approved"":null,""alias"":null,""slug"":null,""isComplete"":true,""completenessScore"":78,""qualityScore"":null,""isTest"":null,""auditTag"":null,""business_name"":""The Biz Boutique ATL"",""address"":""321 Edgewood Ave SE, Atlanta, GA 30312"",""city"":"""",""state"":""GA""}","unchanged","false","status_not_public|missing_alias_or_slug"
"68451075f4bbe63969630308","Peace By Piece ATL","remaining","","Home Decor, Gifts","Home & Furniture","","","","","","{""status"":""duplicate_pending_review"",""approved"":null,""alias"":null,""slug"":null,""isComplete"":true,""completenessScore"":78,""qualityScore"":null,""isTest"":null,""auditTag"":null,""business_name"":""Peace By Piece ATL"",""address"":""1050 Ralph David Abernathy Blvd SW, Atlanta, GA 30310"",""city"":"""",""state"":""GA""}","unchanged","false","status_not_public|missing_alias_or_slug"
"68451075f4bbe6396963030c","HealHaus ATL","remaining","","Health, Wellness, Yoga, Therapy","Health & Wellness","","","","","","{""status"":""duplicate_pending_review"",""approved"":null,""alias"":null,""slug"":null,""isComplete"":true,""completenessScore"":78,""qualityScore"":null,""isTest"":null,""auditTag"":null,""business_name"":""HealHaus ATL"",""address"":""774 Virginia Ave NE, Atlanta, GA 30306"",""city"":"""",""state"":""GA""}","unchanged","false","status_not_public|missing_alias_or_slug"
"68451075f4bbe6396963030e","Tru REST Float Spa","remaining","","Spa, Wellness, Float Therapy","Health & Wellness","","","","","","{""status"":""duplicate_pending_review"",""approved"":null,""alias"":null,""slug"":null,""isComplete"":true,""completenessScore"":78,""qualityScore"":null,""isTest"":null,""auditTag"":null,""business_name"":""Tru REST Float Spa"",""address"":""10800 Alpharetta Hwy, Roswell, GA 30076"",""city"":"""",""state"":""GA""}","unchanged","false","status_not_public|missing_alias_or_slug"
"68451075f4bbe6396963031b","Walter's Clothing","remaining","","Clothing, Shoes, Streetwear","Apparel & Footwear","","","","","","{""status"":""duplicate_pending_review"",""approved"":null,""alias"":null,""slug"":null,""isComplete"":true,""completenessScore"":78,""qualityScore"":null,""isTest"":null,""auditTag"":null,""business_name"":""Walter's Clothing"",""address"":""66 Decatur St SE, Atlanta, GA 30303"",""city"":"""",""state"":""GA""}","unchanged","false","status_not_public|missing_alias_or_slug"
"6973c51aceb95874c814e390","","remaining","","","","","","","","","{""status"":""active"",""approved"":true,""alias"":null,""slug"":null,""isComplete"":false,""completenessScore"":0,""qualityScore"":null,""isTest"":null,""auditTag"":null,""business_name"":"""",""address"":"""",""city"":"""",""state"":""""}","unchanged","false","missing_alias_or_slug|incomplete_listing"
"698ff52ae8467526b29ede85","Gentlemen’s Quarters","remaining","Barber Shop","Barbershop","Grooming","","","","","","{""status"":""approved"",""approved"":null,""alias"":""gentlemen-s-quarters-wv-charleston"",""slug"":null,""isComplete"":false,""completenessScore"":67,""qualityScore"":null,""isTest"":null,""auditTag"":null,""business_name"":""Gentlemen’s Quarters"",""address"":""1014 Quarrier St, Charleston, WV 25301"",""city"":""Charleston"",""state"":""WV""}","unchanged","false","incomplete_listing"
"698ff52ae8467526b29ede86","Fade-N-Up","remaining","Barber Shop","Barbershop","Grooming","","","","","","{""status"":""approved"",""approved"":null,""alias"":""fade-n-up-wy-laramie"",""slug"":null,""isComplete"":false,""completenessScore"":67,""qualityScore"":null,""isTest"":null,""auditTag"":null,""business_name"":""Fade-N-Up"",""address"":""403 S 2nd St, Laramie, WY 82070"",""city"":""Laramie"",""state"":""WY""}","unchanged","false","incomplete_listing"
"698ff52ae8467526b29ede87","Quality Barbershop","remaining","Barber Shop","Barbershop","","Beauty, Grooming and Personal Care","category","Barber Shop","direct:barber shop","high","{""status"":""approved"",""approved"":null,""alias"":""quality-barbershop-wa-seattle"",""slug"":null,""isComplete"":false,""completenessScore"":67,""qualityScore"":null,""isTest"":null,""auditTag"":null,""business_name"":""Quality Barbershop"",""address"":""1804 E Yesler Way, Seattle, WA 98122"",""city"":""Seattle"",""state"":""WA""}","unchanged","false","incomplete_listing"
"698ff52ae8467526b29ede88","Cuts for Men","remaining","Barber Shop","Barbershop","","Beauty, Grooming and Personal Care","category","Barber Shop","direct:barber shop","high","{""status"":""approved"",""approved"":null,""alias"":""cuts-for-men-vt-burlington"",""slug"":null,""isComplete"":false,""completenessScore"":67,""qualityScore"":null,""isTest"":null,""auditTag"":null,""business_name"":""Cuts for Men"",""address"":""116 Archibald St, Burlington, VT 5401.0"",""city"":""Burlington"",""state"":""VT""}","unchanged","false","incomplete_listing"
"698ff8647af60943e08680fa","Kuttz","remaining","","Barbershop","","Beauty, Grooming and Personal Care","categories","Barbershop","direct:barbershop","high","{""status"":""approved"",""approved"":null,""alias"":""kuttz-az-flagstaff"",""slug"":null,""isComplete"":false,""completenessScore"":67,""qualityScore"":null,""isTest"":null,""auditTag"":null,""business_name"":""Kuttz"",""address"":""Flagstaff, AZ 86001"",""city"":""Flagstaff"",""state"":""AZ""}","unchanged","false","incomplete_listing"
"698ff8647af60943e086811b","Elegance & Style Barber Lounge","remaining","","Barbershop","","Beauty, Grooming and Personal Care","categories","Barbershop","direct:barbershop","high","{""status"":""approved"",""approved"":null,""alias"":""elegance-style-barber-lounge-ga-hinesville"",""slug"":null,""isComplete"":false,""completenessScore"":67,""qualityScore"":null,""isTest"":null,""auditTag"":null,""business_name"":""Elegance & Style Barber Lounge"",""address"":""35 W General Screven Way, Hinesville, GA 31313"",""city"":""Hinesville"",""state"":""GA""}","unchanged","false","incomplete_listing"
"698ff8647af60943e086811e","Supreme Cuts","remaining","","Barbershop","","Beauty, Grooming and Personal Care","categories","Barbershop","direct:barbershop","high","{""status"":""approved"",""approved"":null,""alias"":""supreme-cuts-ia-des-moines"",""slug"":null,""isComplete"":false,""completenessScore"":67,""qualityScore"":null,""isTest"":null,""auditTag"":null,""business_name"":""Supreme Cuts"",""address"":""1230 E. 14th St., Unit 1, Des Moines, IA 50316"",""city"":""Des Moines"",""state"":""IA""}","unchanged","false","incomplete_listing"
"698ff8647af60943e086811f","Cut-N-Up","remaining","","Barbershop","","Beauty, Grooming and Personal Care","categories","Barbershop","direct:barbershop","high","{""status"":""approved"",""approved"":null,""alias"":""cut-n-up-id-boise"",""slug"":null,""isComplete"":false,""completenessScore"":67,""qualityScore"":null,""isTest"":null,""auditTag"":null,""business_name"":""Cut-N-Up"",""address"":""6409 W. Ustick Rd., Boise, ID 83704"",""city"":""Boise"",""state"":""ID""}","unchanged","false","incomplete_listing"
"698ff8647af60943e086812a","Royalty Kutz","remaining","","Barbershop","","Beauty, Grooming and Personal Care","categories","Barbershop","direct:barbershop","high","{""status"":""approved"",""approved"":null,""alias"":""royalty-kutz-ks-wichita"",""slug"":null,""isComplete"":false,""completenessScore"":67,""qualityScore"":null,""isTest"":null,""auditTag"":null,""business_name"":""Royalty Kutz"",""address"":""3912 E. 13th St. N, Wichita, KS 67208"",""city"":""Wichita"",""state"":""KS""}","unchanged","false","incomplete_listing"
"698ff8647af60943e0868133","Stop Jockin Barber Shop","remaining","","Barbershop","","Beauty, Grooming and Personal Care","categories","Barbershop","direct:barbershop","high","{""status"":""approved"",""approved"":null,""alias"":""stop-jockin-barber-shop-la-new-orleans"",""slug"":null,""isComplete"":false,""completenessScore"":67,""qualityScore"":null,""isTest"":null,""auditTag"":null,""business_name"":""Stop Jockin Barber Shop"",""address"":""3600 Jumonville St, New Orleans, LA 70122"",""city"":""New Orleans"",""state"":""LA""}","unchanged","false","incomplete_listing"
"698ff8647af60943e086813b","Kings and Queens","remaining","","Barbershop","","Beauty, Grooming and Personal Care","categories","Barbershop","direct:barbershop","high","{""status"":""approved"",""approved"":null,""alias"":""kings-and-queens-me-brunswick"",""slug"":null,""isComplete"":false,""completenessScore"":67,""qualityScore"":null,""isTest"":null,""auditTag"":null,""business_name"":""Kings and Queens"",""address"":""50 Maine Street, Brunswick, ME 4011.0"",""city"":""Brunswick"",""state"":""ME""}","unchanged","false","incomplete_listing"
"698ff8647af60943e086813c","Dre’s","remaining","","Barbershop","","Beauty, Grooming and Personal Care","categories","Barbershop","direct:barbershop","high","{""status"":""approved"",""approved"":null,""alias"":""dre-s-mi-southfield"",""slug"":null,""isComplete"":false,""completenessScore"":67,""qualityScore"":null,""isTest"":null,""auditTag"":null,""business_name"":""Dre’s"",""address"":""25511 Southfield Rd., Southfield, MI 48075"",""city"":""Southfield"",""state"":""MI""}","unchanged","false","incomplete_listing"
"698ff8647af60943e0868151","Lyle Styles and Cuts","remaining","","Barbershop","","Beauty, Grooming and Personal Care","categories","Barbershop","direct:barbershop","high","{""status"":""approved"",""approved"":null,""alias"":""lyle-styles-and-cuts-ne-omaha"",""slug"":null,""isComplete"":false,""completenessScore"":67,""qualityScore"":null,""isTest"":null,""auditTag"":null,""business_name"":""Lyle Styles and Cuts"",""address"":""318 S 72nd St, Omaha, NE 68114"",""city"":""Omaha"",""state"":""NE""}","unchanged","false","incomplete_listing"
"698ff8647af60943e0868159","Masterpiece Barbershop","remaining","","Barbershop","","Beauty, Grooming and Personal Care","categories","Barbershop","direct:barbershop","high","{""status"":""approved"",""approved"":null,""alias"":""masterpiece-barbershop-nv-las-vegas"",""slug"":null,""isComplete"":false,""completenessScore"":67,""qualityScore"":null,""isTest"":null,""auditTag"":null,""business_name"":""Masterpiece Barbershop"",""address"":""1200 W Lake Mead Blvd, Las Vegas, NV 89106"",""city"":""Las Vegas"",""state"":""NV""}","unchanged","false","incomplete_listing"
"698ff8647af60943e086816c","Another Level","remaining","","Barbershop","","Beauty, Grooming and Personal Care","categories","Barbershop","direct:barbershop","high","{""status"":""approved"",""approved"":null,""alias"":""another-level-ut-salt-lake-city"",""slug"":null,""isComplete"":false,""completenessScore"":67,""qualityScore"":null,""isTest"":null,""auditTag"":null,""business_name"":""Another Level"",""address"":""631 W. North Temple, Salt Lake City, UT 84116"",""city"":""Salt Lake City"",""state"":""UT""}","unchanged","false","incomplete_listing"